timestamp,time,mac_address,rssi,tx_power,pos_x,pos_y,pos_z
1788445857202,2026-09-03 16:30:57.202,C3:00:00:63:4D:04,-64,127,2.0,2.0,1.5
1788445857306,2026-09-03 16:30:57.306,C3:00:00:63:4D:04,-82,127,2.0,2.0,1.5
1788445857442,2026-09-03 16:30:57.442,C3:00:00:63:4D:04,-66,127,2.0,2.0,1.5
1788445857471,2026-09-03 16:30:57.471,C3:00:00:63:4D:04,-75,127,2.0,2.0,1.5
1788445857537,2026-09-03 16:30:57.537,C3:00:00:63:4D:04,-69,127,2.0,2.0,1.5
1788445857639,2026-09-03 16:30:57.639,C3:00:00:63:4D:04,-60,127,2.0,2.0,1.5
1788445857705,2026-09-03 16:30:57.705,C3:00:00:63:4D:04,-68,127,2.0,2.0,1.5
1788445857948,2026-09-03 16:30:57.948,C3:00:00:63:4D:04,-61,127,2.0,2.0,1.5
1788445858057,2026-09-03 16:30:58.057,C3:00:00:63:4D:04,-73,127,2.0,2.0,1.5
1788445858157,2026-09-03 16:30:58.157,C3:00:00:63:4D:04,-61,127,2.0,2.0,1.5
1788445858258,2026-09-03 16:30:58.258,C3:00:00:63:4D:04,-61,127,2.0,2.0,1.5
1788445858358,2026-09-03 16:30:58.358,C3:00:00:63:4D:04,-66,127,2.0,2.0,1.5
1788445858463,2026-09-03 16:30:58.463,C3:00:00:63:4D:04,-60,127,2.0,2.0,1.5
1788445858564,2026-09-03 16:30:58.564,C3:00:00:63:4D:04,-60,127,2.0,2.0,1.5
1788445858755,2026-09-03 16:30:58.755,C3:00:00:63:4D:04,-59,127,2.0,2.0,1.5
1788445858798,2026-09-03 16:30:58.798,C3:00:00:63:4D:04,-61,127,2.0,2.0,1.5
1788445858875,2026-09-03 16:30:58.875,C3:00:00:63:4D:04,-67,127,2.0,2.0,1.5
1788445859076,2026-09-03 16:30:59.076,C3:00:00:63:4D:04,-60,127,2.0,2.0,1.5
1788445859166,2026-09-03 16:30:59.166,C3:00:00:63:4D:04,-67,127,2.0,2.0,1.5
1788445859268,2026-09-03 16:30:59.268,C3:00:00:63:4D:04,-60,127,2.0,2.0,1.5
1788445859368,2026-09-03 16:30:59.368,C3:00:00:63:4D:04,-60,127,2.0,2.0,1.5
1788445859474,2026-09-03 16:30:59.474,C3:00:00:63:4D:04,-68,127,2.0,2.0,1.5
1788445859584,2026-09-03 16:30:59.584,C3:00:00:63:4D:04,-60,127,2.0,2.0,1.5
1788445859672,2026-09-03 16:30:59.672,C3:00:00:63:4D:04,-60,127,2.0,2.0,1.5
1788445859759,2026-09-03 16:30:59.759,C3:00:00:63:4D:04,-61,127,2.0,2.0,1.5
1788445859793,2026-09-03 16:30:59.793,C3:00:00:63:4D:04,-68,127,2.0,2.0,1.5
1788445859890,2026-09-03 16:30:59.890,C3:00:00:63:4D:04,-60,127,2.0,2.0,1.5
1788445859991,2026-09-03 16:30:59.991,C3:00:00:63:4D:04,-60,127,2.0,2.0,1.5
1788445860027,2026-09-03 16:31:00.027,C3:00:00:63:4D:04,-68,127,2.0,2.0,1.5
1788445860097,2026-09-03 16:31:00.097,C3:00:00:63:4D:04,-69,127,2.0,2.0,1.5
1788445860197,2026-09-03 16:31:00.197,C3:00:00:63:4D:04,-60,127,2.0,2.0,1.5
1788445860300,2026-09-03 16:31:00.300,C3:00:00:63:4D:04,-60,127,2.0,2.0,1.5
1788445860600,2026-09-03 16:31:00.600,C3:00:00:63:4D:04,-61,127,2.0,2.0,1.5
1788445860705,2026-09-03 16:31:00.705,C3:00:00:63:4D:04,-68,127,2.0,2.0,1.5
1788445860782,2026-09-03 16:31:00.782,C3:00:00:63:4D:04,-61,127,2.0,2.0,1.5
1788445860840,2026-09-03 16:31:00.840,C3:00:00:63:4D:04,-61,127,2.0,2.0,1.5
1788445861012,2026-09-03 16:31:01.012,C3:00:00:63:4D:04,-75,127,2.0,2.0,1.5
1788445861111,2026-09-03 16:31:01.111,C3:00:00:63:4D:04,-61,127,2.0,2.0,1.5
1788445861208,2026-09-03 16:31:01.208,C3:00:00:63:4D:04,-61,127,2.0,2.0,1.5
1788445861308,2026-09-03 16:31:01.308,C3:00:00:63:4D:04,-74,127,2.0,2.0,1.5
1788445861430,2026-09-03 16:31:01.430,C3:00:00:63:4D:04,-60,127,2.0,2.0,1.5
1788445861517,2026-09-03 16:31:01.517,C3:00:00:63:4D:04,-59,127,2.0,2.0,1.5
1788445861622,2026-09-03 16:31:01.622,C3:00:00:63:4D:04,-70,127,2.0,2.0,1.5
1788445861741,2026-09-03 16:31:01.741,C3:00:00:63:4D:04,-60,127,2.0,2.0,1.5
1788445861933,2026-09-03 16:31:01.933,C3:00:00:63:4D:04,-71,127,2.0,2.0,1.5
1788445862032,2026-09-03 16:31:02.032,C3:00:00:63:4D:04,-60,127,2.0,2.0,1.5
1788445862126,2026-09-03 16:31:02.126,C3:00:00:63:4D:04,-59,127,2.0,2.0,1.5
1788445862230,2026-09-03 16:31:02.230,C3:00:00:63:4D:04,-72,127,2.0,2.0,1.5
1788445862330,2026-09-03 16:31:02.330,C3:00:00:63:4D:04,-61,127,2.0,2.0,1.5
1788445862532,2026-09-03 16:31:02.532,C3:00:00:63:4D:04,-59,127,2.0,2.0,1.5
1788445862640,2026-09-03 16:31:02.640,C3:00:00:63:4D:04,-65,127,2.0,2.0,1.5
1788445862740,2026-09-03 16:31:02.740,C3:00:00:63:4D:04,-67,127,2.0,2.0,1.5
1788445862793,2026-09-03 16:31:02.793,C3:00:00:63:4D:04,-56,127,2.0,2.0,1.5
1788445862812,2026-09-03 16:31:02.812,C3:00:00:63:4D:04,-56,127,2.0,2.0,1.5
1788445862937,2026-09-03 16:31:02.937,C3:00:00:63:4D:04,-68,127,2.0,2.0,1.5
1788445863054,2026-09-03 16:31:03.054,C3:00:00:63:4D:04,-61,127,2.0,2.0,1.5
1788445863153,2026-09-03 16:31:03.153,C3:00:00:63:4D:04,-55,127,2.0,2.0,1.5
1788445863247,2026-09-03 16:31:03.247,C3:00:00:63:4D:04,-61,127,2.0,2.0,1.5
1788445863355,2026-09-03 16:31:03.355,C3:00:00:63:4D:04,-58,127,2.0,2.0,1.5
1788445863456,2026-09-03 16:31:03.456,C3:00:00:63:4D:04,-78,127,2.0,2.0,1.5
1788445863557,2026-09-03 16:31:03.557,C3:00:00:63:4D:04,-62,127,2.0,2.0,1.5
1788445863654,2026-09-03 16:31:03.654,C3:00:00:63:4D:04,-56,127,2.0,2.0,1.5
1788445863762,2026-09-03 16:31:03.762,C3:00:00:63:4D:04,-60,127,2.0,2.0,1.5
1788445863790,2026-09-03 16:31:03.790,C3:00:00:63:4D:04,-61,127,2.0,2.0,1.5
1788445863865,2026-09-03 16:31:03.865,C3:00:00:63:4D:04,-56,127,2.0,2.0,1.5
1788445863964,2026-09-03 16:31:03.964,C3:00:00:63:4D:04,-59,127,2.0,2.0,1.5
1788445864035,2026-09-03 16:31:04.035,C3:00:00:63:4D:04,-67,127,2.0,2.0,1.5
1788445864062,2026-09-03 16:31:04.062,C3:00:00:63:4D:04,-60,127,2.0,2.0,1.5
1788445864163,2026-09-03 16:31:04.163,C3:00:00:63:4D:04,-58,127,2.0,2.0,1.5
1788445864272,2026-09-03 16:31:04.272,C3:00:00:63:4D:04,-59,127,2.0,2.0,1.5
1788445864369,2026-09-03 16:31:04.369,C3:00:00:63:4D:04,-62,127,2.0,2.0,1.5
1788445864492,2026-09-03 16:31:04.492,C3:00:00:63:4D:04,-58,127,2.0,2.0,1.5
1788445864686,2026-09-03 16:31:04.686,C3:00:00:63:4D:04,-61,127,2.0,2.0,1.5
1788445864802,2026-09-03 16:31:04.802,C3:00:00:63:4D:04,-58,127,2.0,2.0,1.5
1788445864879,2026-09-03 16:31:04.879,C3:00:00:63:4D:04,-60,127,2.0,2.0,1.5
1788445864990,2026-09-03 16:31:04.990,C3:00:00:63:4D:04,-60,127,2.0,2.0,1.5
1788445865190,2026-09-03 16:31:05.190,C3:00:00:63:4D:04,-60,127,2.0,2.0,1.5
1788445865290,2026-09-03 16:31:05.290,C3:00:00:63:4D:04,-61,127,2.0,2.0,1.5
1788445865592,2026-09-03 16:31:05.592,C3:00:00:63:4D:04,-59,127,2.0,2.0,1.5
1788445865763,2026-09-03 16:31:05.763,C3:00:00:63:4D:04,-61,127,2.0,2.0,1.5
1788445865804,2026-09-03 16:31:05.804,C3:00:00:63:4D:04,-60,127,2.0,2.0,1.5
1788445865892,2026-09-03 16:31:05.892,C3:00:00:63:4D:04,-60,127,2.0,2.0,1.5
1788445865999,2026-09-03 16:31:05.999,C3:00:00:63:4D:04,-57,127,2.0,2.0,1.5
1788445866107,2026-09-03 16:31:06.107,C3:00:00:63:4D:04,-59,127,2.0,2.0,1.5
1788445866199,2026-09-03 16:31:06.199,C3:00:00:63:4D:04,-60,127,2.0,2.0,1.5
1788445866408,2026-09-03 16:31:06.408,C3:00:00:63:4D:04,-59,127,2.0,2.0,1.5
1788445866511,2026-09-03 16:31:06.511,C3:00:00:63:4D:04,-60,127,2.0,2.0,1.5
1788445866615,2026-09-03 16:31:06.615,C3:00:00:63:4D:04,-57,127,2.0,2.0,1.5
1788445866719,2026-09-03 16:31:06.719,C3:00:00:63:4D:04,-59,127,2.0,2.0,1.5
1788445866820,2026-09-03 16:31:06.820,C3:00:00:63:4D:04,-60,127,2.0,2.0,1.5
1788445866835,2026-09-03 16:31:06.835,C3:00:00:63:4D:04,-60,127,2.0,2.0,1.5
1788445866922,2026-09-03 16:31:06.922,C3:00:00:63:4D:04,-56,127,2.0,2.0,1.5
1788445867021,2026-09-03 16:31:07.021,C3:00:00:63:4D:04,-59,127,2.0,2.0,1.5
1788445867233,2026-09-03 16:31:07.233,C3:00:00:63:4D:04,-56,127,2.0,2.0,1.5
1788445867336,2026-09-03 16:31:07.336,C3:00:00:63:4D:04,-59,127,2.0,2.0,1.5
1788445867534,2026-09-03 16:31:07.534,C3:00:00:63:4D:04,-56,127,2.0,2.0,1.5
1788445867633,2026-09-03 16:31:07.633,C3:00:00:63:4D:04,-59,127,2.0,2.0,1.5
1788445867732,2026-09-03 16:31:07.732,C3:00:00:63:4D:04,-59,127,2.0,2.0,1.5
1788445867785,2026-09-03 16:31:07.785,C3:00:00:63:4D:04,-56,127,2.0,2.0,1.5
1788445867943,2026-09-03 16:31:07.943,C3:00:00:63:4D:04,-59,127,2.0,2.0,1.5
1788445868065,2026-09-03 16:31:08.065,C3:00:00:63:4D:04,-68,127,2.0,2.0,1.5
1788445868151,2026-09-03 16:31:08.151,C3:00:00:63:4D:04,-56,127,2.0,2.0,1.5
1788445868248,2026-09-03 16:31:08.248,C3:00:00:63:4D:04,-66,127,2.0,2.0,1.5
1788445868353,2026-09-03 16:31:08.353,C3:00:00:63:4D:04,-61,127,2.0,2.0,1.5
1788445868444,2026-09-03 16:31:08.444,C3:00:00:63:4D:04,-58,127,2.0,2.0,1.5
1788445868554,2026-09-03 16:31:08.554,C3:00:00:63:4D:04,-71,127,2.0,2.0,1.5
1788445868652,2026-09-03 16:31:08.652,C3:00:00:63:4D:04,-60,127,2.0,2.0,1.5
1788445868822,2026-09-03 16:31:08.822,C3:00:00:63:4D:04,-69,127,2.0,2.0,1.5
1788445868867,2026-09-03 16:31:08.867,C3:00:00:63:4D:04,-72,127,2.0,2.0,1.5
1788445868975,2026-09-03 16:31:08.975,C3:00:00:63:4D:04,-57,127,2.0,2.0,1.5
1788445869067,2026-09-03 16:31:09.067,C3:00:00:63:4D:04,-75,127,2.0,2.0,1.5
1788445869262,2026-09-03 16:31:09.262,C3:00:00:63:4D:04,-58,127,2.0,2.0,1.5
1788445869365,2026-09-03 16:31:09.365,C3:00:00:63:4D:04,-68,127,2.0,2.0,1.5
1788445869585,2026-09-03 16:31:09.585,C3:00:00:63:4D:04,-58,127,2.0,2.0,1.5
1788445869676,2026-09-03 16:31:09.676,C3:00:00:63:4D:04,-88,127,2.0,2.0,1.5
1788445869782,2026-09-03 16:31:09.782,C3:00:00:63:4D:04,-58,127,2.0,2.0,1.5
1788445869791,2026-09-03 16:31:09.791,C3:00:00:63:4D:04,-59,127,2.0,2.0,1.5
1788445869884,2026-09-03 16:31:09.884,C3:00:00:63:4D:04,-58,127,2.0,2.0,1.5
1788445869977,2026-09-03 16:31:09.977,C3:00:00:63:4D:04,-69,127,2.0,2.0,1.5
1788445870085,2026-09-03 16:31:10.085,C3:00:00:63:4D:04,-57,127,2.0,2.0,1.5
1788445870287,2026-09-03 16:31:10.287,C3:00:00:63:4D:04,-70,127,2.0,2.0,1.5
1788445870388,2026-09-03 16:31:10.388,C3:00:00:63:4D:04,-59,127,2.0,2.0,1.5
1788445870490,2026-09-03 16:31:10.490,C3:00:00:63:4D:04,-57,127,2.0,2.0,1.5
1788445870590,2026-09-03 16:31:10.590,C3:00:00:63:4D:04,-69,127,2.0,2.0,1.5
1788445870691,2026-09-03 16:31:10.691,C3:00:00:63:4D:04,-61,127,2.0,2.0,1.5
1788445870793,2026-09-03 16:31:10.793,C3:00:00:63:4D:04,-57,127,2.0,2.0,1.5
1788445870821,2026-09-03 16:31:10.821,C3:00:00:63:4D:04,-56,127,2.0,2.0,1.5
1788445870839,2026-09-03 16:31:10.839,C3:00:00:63:4D:04,-56,127,2.0,2.0,1.5
1788445870899,2026-09-03 16:31:10.899,C3:00:00:63:4D:04,-64,127,2.0,2.0,1.5
1788445871002,2026-09-03 16:31:11.002,C3:00:00:63:4D:04,-61,127,2.0,2.0,1.5
1788445871099,2026-09-03 16:31:11.099,C3:00:00:63:4D:04,-55,127,2.0,2.0,1.5
1788445871220,2026-09-03 16:31:11.220,C3:00:00:63:4D:04,-65,127,2.0,2.0,1.5
1788445871308,2026-09-03 16:31:11.308,C3:00:00:63:4D:04,-60,127,2.0,2.0,1.5
1788445871422,2026-09-03 16:31:11.422,C3:00:00:63:4D:04,-56,127,2.0,2.0,1.5
1788445871513,2026-09-03 16:31:11.513,C3:00:00:63:4D:04,-64,127,2.0,2.0,1.5
1788445871626,2026-09-03 16:31:11.626,C3:00:00:63:4D:04,-60,127,2.0,2.0,1.5
1788445871823,2026-09-03 16:31:11.823,C3:00:00:63:4D:04,-63,127,2.0,2.0,1.5
1788445872019,2026-09-03 16:31:12.019,C3:00:00:63:4D:04,-65,127,2.0,2.0,1.5
1788445872057,2026-09-03 16:31:12.057,C3:00:00:63:4D:04,-80,127,2.0,2.0,1.5
1788445872122,2026-09-03 16:31:12.122,C3:00:00:63:4D:04,-61,127,2.0,2.0,1.5
1788445872227,2026-09-03 16:31:12.227,C3:00:00:63:4D:04,-65,127,2.0,2.0,1.5
1788445872328,2026-09-03 16:31:12.328,C3:00:00:63:4D:04,-65,127,2.0,2.0,1.5
1788445872432,2026-09-03 16:31:12.432,C3:00:00:63:4D:04,-68,127,2.0,2.0,1.5
1788445872529,2026-09-03 16:31:12.529,C3:00:00:63:4D:04,-67,127,2.0,2.0,1.5
1788445872838,2026-09-03 16:31:12.838,C3:00:00:63:4D:04,-75,127,2.0,2.0,1.5
1788445872852,2026-09-03 16:31:12.852,C3:00:00:63:4D:04,-69,127,2.0,2.0,1.5
1788445873045,2026-09-03 16:31:13.045,C3:00:00:63:4D:04,-71,127,2.0,2.0,1.5
1788445873254,2026-09-03 16:31:13.254,C3:00:00:63:4D:04,-57,127,2.0,2.0,1.5
1788445873348,2026-09-03 16:31:13.348,C3:00:00:63:4D:04,-66,127,2.0,2.0,1.5
1788445873450,2026-09-03 16:31:13.450,C3:00:00:63:4D:04,-63,127,2.0,2.0,1.5
1788445873553,2026-09-03 16:31:13.553,C3:00:00:63:4D:04,-57,127,2.0,2.0,1.5
1788445873652,2026-09-03 16:31:13.652,C3:00:00:63:4D:04,-70,127,2.0,2.0,1.5
1788445873823,2026-09-03 16:31:13.823,C3:00:00:63:4D:04,-56,127,2.0,2.0,1.5
1788445873858,2026-09-03 16:31:13.858,C3:00:00:63:4D:04,-55,127,2.0,2.0,1.5
1788445873956,2026-09-03 16:31:13.956,C3:00:00:63:4D:04,-70,127,2.0,2.0,1.5
1788445874066,2026-09-03 16:31:14.066,C3:00:00:63:4D:04,-55,127,2.0,2.0,1.5
1788445874163,2026-09-03 16:31:14.163,C3:00:00:63:4D:04,-77,127,2.0,2.0,1.5
1788445874364,2026-09-03 16:31:14.364,C3:00:00:63:4D:04,-56,127,2.0,2.0,1.5
1788445874584,2026-09-03 16:31:14.584,C3:00:00:63:4D:04,-65,127,2.0,2.0,1.5
1788445874675,2026-09-03 16:31:14.675,C3:00:00:63:4D:04,-56,127,2.0,2.0,1.5
1788445874785,2026-09-03 16:31:14.785,C3:00:00:63:4D:04,-68,127,2.0,2.0,1.5
1788445874807,2026-09-03 16:31:14.807,C3:00:00:63:4D:04,-69,127,2.0,2.0,1.5
1788445874849,2026-09-03 16:31:14.849,C3:00:00:63:4D:04,-68,127,2.0,2.0,1.5
1788445875094,2026-09-03 16:31:15.094,C3:00:00:63:4D:04,-67,127,2.0,2.0,1.5
1788445875489,2026-09-03 16:31:15.489,C3:00:00:63:4D:04,-60,127,2.0,2.0,1.5
1788445875701,2026-09-03 16:31:15.701,C3:00:00:63:4D:04,-69,127,2.0,2.0,1.5
1788445875786,2026-09-03 16:31:15.786,C3:00:00:63:4D:04,-62,127,2.0,2.0,1.5
1788445875844,2026-09-03 16:31:15.844,C3:00:00:63:4D:04,-62,127,2.0,2.0,1.5
1788445875897,2026-09-03 16:31:15.897,C3:00:00:63:4D:04,-56,127,2.0,2.0,1.5
1788445875998,2026-09-03 16:31:15.998,C3:00:00:63:4D:04,-66,127,2.0,2.0,1.5
1788445876080,2026-09-03 16:31:16.080,C3:00:00:63:4D:04,-69,127,2.0,2.0,1.5
1788445876298,2026-09-03 16:31:16.298,C3:00:00:63:4D:04,-69,127,2.0,2.0,1.5
1788445876414,2026-09-03 16:31:16.414,C3:00:00:63:4D:04,-61,127,2.0,2.0,1.5
1788445876512,2026-09-03 16:31:16.512,C3:00:00:63:4D:04,-56,127,2.0,2.0,1.5
1788445876614,2026-09-03 16:31:16.614,C3:00:00:63:4D:04,-74,127,2.0,2.0,1.5
1788445876729,2026-09-03 16:31:16.729,C3:00:00:63:4D:04,-63,127,2.0,2.0,1.5
1788445876812,2026-09-03 16:31:16.812,C3:00:00:63:4D:04,-58,127,2.0,2.0,1.5
1788445876919,2026-09-03 16:31:16.919,C3:00:00:63:4D:04,-68,127,2.0,2.0,1.5
1788445877021,2026-09-03 16:31:17.021,C3:00:00:63:4D:04,-63,127,2.0,2.0,1.5
1788445877127,2026-09-03 16:31:17.127,C3:00:00:63:4D:04,-58,127,2.0,2.0,1.5
1788445877223,2026-09-03 16:31:17.223,C3:00:00:63:4D:04,-70,127,2.0,2.0,1.5
1788445877427,2026-09-03 16:31:17.427,C3:00:00:63:4D:04,-57,127,2.0,2.0,1.5
1788445877529,2026-09-03 16:31:17.529,C3:00:00:63:4D:04,-67,127,2.0,2.0,1.5
1788445877624,2026-09-03 16:31:17.624,C3:00:00:63:4D:04,-62,127,2.0,2.0,1.5
1788445877728,2026-09-03 16:31:17.728,C3:00:00:63:4D:04,-58,127,2.0,2.0,1.5
1788445877830,2026-09-03 16:31:17.830,C3:00:00:63:4D:04,-68,127,2.0,2.0,1.5
1788445877853,2026-09-03 16:31:17.853,C3:00:00:63:4D:04,-68,127,2.0,2.0,1.5
1788445877932,2026-09-03 16:31:17.932,C3:00:00:63:4D:04,-63,127,2.0,2.0,1.5
1788445878059,2026-09-03 16:31:18.059,C3:00:00:63:4D:04,-58,127,2.0,2.0,1.5
1788445878151,2026-09-03 16:31:18.151,C3:00:00:63:4D:04,-65,127,2.0,2.0,1.5
1788445878249,2026-09-03 16:31:18.249,C3:00:00:63:4D:04,-61,127,2.0,2.0,1.5
1788445878350,2026-09-03 16:31:18.350,C3:00:00:63:4D:04,-57,127,2.0,2.0,1.5
1788445878455,2026-09-03 16:31:18.455,C3:00:00:63:4D:04,-70,127,2.0,2.0,1.5
1788445878547,2026-09-03 16:31:18.547,C3:00:00:63:4D:04,-63,127,2.0,2.0,1.5
1788445878746,2026-09-03 16:31:18.746,C3:00:00:63:4D:04,-67,127,2.0,2.0,1.5
1788445878811,2026-09-03 16:31:18.811,C3:00:00:63:4D:04,-63,127,2.0,2.0,1.5
1788445878878,2026-09-03 16:31:18.878,C3:00:00:63:4D:04,-62,127,2.0,2.0,1.5
1788445878914,2026-09-03 16:31:18.914,C3:00:00:63:4D:04,-57,127,2.0,2.0,1.5
1788445878964,2026-09-03 16:31:18.964,C3:00:00:63:4D:04,-58,127,2.0,2.0,1.5
1788445879056,2026-09-03 16:31:19.056,C3:00:00:63:4D:04,-70,127,2.0,2.0,1.5
1788445879154,2026-09-03 16:31:19.154,C3:00:00:63:4D:04,-62,127,2.0,2.0,1.5
1788445879277,2026-09-03 16:31:19.277,C3:00:00:63:4D:04,-72,127,2.0,2.0,1.5
1788445879378,2026-09-03 16:31:19.378,C3:00:00:63:4D:04,-62,127,2.0,2.0,1.5
1788445879479,2026-09-03 16:31:19.479,C3:00:00:63:4D:04,-57,127,2.0,2.0,1.5
1788445879576,2026-09-03 16:31:19.576,C3:00:00:63:4D:04,-74,127,2.0,2.0,1.5
1788445879675,2026-09-03 16:31:19.675,C3:00:00:63:4D:04,-61,127,2.0,2.0,1.5
1788445879775,2026-09-03 16:31:19.775,C3:00:00:63:4D:04,-58,127,2.0,2.0,1.5
1788445879866,2026-09-03 16:31:19.866,C3:00:00:63:4D:04,-70,127,2.0,2.0,1.5
1788445879888,2026-09-03 16:31:19.888,C3:00:00:63:4D:04,-69,127,2.0,2.0,1.5
1788445879971,2026-09-03 16:31:19.971,C3:00:00:63:4D:04,-62,127,2.0,2.0,1.5
1788445880086,2026-09-03 16:31:20.086,C3:00:00:63:4D:04,-57,127,2.0,2.0,1.5
1788445880183,2026-09-03 16:31:20.183,C3:00:00:63:4D:04,-71,127,2.0,2.0,1.5
1788445880287,2026-09-03 16:31:20.287,C3:00:00:63:4D:04,-62,127,2.0,2.0,1.5
1788445880382,2026-09-03 16:31:20.382,C3:00:00:63:4D:04,-56,127,2.0,2.0,1.5
1788445880492,2026-09-03 16:31:20.492,C3:00:00:63:4D:04,-70,127,2.0,2.0,1.5
1788445880588,2026-09-03 16:31:20.588,C3:00:00:63:4D:04,-62,127,2.0,2.0,1.5
1788445880688,2026-09-03 16:31:20.688,C3:00:00:63:4D:04,-57,127,2.0,2.0,1.5
1788445880808,2026-09-03 16:31:20.808,C3:00:00:63:4D:04,-70,127,2.0,2.0,1.5
1788445880891,2026-09-03 16:31:20.891,C3:00:00:63:4D:04,-62,127,2.0,2.0,1.5
1788445881202,2026-09-03 16:31:21.202,C3:00:00:63:4D:04,-61,127,2.0,2.0,1.5
1788445881304,2026-09-03 16:31:21.304,C3:00:00:63:4D:04,-57,127,2.0,2.0,1.5
1788445881410,2026-09-03 16:31:21.410,C3:00:00:63:4D:04,-71,127,2.0,2.0,1.5
1788445881610,2026-09-03 16:31:21.610,C3:00:00:63:4D:04,-57,127,2.0,2.0,1.5
1788445881707,2026-09-03 16:31:21.707,C3:00:00:63:4D:04,-72,127,2.0,2.0,1.5
1788445881815,2026-09-03 16:31:21.815,C3:00:00:63:4D:04,-63,127,2.0,2.0,1.5
1788445881914,2026-09-03 16:31:21.914,C3:00:00:63:4D:04,-57,127,2.0,2.0,1.5
1788445882014,2026-09-03 16:31:22.014,C3:00:00:63:4D:04,-74,127,2.0,2.0,1.5
1788445882230,2026-09-03 16:31:22.230,C3:00:00:63:4D:04,-57,127,2.0,2.0,1.5
1788445882322,2026-09-03 16:31:22.322,C3:00:00:63:4D:04,-72,127,2.0,2.0,1.5
1788445882422,2026-09-03 16:31:22.422,C3:00:00:63:4D:04,-62,127,2.0,2.0,1.5
1788445882521,2026-09-03 16:31:22.521,C3:00:00:63:4D:04,-57,127,2.0,2.0,1.5
1788445882627,2026-09-03 16:31:22.627,C3:00:00:63:4D:04,-70,127,2.0,2.0,1.5
1788445882733,2026-09-03 16:31:22.733,C3:00:00:63:4D:04,-63,127,2.0,2.0,1.5
1788445882822,2026-09-03 16:31:22.822,C3:00:00:63:4D:04,-56,127,2.0,2.0,1.5
1788445882839,2026-09-03 16:31:22.839,C3:00:00:63:4D:04,-56,127,2.0,2.0,1.5
1788445882884,2026-09-03 16:31:22.884,C3:00:00:63:4D:04,-72,127,2.0,2.0,1.5
1788445882948,2026-09-03 16:31:22.948,C3:00:00:63:4D:04,-72,127,2.0,2.0,1.5
1788445883040,2026-09-03 16:31:23.040,C3:00:00:63:4D:04,-63,127,2.0,2.0,1.5
1788445883142,2026-09-03 16:31:23.142,C3:00:00:63:4D:04,-57,127,2.0,2.0,1.5
1788445883241,2026-09-03 16:31:23.241,C3:00:00:63:4D:04,-69,127,2.0,2.0,1.5
1788445883345,2026-09-03 16:31:23.345,C3:00:00:63:4D:04,-62,127,2.0,2.0,1.5
1788445883546,2026-09-03 16:31:23.546,C3:00:00:63:4D:04,-68,127,2.0,2.0,1.5
1788445883653,2026-09-03 16:31:23.653,C3:00:00:63:4D:04,-62,127,2.0,2.0,1.5
1788445883744,2026-09-03 16:31:23.744,C3:00:00:63:4D:04,-56,127,2.0,2.0,1.5
1788445883858,2026-09-03 16:31:23.858,C3:00:00:63:4D:04,-69,127,2.0,2.0,1.5
1788445883895,2026-09-03 16:31:23.895,C3:00:00:63:4D:04,-62,127,2.0,2.0,1.5
1788445884069,2026-09-03 16:31:24.069,C3:00:00:63:4D:04,-56,127,2.0,2.0,1.5
1788445884098,2026-09-03 16:31:24.098,C3:00:00:63:4D:04,-78,127,2.0,2.0,1.5
1788445884166,2026-09-03 16:31:24.166,C3:00:00:63:4D:04,-68,127,2.0,2.0,1.5
1788445884274,2026-09-03 16:31:24.274,C3:00:00:63:4D:04,-58,127,2.0,2.0,1.5
1788445884567,2026-09-03 16:31:24.567,C3:00:00:63:4D:04,-58,127,2.0,2.0,1.5
1788445884779,2026-09-03 16:31:24.779,C3:00:00:63:4D:04,-62,127,2.0,2.0,1.5
1788445884880,2026-09-03 16:31:24.880,C3:00:00:63:4D:04,-59,127,2.0,2.0,1.5
1788445884907,2026-09-03 16:31:24.907,C3:00:00:63:4D:04,-58,127,2.0,2.0,1.5
1788445884975,2026-09-03 16:31:24.975,C3:00:00:63:4D:04,-69,127,2.0,2.0,1.5
1788445885383,2026-09-03 16:31:25.383,C3:00:00:63:4D:04,-62,127,2.0,2.0,1.5
1788445885482,2026-09-03 16:31:25.482,C3:00:00:63:4D:04,-59,127,2.0,2.0,1.5
1788445885582,2026-09-03 16:31:25.582,C3:00:00:63:4D:04,-69,127,2.0,2.0,1.5
1788445885684,2026-09-03 16:31:25.684,C3:00:00:63:4D:04,-63,127,2.0,2.0,1.5
1788445885788,2026-09-03 16:31:25.788,C3:00:00:63:4D:04,-58,127,2.0,2.0,1.5
1788445885919,2026-09-03 16:31:25.919,C3:00:00:63:4D:04,-69,127,2.0,2.0,1.5
1788445886102,2026-09-03 16:31:26.102,C3:00:00:63:4D:04,-58,127,2.0,2.0,1.5
1788445886202,2026-09-03 16:31:26.202,C3:00:00:63:4D:04,-69,127,2.0,2.0,1.5
1788445886402,2026-09-03 16:31:26.402,C3:00:00:63:4D:04,-58,127,2.0,2.0,1.5
1788445886506,2026-09-03 16:31:26.506,C3:00:00:63:4D:04,-69,127,2.0,2.0,1.5
1788445886601,2026-09-03 16:31:26.601,C3:00:00:63:4D:04,-63,127,2.0,2.0,1.5
1788445886712,2026-09-03 16:31:26.712,C3:00:00:63:4D:04,-58,127,2.0,2.0,1.5
1788445886811,2026-09-03 16:31:26.811,C3:00:00:63:4D:04,-69,127,2.0,2.0,1.5
1788445886831,2026-09-03 16:31:26.831,C3:00:00:63:4D:04,-69,127,2.0,2.0,1.5
1788445886900,2026-09-03 16:31:26.900,C3:00:00:63:4D:04,-63,127,2.0,2.0,1.5
1788445886913,2026-09-03 16:31:26.913,C3:00:00:63:4D:04,-63,127,2.0,2.0,1.5
1788445887014,2026-09-03 16:31:27.014,C3:00:00:63:4D:04,-58,127,2.0,2.0,1.5
1788445887112,2026-09-03 16:31:27.112,C3:00:00:63:4D:04,-69,127,2.0,2.0,1.5
1788445887212,2026-09-03 16:31:27.212,C3:00:00:63:4D:04,-63,127,2.0,2.0,1.5
1788445887321,2026-09-03 16:31:27.321,C3:00:00:63:4D:04,-58,127,2.0,2.0,1.5
1788445887416,2026-09-03 16:31:27.416,C3:00:00:63:4D:04,-69,127,2.0,2.0,1.5
1788445887517,2026-09-03 16:31:27.517,C3:00:00:63:4D:04,-63,127,2.0,2.0,1.5
1788445887643,2026-09-03 16:31:27.643,C3:00:00:63:4D:04,-58,127,2.0,2.0,1.5
1788445887731,2026-09-03 16:31:27.731,C3:00:00:63:4D:04,-69,127,2.0,2.0,1.5
1788445887832,2026-09-03 16:31:27.832,C3:00:00:63:4D:04,-63,127,2.0,2.0,1.5
1788445887948,2026-09-03 16:31:27.948,C3:00:00:63:4D:04,-58,127,2.0,2.0,1.5
1788445888036,2026-09-03 16:31:28.036,C3:00:00:63:4D:04,-69,127,2.0,2.0,1.5
1788445888111,2026-09-03 16:31:28.111,C3:00:00:63:4D:04,-70,127,2.0,2.0,1.5
1788445888250,2026-09-03 16:31:28.250,C3:00:00:63:4D:04,-58,127,2.0,2.0,1.5
1788445888437,2026-09-03 16:31:28.437,C3:00:00:63:4D:04,-63,127,2.0,2.0,1.5
1788445888648,2026-09-03 16:31:28.648,C3:00:00:63:4D:04,-70,127,2.0,2.0,1.5
1788445888744,2026-09-03 16:31:28.744,C3:00:00:63:4D:04,-63,127,2.0,2.0,1.5
1788445888846,2026-09-03 16:31:28.846,C3:00:00:63:4D:04,-58,127,2.0,2.0,1.5
1788445888952,2026-09-03 16:31:28.952,C3:00:00:63:4D:04,-70,127,2.0,2.0,1.5
1788445889158,2026-09-03 16:31:29.158,C3:00:00:63:4D:04,-58,127,2.0,2.0,1.5
1788445889265,2026-09-03 16:31:29.265,C3:00:00:63:4D:04,-63,127,2.0,2.0,1.5
1788445889364,2026-09-03 16:31:29.364,C3:00:00:63:4D:04,-63,127,2.0,2.0,1.5
1788445889478,2026-09-03 16:31:29.478,C3:00:00:63:4D:04,-67,127,2.0,2.0,1.5
1788445889578,2026-09-03 16:31:29.578,C3:00:00:63:4D:04,-63,127,2.0,2.0,1.5
1788445889681,2026-09-03 16:31:29.681,C3:00:00:63:4D:04,-60,127,2.0,2.0,1.5
1788445889773,2026-09-03 16:31:29.773,C3:00:00:63:4D:04,-71,127,2.0,2.0,1.5
1788445889876,2026-09-03 16:31:29.876,C3:00:00:63:4D:04,-63,127,2.0,2.0,1.5
1788445889944,2026-09-03 16:31:29.944,C3:00:00:63:4D:04,-63,127,2.0,2.0,1.5
1788445889973,2026-09-03 16:31:29.973,C3:00:00:63:4D:04,-60,127,2.0,2.0,1.5
1788445890078,2026-09-03 16:31:30.078,C3:00:00:63:4D:04,-71,127,2.0,2.0,1.5
1788445890184,2026-09-03 16:31:30.184,C3:00:00:63:4D:04,-62,127,2.0,2.0,1.5
1788445890299,2026-09-03 16:31:30.299,C3:00:00:63:4D:04,-60,127,2.0,2.0,1.5
1788445890435,2026-09-03 16:31:30.435,C3:00:00:63:4D:04,-68,127,2.0,2.0,1.5
1788445890598,2026-09-03 16:31:30.598,C3:00:00:63:4D:04,-58,127,2.0,2.0,1.5
1788445890683,2026-09-03 16:31:30.683,C3:00:00:63:4D:04,-68,127,2.0,2.0,1.5
1788445890817,2026-09-03 16:31:30.817,C3:00:00:63:4D:04,-63,127,2.0,2.0,1.5
1788445890847,2026-09-03 16:31:30.847,C3:00:00:63:4D:04,-63,127,2.0,2.0,1.5
1788445890899,2026-09-03 16:31:30.899,C3:00:00:63:4D:04,-58,127,2.0,2.0,1.5
1788445890939,2026-09-03 16:31:30.939,C3:00:00:63:4D:04,-58,127,2.0,2.0,1.5
1788445890995,2026-09-03 16:31:30.995,C3:00:00:63:4D:04,-68,127,2.0,2.0,1.5
1788445891084,2026-09-03 16:31:31.084,C3:00:00:63:4D:04,-63,127,2.0,2.0,1.5
1788445891205,2026-09-03 16:31:31.205,C3:00:00:63:4D:04,-58,127,2.0,2.0,1.5
1788445891300,2026-09-03 16:31:31.300,C3:00:00:63:4D:04,-68,127,2.0,2.0,1.5
1788445891406,2026-09-03 16:31:31.406,C3:00:00:63:4D:04,-62,127,2.0,2.0,1.5
1788445891509,2026-09-03 16:31:31.509,C3:00:00:63:4D:04,-58,127,2.0,2.0,1.5
1788445891602,2026-09-03 16:31:31.602,C3:00:00:63:4D:04,-69,127,2.0,2.0,1.5
1788445891705,2026-09-03 16:31:31.705,C3:00:00:63:4D:04,-62,127,2.0,2.0,1.5
1788445891803,2026-09-03 16:31:31.803,C3:00:00:63:4D:04,-58,127,2.0,2.0,1.5
1788445891914,2026-09-03 16:31:31.914,C3:00:00:63:4D:04,-69,127,2.0,2.0,1.5
1788445891944,2026-09-03 16:31:31.944,C3:00:00:63:4D:04,-69,127,2.0,2.0,1.5
1788445892012,2026-09-03 16:31:32.012,C3:00:00:63:4D:04,-62,127,2.0,2.0,1.5
1788445892109,2026-09-03 16:31:32.109,C3:00:00:63:4D:04,-58,127,2.0,2.0,1.5
1788445892133,2026-09-03 16:31:32.133,C3:00:00:63:4D:04,-65,127,2.0,2.0,1.5
1788445892208,2026-09-03 16:31:32.208,C3:00:00:63:4D:04,-69,127,2.0,2.0,1.5
1788445892308,2026-09-03 16:31:32.308,C3:00:00:63:4D:04,-61,127,2.0,2.0,1.5
1788445892420,2026-09-03 16:31:32.420,C3:00:00:63:4D:04,-58,127,2.0,2.0,1.5
1788445892534,2026-09-03 16:31:32.534,C3:00:00:63:4D:04,-69,127,2.0,2.0,1.5
1788445892633,2026-09-03 16:31:32.633,C3:00:00:63:4D:04,-62,127,2.0,2.0,1.5
1788445892730,2026-09-03 16:31:32.730,C3:00:00:63:4D:04,-58,127,2.0,2.0,1.5
1788445892835,2026-09-03 16:31:32.835,C3:00:00:63:4D:04,-69,127,2.0,2.0,1.5
1788445892947,2026-09-03 16:31:32.947,C3:00:00:63:4D:04,-62,127,2.0,2.0,1.5
1788445892948,2026-09-03 16:31:32.948,C3:00:00:63:4D:04,-62,127,2.0,2.0,1.5
1788445893039,2026-09-03 16:31:33.039,C3:00:00:63:4D:04,-58,127,2.0,2.0,1.5
1788445893168,2026-09-03 16:31:33.168,C3:00:00:63:4D:04,-69,127,2.0,2.0,1.5
1788445893439,2026-09-03 16:31:33.439,C3:00:00:63:4D:04,-69,127,2.0,2.0,1.5
1788445893547,2026-09-03 16:31:33.547,C3:00:00:63:4D:04,-61,127,2.0,2.0,1.5
1788445893746,2026-09-03 16:31:33.746,C3:00:00:63:4D:04,-69,127,2.0,2.0,1.5
1788445893843,2026-09-03 16:31:33.843,C3:00:00:63:4D:04,-63,127,2.0,2.0,1.5
1788445893947,2026-09-03 16:31:33.947,C3:00:00:63:4D:04,-58,127,2.0,2.0,1.5
1788445893968,2026-09-03 16:31:33.968,C3:00:00:63:4D:04,-70,127,2.0,2.0,1.5
1788445894070,2026-09-03 16:31:34.070,C3:00:00:63:4D:04,-70,127,2.0,2.0,1.5
1788445894265,2026-09-03 16:31:34.265,C3:00:00:63:4D:04,-69,127,2.0,2.0,1.5
1788445894365,2026-09-03 16:31:34.365,C3:00:00:63:4D:04,-69,127,2.0,2.0,1.5
1788445894459,2026-09-03 16:31:34.459,C3:00:00:63:4D:04,-58,127,2.0,2.0,1.5
1788445894572,2026-09-03 16:31:34.572,C3:00:00:63:4D:04,-58,127,2.0,2.0,1.5
1788445894663,2026-09-03 16:31:34.663,C3:00:00:63:4D:04,-63,127,2.0,2.0,1.5
1788445894771,2026-09-03 16:31:34.771,C3:00:00:63:4D:04,-58,127,2.0,2.0,1.5
1788445894833,2026-09-03 16:31:34.833,C3:00:00:63:4D:04,-59,127,2.0,2.0,1.5
1788445894875,2026-09-03 16:31:34.875,C3:00:00:63:4D:04,-69,127,2.0,2.0,1.5
1788445894936,2026-09-03 16:31:34.936,C3:00:00:63:4D:04,-69,127,2.0,2.0,1.5
1788445895175,2026-09-03 16:31:35.175,C3:00:00:63:4D:04,-69,127,2.0,2.0,1.5
1788445895374,2026-09-03 16:31:35.374,C3:00:00:63:4D:04,-58,127,2.0,2.0,1.5
1788445895575,2026-09-03 16:31:35.575,C3:00:00:63:4D:04,-63,127,2.0,2.0,1.5
1788445895677,2026-09-03 16:31:35.677,C3:00:00:63:4D:04,-58,127,2.0,2.0,1.5
1788445895896,2026-09-03 16:31:35.896,C3:00:00:63:4D:04,-62,127,2.0,2.0,1.5
1788445895976,2026-09-03 16:31:35.976,C3:00:00:63:4D:04,-58,127,2.0,2.0,1.5
1788445895996,2026-09-03 16:31:35.996,C3:00:00:63:4D:04,-58,127,2.0,2.0,1.5
1788445896100,2026-09-03 16:31:36.100,C3:00:00:63:4D:04,-69,127,2.0,2.0,1.5
1788445896139,2026-09-03 16:31:36.139,C3:00:00:63:4D:04,-76,127,2.0,2.0,1.5
1788445896199,2026-09-03 16:31:36.199,C3:00:00:63:4D:04,-62,127,2.0,2.0,1.5
1788445896302,2026-09-03 16:31:36.302,C3:00:00:63:4D:04,-58,127,2.0,2.0,1.5
1788445896400,2026-09-03 16:31:36.400,C3:00:00:63:4D:04,-70,127,2.0,2.0,1.5
1788445896496,2026-09-03 16:31:36.496,C3:00:00:63:4D:04,-63,127,2.0,2.0,1.5
1788445896607,2026-09-03 16:31:36.607,C3:00:00:63:4D:04,-58,127,2.0,2.0,1.5
1788445896703,2026-09-03 16:31:36.703,C3:00:00:63:4D:04,-69,127,2.0,2.0,1.5
1788445896807,2026-09-03 16:31:36.807,C3:00:00:63:4D:04,-63,127,2.0,2.0,1.5
1788445897011,2026-09-03 16:31:37.011,C3:00:00:63:4D:04,-69,127,2.0,2.0,1.5
1788445897105,2026-09-03 16:31:37.105,C3:00:00:63:4D:04,-63,127,2.0,2.0,1.5
1788445897207,2026-09-03 16:31:37.207,C3:00:00:63:4D:04,-58,127,2.0,2.0,1.5
1788445897310,2026-09-03 16:31:37.310,C3:00:00:63:4D:04,-69,127,2.0,2.0,1.5
1788445897419,2026-09-03 16:31:37.419,C3:00:00:63:4D:04,-62,127,2.0,2.0,1.5
1788445897625,2026-09-03 16:31:37.625,C3:00:00:63:4D:04,-69,127,2.0,2.0,1.5
1788445897734,2026-09-03 16:31:37.734,C3:00:00:63:4D:04,-62,127,2.0,2.0,1.5
1788445897928,2026-09-03 16:31:37.928,C3:00:00:63:4D:04,-69,127,2.0,2.0,1.5
1788445897992,2026-09-03 16:31:37.992,C3:00:00:63:4D:04,-62,127,2.0,2.0,1.5
1788445898037,2026-09-03 16:31:38.037,C3:00:00:63:4D:04,-63,127,2.0,2.0,1.5
1788445898125,2026-09-03 16:31:38.125,C3:00:00:63:4D:04,-58,127,2.0,2.0,1.5
1788445898241,2026-09-03 16:31:38.241,C3:00:00:63:4D:04,-69,127,2.0,2.0,1.5
1788445898335,2026-09-03 16:31:38.335,C3:00:00:63:4D:04,-62,127,2.0,2.0,1.5
1788445898439,2026-09-03 16:31:38.439,C3:00:00:63:4D:04,-58,127,2.0,2.0,1.5
1788445898539,2026-09-03 16:31:38.539,C3:00:00:63:4D:04,-68,127,2.0,2.0,1.5
1788445898639,2026-09-03 16:31:38.639,C3:00:00:63:4D:04,-62,127,2.0,2.0,1.5
1788445898756,2026-09-03 16:31:38.756,C3:00:00:63:4D:04,-58,127,2.0,2.0,1.5
1788445898867,2026-09-03 16:31:38.867,C3:00:00:63:4D:04,-62,127,2.0,2.0,1.5
1788445898955,2026-09-03 16:31:38.955,C3:00:00:63:4D:04,-62,127,2.0,2.0,1.5
1788445899055,2026-09-03 16:31:39.055,C3:00:00:63:4D:04,-58,127,2.0,2.0,1.5
1788445899157,2026-09-03 16:31:39.157,C3:00:00:63:4D:04,-69,127,2.0,2.0,1.5
1788445899255,2026-09-03 16:31:39.255,C3:00:00:63:4D:04,-62,127,2.0,2.0,1.5
1788445899466,2026-09-03 16:31:39.466,C3:00:00:63:4D:04,-69,127,2.0,2.0,1.5
1788445899565,2026-09-03 16:31:39.565,C3:00:00:63:4D:04,-58,127,2.0,2.0,1.5
1788445899664,2026-09-03 16:31:39.664,C3:00:00:63:4D:04,-58,127,2.0,2.0,1.5
1788445899863,2026-09-03 16:31:39.863,C3:00:00:63:4D:04,-63,127,2.0,2.0,1.5
1788445899967,2026-09-03 16:31:39.967,C3:00:00:63:4D:04,-69,127,2.0,2.0,1.5
1788445900006,2026-09-03 16:31:40.006,C3:00:00:63:4D:04,-69,127,2.0,2.0,1.5
1788445900146,2026-09-03 16:31:40.146,C3:00:00:63:4D:04,-69,127,2.0,2.0,1.5
1788445900169,2026-09-03 16:31:40.169,C3:00:00:63:4D:04,-58,127,2.0,2.0,1.5
1788445900274,2026-09-03 16:31:40.274,C3:00:00:63:4D:04,-69,127,2.0,2.0,1.5
1788445900371,2026-09-03 16:31:40.371,C3:00:00:63:4D:04,-62,127,2.0,2.0,1.5
1788445900471,2026-09-03 16:31:40.471,C3:00:00:63:4D:04,-58,127,2.0,2.0,1.5
1788445900583,2026-09-03 16:31:40.583,C3:00:00:63:4D:04,-69,127,2.0,2.0,1.5
1788445900675,2026-09-03 16:31:40.675,C3:00:00:63:4D:04,-61,127,2.0,2.0,1.5
1788445900963,2026-09-03 16:31:40.963,C3:00:00:63:4D:04,-62,127,2.0,2.0,1.5
1788445900987,2026-09-03 16:31:40.987,C3:00:00:63:4D:04,-62,127,2.0,2.0,1.5
1788445901090,2026-09-03 16:31:41.090,C3:00:00:63:4D:04,-58,127,2.0,2.0,1.5
1788445901196,2026-09-03 16:31:41.196,C3:00:00:63:4D:04,-68,127,2.0,2.0,1.5
1788445901294,2026-09-03 16:31:41.294,C3:00:00:63:4D:04,-62,127,2.0,2.0,1.5
1788445901394,2026-09-03 16:31:41.394,C3:00:00:63:4D:04,-58,127,2.0,2.0,1.5
1788445901499,2026-09-03 16:31:41.499,C3:00:00:63:4D:04,-69,127,2.0,2.0,1.5
1788445901596,2026-09-03 16:31:41.596,C3:00:00:63:4D:04,-61,127,2.0,2.0,1.5
1788445901697,2026-09-03 16:31:41.697,C3:00:00:63:4D:04,-58,127,2.0,2.0,1.5
1788445901797,2026-09-03 16:31:41.797,C3:00:00:63:4D:04,-69,127,2.0,2.0,1.5
1788445901902,2026-09-03 16:31:41.902,C3:00:00:63:4D:04,-61,127,2.0,2.0,1.5
1788445902003,2026-09-03 16:31:42.003,C3:00:00:63:4D:04,-58,127,2.0,2.0,1.5
1788445902118,2026-09-03 16:31:42.118,C3:00:00:63:4D:04,-69,127,2.0,2.0,1.5
1788445902209,2026-09-03 16:31:42.209,C3:00:00:63:4D:04,-62,127,2.0,2.0,1.5
1788445902333,2026-09-03 16:31:42.333,C3:00:00:63:4D:04,-58,127,2.0,2.0,1.5
1788445902722,2026-09-03 16:31:42.722,C3:00:00:63:4D:04,-70,127,2.0,2.0,1.5
1788445902831,2026-09-03 16:31:42.831,C3:00:00:63:4D:04,-63,127,2.0,2.0,1.5
1788445902851,2026-09-03 16:31:42.851,C3:00:00:63:4D:04,-63,127,2.0,2.0,1.5
1788445902928,2026-09-03 16:31:42.928,C3:00:00:63:4D:04,-58,127,2.0,2.0,1.5
1788445903025,2026-09-03 16:31:43.025,C3:00:00:63:4D:04,-70,127,2.0,2.0,1.5
1788445903129,2026-09-03 16:31:43.129,C3:00:00:63:4D:04,-61,127,2.0,2.0,1.5
1788445903231,2026-09-03 16:31:43.231,C3:00:00:63:4D:04,-58,127,2.0,2.0,1.5
1788445903329,2026-09-03 16:31:43.329,C3:00:00:63:4D:04,-69,127,2.0,2.0,1.5
1788445903432,2026-09-03 16:31:43.432,C3:00:00:63:4D:04,-61,127,2.0,2.0,1.5
1788445903532,2026-09-03 16:31:43.532,C3:00:00:63:4D:04,-58,127,2.0,2.0,1.5
1788445903645,2026-09-03 16:31:43.645,C3:00:00:63:4D:04,-70,127,2.0,2.0,1.5
1788445903762,2026-09-03 16:31:43.762,C3:00:00:63:4D:04,-63,127,2.0,2.0,1.5
1788445903855,2026-09-03 16:31:43.855,C3:00:00:63:4D:04,-58,127,2.0,2.0,1.5
1788445903949,2026-09-03 16:31:43.949,C3:00:00:63:4D:04,-70,127,2.0,2.0,1.5
1788445904150,2026-09-03 16:31:44.150,C3:00:00:63:4D:04,-58,127,2.0,2.0,1.5
1788445904252,2026-09-03 16:31:44.252,C3:00:00:63:4D:04,-70,127,2.0,2.0,1.5
1788445904347,2026-09-03 16:31:44.347,C3:00:00:63:4D:04,-63,127,2.0,2.0,1.5
1788445904464,2026-09-03 16:31:44.464,C3:00:00:63:4D:04,-58,127,2.0,2.0,1.5
1788445904660,2026-09-03 16:31:44.660,C3:00:00:63:4D:04,-63,127,2.0,2.0,1.5
1788445904763,2026-09-03 16:31:44.763,C3:00:00:63:4D:04,-70,127,2.0,2.0,1.5
1788445904867,2026-09-03 16:31:44.867,C3:00:00:63:4D:04,-63,127,2.0,2.0,1.5
1788445904986,2026-09-03 16:31:44.986,C3:00:00:63:4D:04,-58,127,2.0,2.0,1.5
1788445905172,2026-09-03 16:31:45.172,C3:00:00:63:4D:04,-63,127,2.0,2.0,1.5
1788445905274,2026-09-03 16:31:45.274,C3:00:00:63:4D:04,-58,127,2.0,2.0,1.5
1788445905373,2026-09-03 16:31:45.373,C3:00:00:63:4D:04,-70,127,2.0,2.0,1.5
1788445905483,2026-09-03 16:31:45.483,C3:00:00:63:4D:04,-62,127,2.0,2.0,1.5
1788445905580,2026-09-03 16:31:45.580,C3:00:00:63:4D:04,-60,127,2.0,2.0,1.5
1788445905775,2026-09-03 16:31:45.775,C3:00:00:63:4D:04,-63,127,2.0,2.0,1.5
1788445905925,2026-09-03 16:31:45.925,C3:00:00:63:4D:04,-60,127,2.0,2.0,1.5
1788445905996,2026-09-03 16:31:45.996,C3:00:00:63:4D:04,-71,127,2.0,2.0,1.5
1788445906049,2026-09-03 16:31:46.049,C3:00:00:63:4D:04,-71,127,2.0,2.0,1.5
1788445906189,2026-09-03 16:31:46.189,C3:00:00:63:4D:04,-60,127,2.0,2.0,1.5
1788445906291,2026-09-03 16:31:46.291,C3:00:00:63:4D:04,-71,127,2.0,2.0,1.5
1788445906397,2026-09-03 16:31:46.397,C3:00:00:63:4D:04,-63,127,2.0,2.0,1.5
1788445906491,2026-09-03 16:31:46.491,C3:00:00:63:4D:04,-60,127,2.0,2.0,1.5
1788445906597,2026-09-03 16:31:46.597,C3:00:00:63:4D:04,-71,127,2.0,2.0,1.5
1788445906694,2026-09-03 16:31:46.694,C3:00:00:63:4D:04,-63,127,2.0,2.0,1.5
1788445906797,2026-09-03 16:31:46.797,C3:00:00:63:4D:04,-60,127,2.0,2.0,1.5
1788445906857,2026-09-03 16:31:46.857,C3:00:00:63:4D:04,-60,127,2.0,2.0,1.5
1788445906898,2026-09-03 16:31:46.898,C3:00:00:63:4D:04,-71,127,2.0,2.0,1.5
1788445906997,2026-09-03 16:31:46.997,C3:00:00:63:4D:04,-63,127,2.0,2.0,1.5
1788445907022,2026-09-03 16:31:47.022,C3:00:00:63:4D:04,-63,127,2.0,2.0,1.5
1788445907115,2026-09-03 16:31:47.115,C3:00:00:63:4D:04,-60,127,2.0,2.0,1.5
1788445907219,2026-09-03 16:31:47.219,C3:00:00:63:4D:04,-71,127,2.0,2.0,1.5
1788445907321,2026-09-03 16:31:47.321,C3:00:00:63:4D:04,-63,127,2.0,2.0,1.5
1788445907423,2026-09-03 16:31:47.423,C3:00:00:63:4D:04,-60,127,2.0,2.0,1.5
1788445907524,2026-09-03 16:31:47.524,C3:00:00:63:4D:04,-70,127,2.0,2.0,1.5
1788445907627,2026-09-03 16:31:47.627,C3:00:00:63:4D:04,-63,127,2.0,2.0,1.5
1788445907825,2026-09-03 16:31:47.825,C3:00:00:63:4D:04,-71,127,2.0,2.0,1.5
1788445907922,2026-09-03 16:31:47.922,C3:00:00:63:4D:04,-63,127,2.0,2.0,1.5
1788445908027,2026-09-03 16:31:48.027,C3:00:00:63:4D:04,-59,127,2.0,2.0,1.5
1788445908068,2026-09-03 16:31:48.068,C3:00:00:63:4D:04,-71,127,2.0,2.0,1.5
1788445908127,2026-09-03 16:31:48.127,C3:00:00:63:4D:04,-71,127,2.0,2.0,1.5
1788445908176,2026-09-03 16:31:48.176,C3:00:00:63:4D:04,-70,127,2.0,2.0,1.5
1788445908225,2026-09-03 16:31:48.225,C3:00:00:63:4D:04,-63,127,2.0,2.0,1.5
1788445908329,2026-09-03 16:31:48.329,C3:00:00:63:4D:04,-59,127,2.0,2.0,1.5
1788445908435,2026-09-03 16:31:48.435,C3:00:00:63:4D:04,-70,127,2.0,2.0,1.5
1788445908531,2026-09-03 16:31:48.531,C3:00:00:63:4D:04,-63,127,2.0,2.0,1.5
1788445908838,2026-09-03 16:31:48.838,C3:00:00:63:4D:04,-61,127,2.0,2.0,1.5
1788445908945,2026-09-03 16:31:48.945,C3:00:00:63:4D:04,-58,127,2.0,2.0,1.5
1788445909007,2026-09-03 16:31:49.007,C3:00:00:63:4D:04,-67,127,2.0,2.0,1.5
1788445909146,2026-09-03 16:31:49.146,C3:00:00:63:4D:04,-61,127,2.0,2.0,1.5
1788445909259,2026-09-03 16:31:49.259,C3:00:00:63:4D:04,-58,127,2.0,2.0,1.5
1788445909450,2026-09-03 16:31:49.450,C3:00:00:63:4D:04,-62,127,2.0,2.0,1.5
1788445909559,2026-09-03 16:31:49.559,C3:00:00:63:4D:04,-58,127,2.0,2.0,1.5
1788445909656,2026-09-03 16:31:49.656,C3:00:00:63:4D:04,-69,127,2.0,2.0,1.5
1788445909760,2026-09-03 16:31:49.760,C3:00:00:63:4D:04,-58,127,2.0,2.0,1.5
1788445909863,2026-09-03 16:31:49.863,C3:00:00:63:4D:04,-58,127,2.0,2.0,1.5
1788445909962,2026-09-03 16:31:49.962,C3:00:00:63:4D:04,-62,127,2.0,2.0,1.5
1788445910069,2026-09-03 16:31:50.069,C3:00:00:63:4D:04,-58,127,2.0,2.0,1.5
1788445910175,2026-09-03 16:31:50.175,C3:00:00:63:4D:04,-70,127,2.0,2.0,1.5
1788445910263,2026-09-03 16:31:50.263,C3:00:00:63:4D:04,-63,127,2.0,2.0,1.5
1788445910385,2026-09-03 16:31:50.385,C3:00:00:63:4D:04,-58,127,2.0,2.0,1.5
1788445910469,2026-09-03 16:31:50.469,C3:00:00:63:4D:04,-70,127,2.0,2.0,1.5
1788445910568,2026-09-03 16:31:50.568,C3:00:00:63:4D:04,-63,127,2.0,2.0,1.5
1788445910685,2026-09-03 16:31:50.685,C3:00:00:63:4D:04,-58,127,2.0,2.0,1.5
1788445910788,2026-09-03 16:31:50.788,C3:00:00:63:4D:04,-68,127,2.0,2.0,1.5
1788445910861,2026-09-03 16:31:50.861,C3:00:00:63:4D:04,-62,127,2.0,2.0,1.5
1788445910890,2026-09-03 16:31:50.890,C3:00:00:63:4D:04,-62,127,2.0,2.0,1.5
1788445910985,2026-09-03 16:31:50.985,C3:00:00:63:4D:04,-58,127,2.0,2.0,1.5
1788445911089,2026-09-03 16:31:51.089,C3:00:00:63:4D:04,-68,127,2.0,2.0,1.5
1788445911191,2026-09-03 16:31:51.191,C3:00:00:63:4D:04,-62,127,2.0,2.0,1.5
1788445911291,2026-09-03 16:31:51.291,C3:00:00:63:4D:04,-58,127,2.0,2.0,1.5
1788445911490,2026-09-03 16:31:51.490,C3:00:00:63:4D:04,-63,127,2.0,2.0,1.5
1788445911692,2026-09-03 16:31:51.692,C3:00:00:63:4D:04,-70,127,2.0,2.0,1.5
1788445911800,2026-09-03 16:31:51.800,C3:00:00:63:4D:04,-62,127,2.0,2.0,1.5
1788445911902,2026-09-03 16:31:51.902,C3:00:00:63:4D:04,-58,127,2.0,2.0,1.5
1788445912018,2026-09-03 16:31:52.018,C3:00:00:63:4D:04,-67,127,2.0,2.0,1.5
1788445912117,2026-09-03 16:31:52.117,C3:00:00:63:4D:04,-63,127,2.0,2.0,1.5
1788445912205,2026-09-03 16:31:52.205,C3:00:00:63:4D:04,-58,127,2.0,2.0,1.5
1788445912320,2026-09-03 16:31:52.320,C3:00:00:63:4D:04,-67,127,2.0,2.0,1.5
1788445912415,2026-09-03 16:31:52.415,C3:00:00:63:4D:04,-61,127,2.0,2.0,1.5
1788445912522,2026-09-03 16:31:52.522,C3:00:00:63:4D:04,-57,127,2.0,2.0,1.5
1788445912623,2026-09-03 16:31:52.623,C3:00:00:63:4D:04,-67,127,2.0,2.0,1.5
1788445912717,2026-09-03 16:31:52.717,C3:00:00:63:4D:04,-62,127,2.0,2.0,1.5
1788445912822,2026-09-03 16:31:52.822,C3:00:00:63:4D:04,-58,127,2.0,2.0,1.5
1788445912924,2026-09-03 16:31:52.924,C3:00:00:63:4D:04,-67,127,2.0,2.0,1.5
1788445913036,2026-09-03 16:31:53.036,C3:00:00:63:4D:04,-62,127,2.0,2.0,1.5
1788445913233,2026-09-03 16:31:53.233,C3:00:00:63:4D:04,-67,127,2.0,2.0,1.5
1788445913534,2026-09-03 16:31:53.534,C3:00:00:63:4D:04,-67,127,2.0,2.0,1.5
1788445913732,2026-09-03 16:31:53.732,C3:00:00:63:4D:04,-57,127,2.0,2.0,1.5
1788445913948,2026-09-03 16:31:53.948,C3:00:00:63:4D:04,-62,127,2.0,2.0,1.5
1788445914114,2026-09-03 16:31:54.114,C3:00:00:63:4D:04,-67,127,2.0,2.0,1.5
1788445914261,2026-09-03 16:31:54.261,C3:00:00:63:4D:04,-61,127,2.0,2.0,1.5
1788445914353,2026-09-03 16:31:54.353,C3:00:00:63:4D:04,-58,127,2.0,2.0,1.5
1788445914658,2026-09-03 16:31:54.658,C3:00:00:63:4D:04,-58,127,2.0,2.0,1.5
1788445914756,2026-09-03 16:31:54.756,C3:00:00:63:4D:04,-69,127,2.0,2.0,1.5
1788445914864,2026-09-03 16:31:54.864,C3:00:00:63:4D:04,-63,127,2.0,2.0,1.5
1788445914874,2026-09-03 16:31:54.874,C3:00:00:63:4D:04,-58,127,2.0,2.0,1.5
1788445914963,2026-09-03 16:31:54.963,C3:00:00:63:4D:04,-58,127,2.0,2.0,1.5
1788445915273,2026-09-03 16:31:55.273,C3:00:00:63:4D:04,-68,127,2.0,2.0,1.5
1788445915580,2026-09-03 16:31:55.580,C3:00:00:63:4D:04,-69,127,2.0,2.0,1.5
1788445915673,2026-09-03 16:31:55.673,C3:00:00:63:4D:04,-61,127,2.0,2.0,1.5
1788445915780,2026-09-03 16:31:55.780,C3:00:00:63:4D:04,-58,127,2.0,2.0,1.5
1788445915887,2026-09-03 16:31:55.887,C3:00:00:63:4D:04,-69,127,2.0,2.0,1.5
1788445915977,2026-09-03 16:31:55.977,C3:00:00:63:4D:04,-61,127,2.0,2.0,1.5
1788445916084,2026-09-03 16:31:56.084,C3:00:00:63:4D:04,-58,127,2.0,2.0,1.5
1788445916116,2026-09-03 16:31:56.116,C3:00:00:63:4D:04,-58,127,2.0,2.0,1.5
1788445916178,2026-09-03 16:31:56.178,C3:00:00:63:4D:04,-69,127,2.0,2.0,1.5
1788445916203,2026-09-03 16:31:56.203,C3:00:00:63:4D:04,-76,127,2.0,2.0,1.5
1788445916388,2026-09-03 16:31:56.388,C3:00:00:63:4D:04,-57,127,2.0,2.0,1.5
1788445916493,2026-09-03 16:31:56.493,C3:00:00:63:4D:04,-69,127,2.0,2.0,1.5
1788445916592,2026-09-03 16:31:56.592,C3:00:00:63:4D:04,-63,127,2.0,2.0,1.5
1788445916692,2026-09-03 16:31:56.692,C3:00:00:63:4D:04,-57,127,2.0,2.0,1.5
1788445916813,2026-09-03 16:31:56.813,C3:00:00:63:4D:04,-69,127,2.0,2.0,1.5
1788445916896,2026-09-03 16:31:56.896,C3:00:00:63:4D:04,-61,127,2.0,2.0,1.5
1788445917010,2026-09-03 16:31:57.010,C3:00:00:63:4D:04,-58,127,2.0,2.0,1.5
1788445917030,2026-09-03 16:31:57.030,C3:00:00:63:4D:04,-58,127,2.0,2.0,1.5
1788445917108,2026-09-03 16:31:57.108,C3:00:00:63:4D:04,-69,127,2.0,2.0,1.5
1788445917302,2026-09-03 16:31:57.302,C3:00:00:63:4D:04,-57,127,2.0,2.0,1.5
1788445917408,2026-09-03 16:31:57.408,C3:00:00:63:4D:04,-69,127,2.0,2.0,1.5
1788445917513,2026-09-03 16:31:57.513,C3:00:00:63:4D:04,-62,127,2.0,2.0,1.5
1788445917618,2026-09-03 16:31:57.618,C3:00:00:63:4D:04,-58,127,2.0,2.0,1.5
1788445917721,2026-09-03 16:31:57.721,C3:00:00:63:4D:04,-69,127,2.0,2.0,1.5
1788445917820,2026-09-03 16:31:57.820,C3:00:00:63:4D:04,-62,127,2.0,2.0,1.5
1788445917924,2026-09-03 16:31:57.924,C3:00:00:63:4D:04,-58,127,2.0,2.0,1.5
1788445918025,2026-09-03 16:31:58.025,C3:00:00:63:4D:04,-69,127,2.0,2.0,1.5
1788445918124,2026-09-03 16:31:58.124,C3:00:00:63:4D:04,-61,127,2.0,2.0,1.5
1788445918221,2026-09-03 16:31:58.221,C3:00:00:63:4D:04,-57,127,2.0,2.0,1.5
1788445918329,2026-09-03 16:31:58.329,C3:00:00:63:4D:04,-69,127,2.0,2.0,1.5
1788445918434,2026-09-03 16:31:58.434,C3:00:00:63:4D:04,-61,127,2.0,2.0,1.5
1788445918532,2026-09-03 16:31:58.532,C3:00:00:63:4D:04,-57,127,2.0,2.0,1.5
1788445918628,2026-09-03 16:31:58.628,C3:00:00:63:4D:04,-69,127,2.0,2.0,1.5
1788445918729,2026-09-03 16:31:58.729,C3:00:00:63:4D:04,-62,127,2.0,2.0,1.5
1788445918847,2026-09-03 16:31:58.847,C3:00:00:63:4D:04,-58,127,2.0,2.0,1.5
1788445918883,2026-09-03 16:31:58.883,C3:00:00:63:4D:04,-69,127,2.0,2.0,1.5
1788445918947,2026-09-03 16:31:58.947,C3:00:00:63:4D:04,-69,127,2.0,2.0,1.5
1788445919047,2026-09-03 16:31:59.047,C3:00:00:63:4D:04,-62,127,2.0,2.0,1.5
1788445919068,2026-09-03 16:31:59.068,C3:00:00:63:4D:04,-57,127,2.0,2.0,1.5
1788445919149,2026-09-03 16:31:59.149,C3:00:00:63:4D:04,-57,127,2.0,2.0,1.5
1788445919247,2026-09-03 16:31:59.247,C3:00:00:63:4D:04,-69,127,2.0,2.0,1.5
1788445919352,2026-09-03 16:31:59.352,C3:00:00:63:4D:04,-62,127,2.0,2.0,1.5
1788445919446,2026-09-03 16:31:59.446,C3:00:00:63:4D:04,-58,127,2.0,2.0,1.5
1788445919548,2026-09-03 16:31:59.548,C3:00:00:63:4D:04,-69,127,2.0,2.0,1.5
1788445919654,2026-09-03 16:31:59.654,C3:00:00:63:4D:04,-62,127,2.0,2.0,1.5
1788445919757,2026-09-03 16:31:59.757,C3:00:00:63:4D:04,-57,127,2.0,2.0,1.5
1788445919954,2026-09-03 16:31:59.954,C3:00:00:63:4D:04,-62,127,2.0,2.0,1.5
1788445920069,2026-09-03 16:32:00.069,C3:00:00:63:4D:04,-57,127,2.0,2.0,1.5
1788445920148,2026-09-03 16:32:00.148,C3:00:00:63:4D:04,-69,127,2.0,2.0,1.5
1788445920161,2026-09-03 16:32:00.161,C3:00:00:63:4D:04,-62,127,2.0,2.0,1.5
1788445920274,2026-09-03 16:32:00.274,C3:00:00:63:4D:04,-57,127,2.0,2.0,1.5
1788445920368,2026-09-03 16:32:00.368,C3:00:00:63:4D:04,-69,127,2.0,2.0,1.5
1788445920473,2026-09-03 16:32:00.473,C3:00:00:63:4D:04,-62,127,2.0,2.0,1.5
1788445920578,2026-09-03 16:32:00.578,C3:00:00:63:4D:04,-57,127,2.0,2.0,1.5
1788445920680,2026-09-03 16:32:00.680,C3:00:00:63:4D:04,-68,127,2.0,2.0,1.5
1788445920775,2026-09-03 16:32:00.775,C3:00:00:63:4D:04,-62,127,2.0,2.0,1.5
1788445920879,2026-09-03 16:32:00.879,C3:00:00:63:4D:04,-57,127,2.0,2.0,1.5
1788445920989,2026-09-03 16:32:00.989,C3:00:00:63:4D:04,-69,127,2.0,2.0,1.5
1788445921058,2026-09-03 16:32:01.058,C3:00:00:63:4D:04,-69,127,2.0,2.0,1.5
1788445921194,2026-09-03 16:32:01.194,C3:00:00:63:4D:04,-57,127,2.0,2.0,1.5
1788445921381,2026-09-03 16:32:01.381,C3:00:00:63:4D:04,-62,127,2.0,2.0,1.5
1788445921489,2026-09-03 16:32:01.489,C3:00:00:63:4D:04,-57,127,2.0,2.0,1.5
1788445921592,2026-09-03 16:32:01.592,C3:00:00:63:4D:04,-69,127,2.0,2.0,1.5
1788445921688,2026-09-03 16:32:01.688,C3:00:00:63:4D:04,-62,127,2.0,2.0,1.5
1788445921795,2026-09-03 16:32:01.795,C3:00:00:63:4D:04,-57,127,2.0,2.0,1.5
1788445921911,2026-09-03 16:32:01.911,C3:00:00:63:4D:04,-69,127,2.0,2.0,1.5
1788445922006,2026-09-03 16:32:02.006,C3:00:00:63:4D:04,-62,127,2.0,2.0,1.5
1788445922113,2026-09-03 16:32:02.113,C3:00:00:63:4D:04,-58,127,2.0,2.0,1.5
1788445922179,2026-09-03 16:32:02.179,C3:00:00:63:4D:04,-68,127,2.0,2.0,1.5
1788445922229,2026-09-03 16:32:02.229,C3:00:00:63:4D:04,-71,127,2.0,2.0,1.5
1788445922323,2026-09-03 16:32:02.323,C3:00:00:63:4D:04,-62,127,2.0,2.0,1.5
1788445922411,2026-09-03 16:32:02.411,C3:00:00:63:4D:04,-59,127,2.0,2.0,1.5
1788445922511,2026-09-03 16:32:02.511,C3:00:00:63:4D:04,-71,127,2.0,2.0,1.5
1788445922607,2026-09-03 16:32:02.607,C3:00:00:63:4D:04,-62,127,2.0,2.0,1.5
1788445922713,2026-09-03 16:32:02.713,C3:00:00:63:4D:04,-59,127,2.0,2.0,1.5
1788445922824,2026-09-03 16:32:02.824,C3:00:00:63:4D:04,-71,127,2.0,2.0,1.5
1788445922874,2026-09-03 16:32:02.874,C3:00:00:63:4D:04,-63,127,2.0,2.0,1.5
1788445922924,2026-09-03 16:32:02.924,C3:00:00:63:4D:04,-62,127,2.0,2.0,1.5
1788445923022,2026-09-03 16:32:03.022,C3:00:00:63:4D:04,-59,127,2.0,2.0,1.5
1788445923078,2026-09-03 16:32:03.078,C3:00:00:63:4D:04,-71,127,2.0,2.0,1.5
1788445923329,2026-09-03 16:32:03.329,C3:00:00:63:4D:04,-57,127,2.0,2.0,1.5
1788445923425,2026-09-03 16:32:03.425,C3:00:00:63:4D:04,-71,127,2.0,2.0,1.5
1788445923523,2026-09-03 16:32:03.523,C3:00:00:63:4D:04,-61,127,2.0,2.0,1.5
1788445923626,2026-09-03 16:32:03.626,C3:00:00:63:4D:04,-59,127,2.0,2.0,1.5
1788445923839,2026-09-03 16:32:03.839,C3:00:00:63:4D:04,-62,127,2.0,2.0,1.5
1788445924045,2026-09-03 16:32:04.045,C3:00:00:63:4D:04,-71,127,2.0,2.0,1.5
1788445924145,2026-09-03 16:32:04.145,C3:00:00:63:4D:04,-62,127,2.0,2.0,1.5
1788445924177,2026-09-03 16:32:04.177,C3:00:00:63:4D:04,-60,127,2.0,2.0,1.5
1788445924220,2026-09-03 16:32:04.220,C3:00:00:63:4D:04,-66,127,2.0,2.0,1.5
1788445924247,2026-09-03 16:32:04.247,C3:00:00:63:4D:04,-59,127,2.0,2.0,1.5
1788445924454,2026-09-03 16:32:04.454,C3:00:00:63:4D:04,-62,127,2.0,2.0,1.5
1788445924551,2026-09-03 16:32:04.551,C3:00:00:63:4D:04,-59,127,2.0,2.0,1.5
1788445924675,2026-09-03 16:32:04.675,C3:00:00:63:4D:04,-68,127,2.0,2.0,1.5
1788445924753,2026-09-03 16:32:04.753,C3:00:00:63:4D:04,-62,127,2.0,2.0,1.5
1788445924856,2026-09-03 16:32:04.856,C3:00:00:63:4D:04,-58,127,2.0,2.0,1.5
1788445925058,2026-09-03 16:32:05.058,C3:00:00:63:4D:04,-62,127,2.0,2.0,1.5
1788445925174,2026-09-03 16:32:05.174,C3:00:00:63:4D:04,-68,127,2.0,2.0,1.5
1788445925375,2026-09-03 16:32:05.375,C3:00:00:63:4D:04,-57,127,2.0,2.0,1.5
1788445925780,2026-09-03 16:32:05.780,C3:00:00:63:4D:04,-69,127,2.0,2.0,1.5
1788445925882,2026-09-03 16:32:05.882,C3:00:00:63:4D:04,-62,127,2.0,2.0,1.5
1788445925976,2026-09-03 16:32:05.976,C3:00:00:63:4D:04,-57,127,2.0,2.0,1.5
1788445926104,2026-09-03 16:32:06.104,C3:00:00:63:4D:04,-66,127,2.0,2.0,1.5
1788445926183,2026-09-03 16:32:06.183,C3:00:00:63:4D:04,-62,127,2.0,2.0,1.5
1788445926206,2026-09-03 16:32:06.206,C3:00:00:63:4D:04,-62,127,2.0,2.0,1.5
1788445926283,2026-09-03 16:32:06.283,C3:00:00:63:4D:04,-58,127,2.0,2.0,1.5
1788445926387,2026-09-03 16:32:06.387,C3:00:00:63:4D:04,-67,127,2.0,2.0,1.5
1788445926488,2026-09-03 16:32:06.488,C3:00:00:63:4D:04,-62,127,2.0,2.0,1.5
1788445926685,2026-09-03 16:32:06.685,C3:00:00:63:4D:04,-70,127,2.0,2.0,1.5
1788445926789,2026-09-03 16:32:06.789,C3:00:00:63:4D:04,-62,127,2.0,2.0,1.5
1788445926881,2026-09-03 16:32:06.881,C3:00:00:63:4D:04,-58,127,2.0,2.0,1.5
1788445926994,2026-09-03 16:32:06.994,C3:00:00:63:4D:04,-68,127,2.0,2.0,1.5
1788445927083,2026-09-03 16:32:07.083,C3:00:00:63:4D:04,-62,127,2.0,2.0,1.5
1788445927104,2026-09-03 16:32:07.104,C3:00:00:63:4D:04,-62,127,2.0,2.0,1.5
1788445927305,2026-09-03 16:32:07.305,C3:00:00:63:4D:04,-69,127,2.0,2.0,1.5
1788445927400,2026-09-03 16:32:07.400,C3:00:00:63:4D:04,-60,127,2.0,2.0,1.5
1788445927523,2026-09-03 16:32:07.523,C3:00:00:63:4D:04,-58,127,2.0,2.0,1.5
1788445927609,2026-09-03 16:32:07.609,C3:00:00:63:4D:04,-68,127,2.0,2.0,1.5
1788445927812,2026-09-03 16:32:07.812,C3:00:00:63:4D:04,-58,127,2.0,2.0,1.5
1788445927921,2026-09-03 16:32:07.921,C3:00:00:63:4D:04,-68,127,2.0,2.0,1.5
1788445928014,2026-09-03 16:32:08.014,C3:00:00:63:4D:04,-63,127,2.0,2.0,1.5
1788445928121,2026-09-03 16:32:08.121,C3:00:00:63:4D:04,-58,127,2.0,2.0,1.5
1788445928206,2026-09-03 16:32:08.206,C3:00:00:63:4D:04,-66,127,2.0,2.0,1.5
1788445928323,2026-09-03 16:32:08.323,C3:00:00:63:4D:04,-60,127,2.0,2.0,1.5
1788445928434,2026-09-03 16:32:08.434,C3:00:00:63:4D:04,-57,127,2.0,2.0,1.5
1788445928524,2026-09-03 16:32:08.524,C3:00:00:63:4D:04,-70,127,2.0,2.0,1.5
1788445928620,2026-09-03 16:32:08.620,C3:00:00:63:4D:04,-63,127,2.0,2.0,1.5
1788445928731,2026-09-03 16:32:08.731,C3:00:00:63:4D:04,-56,127,2.0,2.0,1.5
1788445928836,2026-09-03 16:32:08.836,C3:00:00:63:4D:04,-66,127,2.0,2.0,1.5
1788445928937,2026-09-03 16:32:08.937,C3:00:00:63:4D:04,-62,127,2.0,2.0,1.5
1788445929037,2026-09-03 16:32:09.037,C3:00:00:63:4D:04,-56,127,2.0,2.0,1.5
1788445929089,2026-09-03 16:32:09.089,C3:00:00:63:4D:04,-67,127,2.0,2.0,1.5
1788445929141,2026-09-03 16:32:09.141,C3:00:00:63:4D:04,-66,127,2.0,2.0,1.5
1788445929243,2026-09-03 16:32:09.243,C3:00:00:63:4D:04,-61,127,2.0,2.0,1.5
1788445929353,2026-09-03 16:32:09.353,C3:00:00:63:4D:04,-56,127,2.0,2.0,1.5
1788445929446,2026-09-03 16:32:09.446,C3:00:00:63:4D:04,-72,127,2.0,2.0,1.5
1788445929544,2026-09-03 16:32:09.544,C3:00:00:63:4D:04,-60,127,2.0,2.0,1.5
1788445929654,2026-09-03 16:32:09.654,C3:00:00:63:4D:04,-56,127,2.0,2.0,1.5
1788445929750,2026-09-03 16:32:09.750,C3:00:00:63:4D:04,-70,127,2.0,2.0,1.5
1788445929847,2026-09-03 16:32:09.847,C3:00:00:63:4D:04,-60,127,2.0,2.0,1.5
1788445929950,2026-09-03 16:32:09.950,C3:00:00:63:4D:04,-56,127,2.0,2.0,1.5
1788445930167,2026-09-03 16:32:10.167,C3:00:00:63:4D:04,-57,127,2.0,2.0,1.5
1788445930219,2026-09-03 16:32:10.219,C3:00:00:63:4D:04,-56,127,2.0,2.0,1.5
1788445930266,2026-09-03 16:32:10.266,C3:00:00:63:4D:04,-56,127,2.0,2.0,1.5
1788445930368,2026-09-03 16:32:10.368,C3:00:00:63:4D:04,-60,127,2.0,2.0,1.5
1788445930463,2026-09-03 16:32:10.463,C3:00:00:63:4D:04,-60,127,2.0,2.0,1.5
1788445930571,2026-09-03 16:32:10.571,C3:00:00:63:4D:04,-66,127,2.0,2.0,1.5
1788445930777,2026-09-03 16:32:10.777,C3:00:00:63:4D:04,-56,127,2.0,2.0,1.5
1788445930870,2026-09-03 16:32:10.870,C3:00:00:63:4D:04,-66,127,2.0,2.0,1.5
1788445930893,2026-09-03 16:32:10.893,C3:00:00:63:4D:04,-68,127,2.0,2.0,1.5
1788445930971,2026-09-03 16:32:10.971,C3:00:00:63:4D:04,-61,127,2.0,2.0,1.5
1788445931073,2026-09-03 16:32:11.073,C3:00:00:63:4D:04,-56,127,2.0,2.0,1.5
1788445931102,2026-09-03 16:32:11.102,C3:00:00:63:4D:04,-57,127,2.0,2.0,1.5
1788445931183,2026-09-03 16:32:11.183,C3:00:00:63:4D:04,-67,127,2.0,2.0,1.5
1788445931276,2026-09-03 16:32:11.276,C3:00:00:63:4D:04,-60,127,2.0,2.0,1.5
1788445931482,2026-09-03 16:32:11.482,C3:00:00:63:4D:04,-67,127,2.0,2.0,1.5
1788445931581,2026-09-03 16:32:11.581,C3:00:00:63:4D:04,-60,127,2.0,2.0,1.5
1788445931697,2026-09-03 16:32:11.697,C3:00:00:63:4D:04,-58,127,2.0,2.0,1.5
1788445931887,2026-09-03 16:32:11.887,C3:00:00:63:4D:04,-61,127,2.0,2.0,1.5
1788445932005,2026-09-03 16:32:12.005,C3:00:00:63:4D:04,-57,127,2.0,2.0,1.5
1788445932099,2026-09-03 16:32:12.099,C3:00:00:63:4D:04,-70,127,2.0,2.0,1.5
1788445932206,2026-09-03 16:32:12.206,C3:00:00:63:4D:04,-61,127,2.0,2.0,1.5
1788445932234,2026-09-03 16:32:12.234,C3:00:00:63:4D:04,-61,127,2.0,2.0,1.5
1788445932247,2026-09-03 16:32:12.247,C3:00:00:63:4D:04,-69,127,2.0,2.0,1.5
1788445932410,2026-09-03 16:32:12.410,C3:00:00:63:4D:04,-70,127,2.0,2.0,1.5
1788445932502,2026-09-03 16:32:12.502,C3:00:00:63:4D:04,-61,127,2.0,2.0,1.5
1788445932608,2026-09-03 16:32:12.608,C3:00:00:63:4D:04,-57,127,2.0,2.0,1.5
1788445932706,2026-09-03 16:32:12.706,C3:00:00:63:4D:04,-67,127,2.0,2.0,1.5
1788445932813,2026-09-03 16:32:12.813,C3:00:00:63:4D:04,-61,127,2.0,2.0,1.5
1788445932906,2026-09-03 16:32:12.906,C3:00:00:63:4D:04,-58,127,2.0,2.0,1.5
1788445933013,2026-09-03 16:32:13.013,C3:00:00:63:4D:04,-68,127,2.0,2.0,1.5
1788445933110,2026-09-03 16:32:13.110,C3:00:00:63:4D:04,-60,127,2.0,2.0,1.5
1788445933213,2026-09-03 16:32:13.213,C3:00:00:63:4D:04,-58,127,2.0,2.0,1.5
1788445933335,2026-09-03 16:32:13.335,C3:00:00:63:4D:04,-68,127,2.0,2.0,1.5
1788445933428,2026-09-03 16:32:13.428,C3:00:00:63:4D:04,-60,127,2.0,2.0,1.5
1788445933541,2026-09-03 16:32:13.541,C3:00:00:63:4D:04,-57,127,2.0,2.0,1.5
1788445933634,2026-09-03 16:32:13.634,C3:00:00:63:4D:04,-66,127,2.0,2.0,1.5
1788445933740,2026-09-03 16:32:13.740,C3:00:00:63:4D:04,-58,127,2.0,2.0,1.5
1788445933847,2026-09-03 16:32:13.847,C3:00:00:63:4D:04,-57,127,2.0,2.0,1.5
1788445933940,2026-09-03 16:32:13.940,C3:00:00:63:4D:04,-66,127,2.0,2.0,1.5
1788445934036,2026-09-03 16:32:14.036,C3:00:00:63:4D:04,-60,127,2.0,2.0,1.5
1788445934138,2026-09-03 16:32:14.138,C3:00:00:63:4D:04,-56,127,2.0,2.0,1.5
1788445934247,2026-09-03 16:32:14.247,C3:00:00:63:4D:04,-63,127,2.0,2.0,1.5
1788445934268,2026-09-03 16:32:14.268,C3:00:00:63:4D:04,-60,127,2.0,2.0,1.5
1788445934335,2026-09-03 16:32:14.335,C3:00:00:63:4D:04,-61,127,2.0,2.0,1.5
1788445934450,2026-09-03 16:32:14.450,C3:00:00:63:4D:04,-56,127,2.0,2.0,1.5
1788445934650,2026-09-03 16:32:14.650,C3:00:00:63:4D:04,-63,127,2.0,2.0,1.5
1788445934752,2026-09-03 16:32:14.752,C3:00:00:63:4D:04,-57,127,2.0,2.0,1.5
1788445934851,2026-09-03 16:32:14.851,C3:00:00:63:4D:04,-70,127,2.0,2.0,1.5
1788445934945,2026-09-03 16:32:14.945,C3:00:00:63:4D:04,-63,127,2.0,2.0,1.5
1788445935046,2026-09-03 16:32:15.046,C3:00:00:63:4D:04,-58,127,2.0,2.0,1.5
1788445935262,2026-09-03 16:32:15.262,C3:00:00:63:4D:04,-62,127,2.0,2.0,1.5
1788445935371,2026-09-03 16:32:15.371,C3:00:00:63:4D:04,-71,127,2.0,2.0,1.5
1788445935565,2026-09-03 16:32:15.565,C3:00:00:63:4D:04,-58,127,2.0,2.0,1.5
1788445935673,2026-09-03 16:32:15.673,C3:00:00:63:4D:04,-67,127,2.0,2.0,1.5
1788445935773,2026-09-03 16:32:15.773,C3:00:00:63:4D:04,-64,127,2.0,2.0,1.5
1788445935865,2026-09-03 16:32:15.865,C3:00:00:63:4D:04,-58,127,2.0,2.0,1.5
1788445935972,2026-09-03 16:32:15.972,C3:00:00:63:4D:04,-63,127,2.0,2.0,1.5
1788445936075,2026-09-03 16:32:16.075,C3:00:00:63:4D:04,-63,127,2.0,2.0,1.5
1788445936171,2026-09-03 16:32:16.171,C3:00:00:63:4D:04,-58,127,2.0,2.0,1.5
1788445936264,2026-09-03 16:32:16.264,C3:00:00:63:4D:04,-73,127,2.0,2.0,1.5
1788445936276,2026-09-03 16:32:16.276,C3:00:00:63:4D:04,-66,127,2.0,2.0,1.5
1788445936379,2026-09-03 16:32:16.379,C3:00:00:63:4D:04,-63,127,2.0,2.0,1.5
1788445936477,2026-09-03 16:32:16.477,C3:00:00:63:4D:04,-56,127,2.0,2.0,1.5
1788445936799,2026-09-03 16:32:16.799,C3:00:00:63:4D:04,-58,127,2.0,2.0,1.5
1788445936914,2026-09-03 16:32:16.914,C3:00:00:63:4D:04,-67,127,2.0,2.0,1.5
1788445936996,2026-09-03 16:32:16.996,C3:00:00:63:4D:04,-62,127,2.0,2.0,1.5
1788445937107,2026-09-03 16:32:17.107,C3:00:00:63:4D:04,-58,127,2.0,2.0,1.5
1788445937129,2026-09-03 16:32:17.129,C3:00:00:63:4D:04,-58,127,2.0,2.0,1.5
1788445937296,2026-09-03 16:32:17.296,C3:00:00:63:4D:04,-61,127,2.0,2.0,1.5
1788445937405,2026-09-03 16:32:17.405,C3:00:00:63:4D:04,-59,127,2.0,2.0,1.5
1788445937713,2026-09-03 16:32:17.713,C3:00:00:63:4D:04,-59,127,2.0,2.0,1.5
1788445937808,2026-09-03 16:32:17.808,C3:00:00:63:4D:04,-65,127,2.0,2.0,1.5
1788445937908,2026-09-03 16:32:17.908,C3:00:00:63:4D:04,-58,127,2.0,2.0,1.5
1788445938010,2026-09-03 16:32:18.010,C3:00:00:63:4D:04,-58,127,2.0,2.0,1.5
1788445938113,2026-09-03 16:32:18.113,C3:00:00:63:4D:04,-63,127,2.0,2.0,1.5
1788445938209,2026-09-03 16:32:18.209,C3:00:00:63:4D:04,-63,127,2.0,2.0,1.5
1788445938282,2026-09-03 16:32:18.282,C3:00:00:63:4D:04,-58,127,2.0,2.0,1.5
1788445938331,2026-09-03 16:32:18.331,C3:00:00:63:4D:04,-58,127,2.0,2.0,1.5
1788445938429,2026-09-03 16:32:18.429,C3:00:00:63:4D:04,-74,127,2.0,2.0,1.5
1788445938528,2026-09-03 16:32:18.528,C3:00:00:63:4D:04,-61,127,2.0,2.0,1.5
1788445938626,2026-09-03 16:32:18.626,C3:00:00:63:4D:04,-58,127,2.0,2.0,1.5
1788445938729,2026-09-03 16:32:18.729,C3:00:00:63:4D:04,-69,127,2.0,2.0,1.5
1788445938833,2026-09-03 16:32:18.833,C3:00:00:63:4D:04,-60,127,2.0,2.0,1.5
1788445938910,2026-09-03 16:32:18.910,C3:00:00:63:4D:04,-59,127,2.0,2.0,1.5
1788445938935,2026-09-03 16:32:18.935,C3:00:00:63:4D:04,-58,127,2.0,2.0,1.5
1788445939037,2026-09-03 16:32:19.037,C3:00:00:63:4D:04,-69,127,2.0,2.0,1.5
1788445939166,2026-09-03 16:32:19.166,C3:00:00:63:4D:04,-62,127,2.0,2.0,1.5
1788445939169,2026-09-03 16:32:19.169,C3:00:00:63:4D:04,-62,127,2.0,2.0,1.5
1788445939245,2026-09-03 16:32:19.245,C3:00:00:63:4D:04,-58,127,2.0,2.0,1.5
1788445939342,2026-09-03 16:32:19.342,C3:00:00:63:4D:04,-69,127,2.0,2.0,1.5
1788445939439,2026-09-03 16:32:19.439,C3:00:00:63:4D:04,-60,127,2.0,2.0,1.5
1788445939546,2026-09-03 16:32:19.546,C3:00:00:63:4D:04,-59,127,2.0,2.0,1.5
1788445939662,2026-09-03 16:32:19.662,C3:00:00:63:4D:04,-68,127,2.0,2.0,1.5
1788445939845,2026-09-03 16:32:19.845,C3:00:00:63:4D:04,-58,127,2.0,2.0,1.5
1788445939977,2026-09-03 16:32:19.977,C3:00:00:63:4D:04,-69,127,2.0,2.0,1.5
1788445940075,2026-09-03 16:32:20.075,C3:00:00:63:4D:04,-62,127,2.0,2.0,1.5
1788445940173,2026-09-03 16:32:20.173,C3:00:00:63:4D:04,-56,127,2.0,2.0,1.5
1788445940268,2026-09-03 16:32:20.268,C3:00:00:63:4D:04,-68,127,2.0,2.0,1.5
1788445940273,2026-09-03 16:32:20.273,C3:00:00:63:4D:04,-71,127,2.0,2.0,1.5
1788445940362,2026-09-03 16:32:20.362,C3:00:00:63:4D:04,-62,127,2.0,2.0,1.5
1788445940669,2026-09-03 16:32:20.669,C3:00:00:63:4D:04,-58,127,2.0,2.0,1.5
1788445940764,2026-09-03 16:32:20.764,C3:00:00:63:4D:04,-68,127,2.0,2.0,1.5
1788445941073,2026-09-03 16:32:21.073,C3:00:00:63:4D:04,-67,127,2.0,2.0,1.5
1788445941144,2026-09-03 16:32:21.144,C3:00:00:63:4D:04,-67,127,2.0,2.0,1.5
1788445941373,2026-09-03 16:32:21.373,C3:00:00:63:4D:04,-69,127,2.0,2.0,1.5
1788445941482,2026-09-03 16:32:21.482,C3:00:00:63:4D:04,-61,127,2.0,2.0,1.5
1788445941590,2026-09-03 16:32:21.590,C3:00:00:63:4D:04,-58,127,2.0,2.0,1.5
1788445941692,2026-09-03 16:32:21.692,C3:00:00:63:4D:04,-68,127,2.0,2.0,1.5
1788445941790,2026-09-03 16:32:21.790,C3:00:00:63:4D:04,-62,127,2.0,2.0,1.5
1788445941893,2026-09-03 16:32:21.893,C3:00:00:63:4D:04,-58,127,2.0,2.0,1.5
1788445941990,2026-09-03 16:32:21.990,C3:00:00:63:4D:04,-68,127,2.0,2.0,1.5
1788445942100,2026-09-03 16:32:22.100,C3:00:00:63:4D:04,-62,127,2.0,2.0,1.5
1788445942192,2026-09-03 16:32:22.192,C3:00:00:63:4D:04,-58,127,2.0,2.0,1.5
1788445942298,2026-09-03 16:32:22.298,C3:00:00:63:4D:04,-68,127,2.0,2.0,1.5
1788445942403,2026-09-03 16:32:22.403,C3:00:00:63:4D:04,-62,127,2.0,2.0,1.5
1788445942502,2026-09-03 16:32:22.502,C3:00:00:63:4D:04,-58,127,2.0,2.0,1.5
1788445942603,2026-09-03 16:32:22.603,C3:00:00:63:4D:04,-67,127,2.0,2.0,1.5
1788445942702,2026-09-03 16:32:22.702,C3:00:00:63:4D:04,-64,127,2.0,2.0,1.5
1788445942913,2026-09-03 16:32:22.913,C3:00:00:63:4D:04,-68,127,2.0,2.0,1.5
1788445942926,2026-09-03 16:32:22.926,C3:00:00:63:4D:04,-68,127,2.0,2.0,1.5
1788445943009,2026-09-03 16:32:23.009,C3:00:00:63:4D:04,-61,127,2.0,2.0,1.5
1788445943125,2026-09-03 16:32:23.125,C3:00:00:63:4D:04,-58,127,2.0,2.0,1.5
1788445943156,2026-09-03 16:32:23.156,C3:00:00:63:4D:04,-58,127,2.0,2.0,1.5
1788445943208,2026-09-03 16:32:23.208,C3:00:00:63:4D:04,-69,127,2.0,2.0,1.5
1788445943313,2026-09-03 16:32:23.313,C3:00:00:63:4D:04,-60,127,2.0,2.0,1.5
1788445943424,2026-09-03 16:32:23.424,C3:00:00:63:4D:04,-58,127,2.0,2.0,1.5
1788445943528,2026-09-03 16:32:23.528,C3:00:00:63:4D:04,-70,127,2.0,2.0,1.5
1788445943625,2026-09-03 16:32:23.625,C3:00:00:63:4D:04,-62,127,2.0,2.0,1.5
1788445943727,2026-09-03 16:32:23.727,C3:00:00:63:4D:04,-58,127,2.0,2.0,1.5
1788445943832,2026-09-03 16:32:23.832,C3:00:00:63:4D:04,-69,127,2.0,2.0,1.5
1788445943932,2026-09-03 16:32:23.932,C3:00:00:63:4D:04,-62,127,2.0,2.0,1.5
1788445944027,2026-09-03 16:32:24.027,C3:00:00:63:4D:04,-57,127,2.0,2.0,1.5
1788445944141,2026-09-03 16:32:24.141,C3:00:00:63:4D:04,-68,127,2.0,2.0,1.5
1788445944237,2026-09-03 16:32:24.237,C3:00:00:63:4D:04,-61,127,2.0,2.0,1.5
1788445944294,2026-09-03 16:32:24.294,C3:00:00:63:4D:04,-64,127,2.0,2.0,1.5
1788445944313,2026-09-03 16:32:24.313,C3:00:00:63:4D:04,-57,127,2.0,2.0,1.5
1788445944336,2026-09-03 16:32:24.336,C3:00:00:63:4D:04,-57,127,2.0,2.0,1.5
1788445944439,2026-09-03 16:32:24.439,C3:00:00:63:4D:04,-68,127,2.0,2.0,1.5
1788445944550,2026-09-03 16:32:24.550,C3:00:00:63:4D:04,-61,127,2.0,2.0,1.5
1788445944638,2026-09-03 16:32:24.638,C3:00:00:63:4D:04,-57,127,2.0,2.0,1.5
1788445944754,2026-09-03 16:32:24.754,C3:00:00:63:4D:04,-69,127,2.0,2.0,1.5
1788445944855,2026-09-03 16:32:24.855,C3:00:00:63:4D:04,-61,127,2.0,2.0,1.5
1788445944954,2026-09-03 16:32:24.954,C3:00:00:63:4D:04,-58,127,2.0,2.0,1.5
1788445945162,2026-09-03 16:32:25.162,C3:00:00:63:4D:04,-61,127,2.0,2.0,1.5
1788445945168,2026-09-03 16:32:25.168,C3:00:00:63:4D:04,-58,127,2.0,2.0,1.5
1788445945257,2026-09-03 16:32:25.257,C3:00:00:63:4D:04,-58,127,2.0,2.0,1.5
1788445945356,2026-09-03 16:32:25.356,C3:00:00:63:4D:04,-71,127,2.0,2.0,1.5
1788445945461,2026-09-03 16:32:25.461,C3:00:00:63:4D:04,-63,127,2.0,2.0,1.5
1788445945566,2026-09-03 16:32:25.566,C3:00:00:63:4D:04,-57,127,2.0,2.0,1.5
1788445945766,2026-09-03 16:32:25.766,C3:00:00:63:4D:04,-56,127,2.0,2.0,1.5
1788445945869,2026-09-03 16:32:25.869,C3:00:00:63:4D:04,-69,127,2.0,2.0,1.5
1788445945969,2026-09-03 16:32:25.969,C3:00:00:63:4D:04,-60,127,2.0,2.0,1.5
1788445946069,2026-09-03 16:32:26.069,C3:00:00:63:4D:04,-58,127,2.0,2.0,1.5
1788445946167,2026-09-03 16:32:26.167,C3:00:00:63:4D:04,-67,127,2.0,2.0,1.5
1788445946269,2026-09-03 16:32:26.269,C3:00:00:63:4D:04,-62,127,2.0,2.0,1.5
1788445946333,2026-09-03 16:32:26.333,C3:00:00:63:4D:04,-62,127,2.0,2.0,1.5
1788445946382,2026-09-03 16:32:26.382,C3:00:00:63:4D:04,-57,127,2.0,2.0,1.5
1788445946587,2026-09-03 16:32:26.587,C3:00:00:63:4D:04,-62,127,2.0,2.0,1.5
1788445946888,2026-09-03 16:32:26.888,C3:00:00:63:4D:04,-62,127,2.0,2.0,1.5
1788445946988,2026-09-03 16:32:26.988,C3:00:00:63:4D:04,-58,127,2.0,2.0,1.5
1788445947179,2026-09-03 16:32:27.179,C3:00:00:63:4D:04,-62,127,2.0,2.0,1.5
1788445947300,2026-09-03 16:32:27.300,C3:00:00:63:4D:04,-58,127,2.0,2.0,1.5
1788445947396,2026-09-03 16:32:27.396,C3:00:00:63:4D:04,-67,127,2.0,2.0,1.5
1788445947603,2026-09-03 16:32:27.603,C3:00:00:63:4D:04,-58,127,2.0,2.0,1.5
1788445947698,2026-09-03 16:32:27.698,C3:00:00:63:4D:04,-67,127,2.0,2.0,1.5
1788445947801,2026-09-03 16:32:27.801,C3:00:00:63:4D:04,-63,127,2.0,2.0,1.5
1788445947916,2026-09-03 16:32:27.916,C3:00:00:63:4D:04,-58,127,2.0,2.0,1.5
1788445948015,2026-09-03 16:32:28.015,C3:00:00:63:4D:04,-67,127,2.0,2.0,1.5
1788445948117,2026-09-03 16:32:28.117,C3:00:00:63:4D:04,-63,127,2.0,2.0,1.5
1788445948207,2026-09-03 16:32:28.207,C3:00:00:63:4D:04,-58,127,2.0,2.0,1.5
1788445948298,2026-09-03 16:32:28.298,C3:00:00:63:4D:04,-75,127,2.0,2.0,1.5
1788445948325,2026-09-03 16:32:28.325,C3:00:00:63:4D:04,-67,127,2.0,2.0,1.5
1788445948350,2026-09-03 16:32:28.350,C3:00:00:63:4D:04,-67,127,2.0,2.0,1.5
1788445948416,2026-09-03 16:32:28.416,C3:00:00:63:4D:04,-63,127,2.0,2.0,1.5
1788445948514,2026-09-03 16:32:28.514,C3:00:00:63:4D:04,-58,127,2.0,2.0,1.5
1788445948628,2026-09-03 16:32:28.628,C3:00:00:63:4D:04,-67,127,2.0,2.0,1.5
1788445948930,2026-09-03 16:32:28.930,C3:00:00:63:4D:04,-67,127,2.0,2.0,1.5
1788445949130,2026-09-03 16:32:29.130,C3:00:00:63:4D:04,-58,127,2.0,2.0,1.5
1788445949197,2026-09-03 16:32:29.197,C3:00:00:63:4D:04,-67,127,2.0,2.0,1.5
1788445949259,2026-09-03 16:32:29.259,C3:00:00:63:4D:04,-67,127,2.0,2.0,1.5
1788445949333,2026-09-03 16:32:29.333,C3:00:00:63:4D:04,-63,127,2.0,2.0,1.5
1788445949433,2026-09-03 16:32:29.433,C3:00:00:63:4D:04,-58,127,2.0,2.0,1.5
1788445949545,2026-09-03 16:32:29.545,C3:00:00:63:4D:04,-69,127,2.0,2.0,1.5
1788445949642,2026-09-03 16:32:29.642,C3:00:00:63:4D:04,-63,127,2.0,2.0,1.5
1788445949842,2026-09-03 16:32:29.842,C3:00:00:63:4D:04,-66,127,2.0,2.0,1.5
1788445949962,2026-09-03 16:32:29.962,C3:00:00:63:4D:04,-63,127,2.0,2.0,1.5
1788445950082,2026-09-03 16:32:30.082,C3:00:00:63:4D:04,-58,127,2.0,2.0,1.5
1788445950165,2026-09-03 16:32:30.165,C3:00:00:63:4D:04,-67,127,2.0,2.0,1.5
1788445950260,2026-09-03 16:32:30.260,C3:00:00:63:4D:04,-63,127,2.0,2.0,1.5
1788445950362,2026-09-03 16:32:30.362,C3:00:00:63:4D:04,-58,127,2.0,2.0,1.5
1788445950380,2026-09-03 16:32:30.380,C3:00:00:63:4D:04,-66,127,2.0,2.0,1.5
1788445950462,2026-09-03 16:32:30.462,C3:00:00:63:4D:04,-66,127,2.0,2.0,1.5
1788445950694,2026-09-03 16:32:30.694,C3:00:00:63:4D:04,-66,127,2.0,2.0,1.5
1788445950942,2026-09-03 16:32:30.942,C3:00:00:63:4D:04,-58,127,2.0,2.0,1.5
1788445950967,2026-09-03 16:32:30.967,C3:00:00:63:4D:04,-69,127,2.0,2.0,1.5
1788445951062,2026-09-03 16:32:31.062,C3:00:00:63:4D:04,-62,127,2.0,2.0,1.5
1788445951165,2026-09-03 16:32:31.165,C3:00:00:63:4D:04,-58,127,2.0,2.0,1.5
1788445951591,2026-09-03 16:32:31.591,C3:00:00:63:4D:04,-68,127,2.0,2.0,1.5
1788445951689,2026-09-03 16:32:31.689,C3:00:00:63:4D:04,-62,127,2.0,2.0,1.5
1788445951792,2026-09-03 16:32:31.792,C3:00:00:63:4D:04,-58,127,2.0,2.0,1.5
1788445951899,2026-09-03 16:32:31.899,C3:00:00:63:4D:04,-67,127,2.0,2.0,1.5
1788445951990,2026-09-03 16:32:31.990,C3:00:00:63:4D:04,-64,127,2.0,2.0,1.5
1788445952090,2026-09-03 16:32:32.090,C3:00:00:63:4D:04,-58,127,2.0,2.0,1.5
1788445952195,2026-09-03 16:32:32.195,C3:00:00:63:4D:04,-66,127,2.0,2.0,1.5
1788445952326,2026-09-03 16:32:32.326,C3:00:00:63:4D:04,-71,127,2.0,2.0,1.5
1788445952426,2026-09-03 16:32:32.426,C3:00:00:63:4D:04,-59,127,2.0,2.0,1.5
1788445952499,2026-09-03 16:32:32.499,C3:00:00:63:4D:04,-70,127,2.0,2.0,1.5
1788445952595,2026-09-03 16:32:32.595,C3:00:00:63:4D:04,-62,127,2.0,2.0,1.5
1788445952696,2026-09-03 16:32:32.696,C3:00:00:63:4D:04,-59,127,2.0,2.0,1.5
1788445952795,2026-09-03 16:32:32.795,C3:00:00:63:4D:04,-66,127,2.0,2.0,1.5
1788445953007,2026-09-03 16:32:33.007,C3:00:00:63:4D:04,-60,127,2.0,2.0,1.5
1788445953108,2026-09-03 16:32:33.108,C3:00:00:63:4D:04,-69,127,2.0,2.0,1.5
1788445953227,2026-09-03 16:32:33.227,C3:00:00:63:4D:04,-63,127,2.0,2.0,1.5
1788445953317,2026-09-03 16:32:33.317,C3:00:00:63:4D:04,-59,127,2.0,2.0,1.5
1788445953429,2026-09-03 16:32:33.429,C3:00:00:63:4D:04,-64,127,2.0,2.0,1.5
1788445953626,2026-09-03 16:32:33.626,C3:00:00:63:4D:04,-58,127,2.0,2.0,1.5
1788445953723,2026-09-03 16:32:33.723,C3:00:00:63:4D:04,-68,127,2.0,2.0,1.5
1788445953927,2026-09-03 16:32:33.927,C3:00:00:63:4D:04,-59,127,2.0,2.0,1.5
1788445954027,2026-09-03 16:32:34.027,C3:00:00:63:4D:04,-67,127,2.0,2.0,1.5
1788445954136,2026-09-03 16:32:34.136,C3:00:00:63:4D:04,-62,127,2.0,2.0,1.5
1788445954226,2026-09-03 16:32:34.226,C3:00:00:63:4D:04,-58,127,2.0,2.0,1.5
1788445954336,2026-09-03 16:32:34.336,C3:00:00:63:4D:04,-68,127,2.0,2.0,1.5
1788445954392,2026-09-03 16:32:34.392,C3:00:00:63:4D:04,-61,127,2.0,2.0,1.5
1788445954429,2026-09-03 16:32:34.429,C3:00:00:63:4D:04,-61,127,2.0,2.0,1.5
1788445954538,2026-09-03 16:32:34.538,C3:00:00:63:4D:04,-57,127,2.0,2.0,1.5
1788445954647,2026-09-03 16:32:34.647,C3:00:00:63:4D:04,-68,127,2.0,2.0,1.5
1788445954845,2026-09-03 16:32:34.845,C3:00:00:63:4D:04,-58,127,2.0,2.0,1.5
1788445954955,2026-09-03 16:32:34.955,C3:00:00:63:4D:04,-69,127,2.0,2.0,1.5
1788445955049,2026-09-03 16:32:35.049,C3:00:00:63:4D:04,-63,127,2.0,2.0,1.5
1788445955153,2026-09-03 16:32:35.153,C3:00:00:63:4D:04,-58,127,2.0,2.0,1.5
1788445955229,2026-09-03 16:32:35.229,C3:00:00:63:4D:04,-71,127,2.0,2.0,1.5
1788445955257,2026-09-03 16:32:35.257,C3:00:00:63:4D:04,-71,127,2.0,2.0,1.5
1788445955355,2026-09-03 16:32:35.355,C3:00:00:63:4D:04,-64,127,2.0,2.0,1.5
1788445955459,2026-09-03 16:32:35.459,C3:00:00:63:4D:04,-59,127,2.0,2.0,1.5
1788445955568,2026-09-03 16:32:35.568,C3:00:00:63:4D:04,-71,127,2.0,2.0,1.5
1788445955675,2026-09-03 16:32:35.675,C3:00:00:63:4D:04,-64,127,2.0,2.0,1.5
1788445955786,2026-09-03 16:32:35.786,C3:00:00:63:4D:04,-68,127,2.0,2.0,1.5
1788445955967,2026-09-03 16:32:35.967,C3:00:00:63:4D:04,-58,127,2.0,2.0,1.5
1788445956061,2026-09-03 16:32:36.061,C3:00:00:63:4D:04,-67,127,2.0,2.0,1.5
1788445956165,2026-09-03 16:32:36.165,C3:00:00:63:4D:04,-63,127,2.0,2.0,1.5
1788445956288,2026-09-03 16:32:36.288,C3:00:00:63:4D:04,-58,127,2.0,2.0,1.5
1788445956324,2026-09-03 16:32:36.324,C3:00:00:63:4D:04,-64,127,2.0,2.0,1.5
1788445956488,2026-09-03 16:32:36.488,C3:00:00:63:4D:04,-65,127,2.0,2.0,1.5
1788445956579,2026-09-03 16:32:36.579,C3:00:00:63:4D:04,-58,127,2.0,2.0,1.5
1788445956681,2026-09-03 16:32:36.681,C3:00:00:63:4D:04,-74,127,2.0,2.0,1.5
1788445956787,2026-09-03 16:32:36.787,C3:00:00:63:4D:04,-62,127,2.0,2.0,1.5
1788445956882,2026-09-03 16:32:36.882,C3:00:00:63:4D:04,-58,127,2.0,2.0,1.5
1788445956982,2026-09-03 16:32:36.982,C3:00:00:63:4D:04,-75,127,2.0,2.0,1.5
1788445957188,2026-09-03 16:32:37.188,C3:00:00:63:4D:04,-57,127,2.0,2.0,1.5
1788445957221,2026-09-03 16:32:37.221,C3:00:00:63:4D:04,-58,127,2.0,2.0,1.5
1788445957287,2026-09-03 16:32:37.287,C3:00:00:63:4D:04,-71,127,2.0,2.0,1.5
1788445957392,2026-09-03 16:32:37.392,C3:00:00:63:4D:04,-66,127,2.0,2.0,1.5
1788445957493,2026-09-03 16:32:37.493,C3:00:00:63:4D:04,-57,127,2.0,2.0,1.5
1788445957702,2026-09-03 16:32:37.702,C3:00:00:63:4D:04,-60,127,2.0,2.0,1.5
1788445957797,2026-09-03 16:32:37.797,C3:00:00:63:4D:04,-58,127,2.0,2.0,1.5
1788445957899,2026-09-03 16:32:37.899,C3:00:00:63:4D:04,-70,127,2.0,2.0,1.5
1788445958002,2026-09-03 16:32:38.002,C3:00:00:63:4D:04,-63,127,2.0,2.0,1.5
1788445958209,2026-09-03 16:32:38.209,C3:00:00:63:4D:04,-69,127,2.0,2.0,1.5
1788445958317,2026-09-03 16:32:38.317,C3:00:00:63:4D:04,-64,127,2.0,2.0,1.5
1788445958415,2026-09-03 16:32:38.415,C3:00:00:63:4D:04,-57,127,2.0,2.0,1.5
1788445958421,2026-09-03 16:32:38.421,C3:00:00:63:4D:04,-56,127,2.0,2.0,1.5
1788445958521,2026-09-03 16:32:38.521,C3:00:00:63:4D:04,-66,127,2.0,2.0,1.5
1788445958619,2026-09-03 16:32:38.619,C3:00:00:63:4D:04,-63,127,2.0,2.0,1.5
1788445958721,2026-09-03 16:32:38.721,C3:00:00:63:4D:04,-57,127,2.0,2.0,1.5
1788445958827,2026-09-03 16:32:38.827,C3:00:00:63:4D:04,-67,127,2.0,2.0,1.5
1788445959022,2026-09-03 16:32:39.022,C3:00:00:63:4D:04,-58,127,2.0,2.0,1.5
1788445959130,2026-09-03 16:32:39.130,C3:00:00:63:4D:04,-66,127,2.0,2.0,1.5
1788445959227,2026-09-03 16:32:39.227,C3:00:00:63:4D:04,-64,127,2.0,2.0,1.5
1788445959255,2026-09-03 16:32:39.255,C3:00:00:63:4D:04,-64,127,2.0,2.0,1.5
1788445959322,2026-09-03 16:32:39.322,C3:00:00:63:4D:04,-57,127,2.0,2.0,1.5
1788445959439,2026-09-03 16:32:39.439,C3:00:00:63:4D:04,-68,127,2.0,2.0,1.5
1788445959537,2026-09-03 16:32:39.537,C3:00:00:63:4D:04,-60,127,2.0,2.0,1.5
1788445959631,2026-09-03 16:32:39.631,C3:00:00:63:4D:04,-58,127,2.0,2.0,1.5
1788445959737,2026-09-03 16:32:39.737,C3:00:00:63:4D:04,-69,127,2.0,2.0,1.5
1788445959842,2026-09-03 16:32:39.842,C3:00:00:63:4D:04,-63,127,2.0,2.0,1.5
1788445959945,2026-09-03 16:32:39.945,C3:00:00:63:4D:04,-57,127,2.0,2.0,1.5
1788445960054,2026-09-03 16:32:40.054,C3:00:00:63:4D:04,-69,127,2.0,2.0,1.5
1788445960252,2026-09-03 16:32:40.252,C3:00:00:63:4D:04,-58,127,2.0,2.0,1.5
1788445960334,2026-09-03 16:32:40.334,C3:00:00:63:4D:04,-74,127,2.0,2.0,1.5
1788445960354,2026-09-03 16:32:40.354,C3:00:00:63:4D:04,-69,127,2.0,2.0,1.5
1788445960430,2026-09-03 16:32:40.430,C3:00:00:63:4D:04,-64,127,2.0,2.0,1.5
1788445960451,2026-09-03 16:32:40.451,C3:00:00:63:4D:04,-64,127,2.0,2.0,1.5
1788445960553,2026-09-03 16:32:40.553,C3:00:00:63:4D:04,-57,127,2.0,2.0,1.5
1788445960659,2026-09-03 16:32:40.659,C3:00:00:63:4D:04,-69,127,2.0,2.0,1.5
1788445960756,2026-09-03 16:32:40.756,C3:00:00:63:4D:04,-62,127,2.0,2.0,1.5
1788445960856,2026-09-03 16:32:40.856,C3:00:00:63:4D:04,-58,127,2.0,2.0,1.5
1788445960966,2026-09-03 16:32:40.966,C3:00:00:63:4D:04,-67,127,2.0,2.0,1.5
1788445961087,2026-09-03 16:32:41.087,C3:00:00:63:4D:04,-58,127,2.0,2.0,1.5
1788445961234,2026-09-03 16:32:41.234,C3:00:00:63:4D:04,-69,127,2.0,2.0,1.5
1788445961266,2026-09-03 16:32:41.266,C3:00:00:63:4D:04,-61,127,2.0,2.0,1.5
1788445961384,2026-09-03 16:32:41.384,C3:00:00:63:4D:04,-59,127,2.0,2.0,1.5
1788445961480,2026-09-03 16:32:41.480,C3:00:00:63:4D:04,-66,127,2.0,2.0,1.5
1788445961574,2026-09-03 16:32:41.574,C3:00:00:63:4D:04,-62,127,2.0,2.0,1.5
1788445961786,2026-09-03 16:32:41.786,C3:00:00:63:4D:04,-66,127,2.0,2.0,1.5
1788445961881,2026-09-03 16:32:41.881,C3:00:00:63:4D:04,-62,127,2.0,2.0,1.5
1788445961982,2026-09-03 16:32:41.982,C3:00:00:63:4D:04,-58,127,2.0,2.0,1.5
1788445962085,2026-09-03 16:32:42.085,C3:00:00:63:4D:04,-68,127,2.0,2.0,1.5
1788445962186,2026-09-03 16:32:42.186,C3:00:00:63:4D:04,-61,127,2.0,2.0,1.5
1788445962292,2026-09-03 16:32:42.292,C3:00:00:63:4D:04,-58,127,2.0,2.0,1.5
1788445962394,2026-09-03 16:32:42.394,C3:00:00:63:4D:04,-69,127,2.0,2.0,1.5
1788445962454,2026-09-03 16:32:42.454,C3:00:00:63:4D:04,-69,127,2.0,2.0,1.5
1788445962489,2026-09-03 16:32:42.489,C3:00:00:63:4D:04,-61,127,2.0,2.0,1.5
1788445962703,2026-09-03 16:32:42.703,C3:00:00:63:4D:04,-68,127,2.0,2.0,1.5
1788445962899,2026-09-03 16:32:42.899,C3:00:00:63:4D:04,-58,127,2.0,2.0,1.5
1788445962943,2026-09-03 16:32:42.943,C3:00:00:63:4D:04,-58,127,2.0,2.0,1.5
1788445963097,2026-09-03 16:32:43.097,C3:00:00:63:4D:04,-61,127,2.0,2.0,1.5
1788445963201,2026-09-03 16:32:43.201,C3:00:00:63:4D:04,-58,127,2.0,2.0,1.5
1788445963248,2026-09-03 16:32:43.248,C3:00:00:63:4D:04,-58,127,2.0,2.0,1.5
1788445963315,2026-09-03 16:32:43.315,C3:00:00:63:4D:04,-69,127,2.0,2.0,1.5
1788445963409,2026-09-03 16:32:43.409,C3:00:00:63:4D:04,-62,127,2.0,2.0,1.5
1788445963511,2026-09-03 16:32:43.511,C3:00:00:63:4D:04,-57,127,2.0,2.0,1.5
1788445963614,2026-09-03 16:32:43.614,C3:00:00:63:4D:04,-68,127,2.0,2.0,1.5
1788445963717,2026-09-03 16:32:43.717,C3:00:00:63:4D:04,-63,127,2.0,2.0,1.5
1788445963825,2026-09-03 16:32:43.825,C3:00:00:63:4D:04,-57,127,2.0,2.0,1.5
1788445963916,2026-09-03 16:32:43.916,C3:00:00:63:4D:04,-68,127,2.0,2.0,1.5
1788445964023,2026-09-03 16:32:44.023,C3:00:00:63:4D:04,-62,127,2.0,2.0,1.5
1788445964222,2026-09-03 16:32:44.222,C3:00:00:63:4D:04,-68,127,2.0,2.0,1.5
1788445964334,2026-09-03 16:32:44.334,C3:00:00:63:4D:04,-64,127,2.0,2.0,1.5
1788445964354,2026-09-03 16:32:44.354,C3:00:00:63:4D:04,-72,127,2.0,2.0,1.5
1788445964464,2026-09-03 16:32:44.464,C3:00:00:63:4D:04,-57,127,2.0,2.0,1.5
1788445964476,2026-09-03 16:32:44.476,C3:00:00:63:4D:04,-68,127,2.0,2.0,1.5
1788445964532,2026-09-03 16:32:44.532,C3:00:00:63:4D:04,-68,127,2.0,2.0,1.5
1788445964739,2026-09-03 16:32:44.739,C3:00:00:63:4D:04,-57,127,2.0,2.0,1.5
1788445964843,2026-09-03 16:32:44.843,C3:00:00:63:4D:04,-68,127,2.0,2.0,1.5
1788445964939,2026-09-03 16:32:44.939,C3:00:00:63:4D:04,-64,127,2.0,2.0,1.5
1788445965045,2026-09-03 16:32:45.045,C3:00:00:63:4D:04,-57,127,2.0,2.0,1.5
1788445965147,2026-09-03 16:32:45.147,C3:00:00:63:4D:04,-68,127,2.0,2.0,1.5
1788445965458,2026-09-03 16:32:45.458,C3:00:00:63:4D:04,-68,127,2.0,2.0,1.5
1788445965546,2026-09-03 16:32:45.546,C3:00:00:63:4D:04,-64,127,2.0,2.0,1.5
1788445965651,2026-09-03 16:32:45.651,C3:00:00:63:4D:04,-57,127,2.0,2.0,1.5
1788445965754,2026-09-03 16:32:45.754,C3:00:00:63:4D:04,-68,127,2.0,2.0,1.5
1788445965856,2026-09-03 16:32:45.856,C3:00:00:63:4D:04,-64,127,2.0,2.0,1.5
1788445965973,2026-09-03 16:32:45.973,C3:00:00:63:4D:04,-68,127,2.0,2.0,1.5
1788445966160,2026-09-03 16:32:46.160,C3:00:00:63:4D:04,-58,127,2.0,2.0,1.5
1788445966499,2026-09-03 16:32:46.499,C3:00:00:63:4D:04,-59,127,2.0,2.0,1.5
1788445966504,2026-09-03 16:32:46.504,C3:00:00:63:4D:04,-59,127,2.0,2.0,1.5
1788445966580,2026-09-03 16:32:46.580,C3:00:00:63:4D:04,-70,127,2.0,2.0,1.5
1788445966674,2026-09-03 16:32:46.674,C3:00:00:63:4D:04,-63,127,2.0,2.0,1.5
1788445966882,2026-09-03 16:32:46.882,C3:00:00:63:4D:04,-70,127,2.0,2.0,1.5
1788445966948,2026-09-03 16:32:46.948,C3:00:00:63:4D:04,-70,127,2.0,2.0,1.5
1788445966977,2026-09-03 16:32:46.977,C3:00:00:63:4D:04,-63,127,2.0,2.0,1.5
1788445967078,2026-09-03 16:32:47.078,C3:00:00:63:4D:04,-59,127,2.0,2.0,1.5
1788445967270,2026-09-03 16:32:47.270,C3:00:00:63:4D:04,-63,127,2.0,2.0,1.5
1788445967281,2026-09-03 16:32:47.281,C3:00:00:63:4D:04,-63,127,2.0,2.0,1.5
1788445967401,2026-09-03 16:32:47.401,C3:00:00:63:4D:04,-59,127,2.0,2.0,1.5
1788445967491,2026-09-03 16:32:47.491,C3:00:00:63:4D:04,-70,127,2.0,2.0,1.5
1788445967597,2026-09-03 16:32:47.597,C3:00:00:63:4D:04,-63,127,2.0,2.0,1.5
1788445967687,2026-09-03 16:32:47.687,C3:00:00:63:4D:04,-59,127,2.0,2.0,1.5
1788445967800,2026-09-03 16:32:47.800,C3:00:00:63:4D:04,-70,127,2.0,2.0,1.5
1788445967905,2026-09-03 16:32:47.905,C3:00:00:63:4D:04,-63,127,2.0,2.0,1.5
1788445968003,2026-09-03 16:32:48.003,C3:00:00:63:4D:04,-57,127,2.0,2.0,1.5
1788445968109,2026-09-03 16:32:48.109,C3:00:00:63:4D:04,-70,127,2.0,2.0,1.5
1788445968208,2026-09-03 16:32:48.208,C3:00:00:63:4D:04,-63,127,2.0,2.0,1.5
1788445968308,2026-09-03 16:32:48.308,C3:00:00:63:4D:04,-59,127,2.0,2.0,1.5
1788445968352,2026-09-03 16:32:48.352,C3:00:00:63:4D:04,-66,127,2.0,2.0,1.5
1788445968413,2026-09-03 16:32:48.413,C3:00:00:63:4D:04,-70,127,2.0,2.0,1.5
1788445968481,2026-09-03 16:32:48.481,C3:00:00:63:4D:04,-63,127,2.0,2.0,1.5
1788445968611,2026-09-03 16:32:48.611,C3:00:00:63:4D:04,-59,127,2.0,2.0,1.5
1788445968714,2026-09-03 16:32:48.714,C3:00:00:63:4D:04,-70,127,2.0,2.0,1.5
1788445968812,2026-09-03 16:32:48.812,C3:00:00:63:4D:04,-63,127,2.0,2.0,1.5
1788445968920,2026-09-03 16:32:48.920,C3:00:00:63:4D:04,-59,127,2.0,2.0,1.5
1788445969020,2026-09-03 16:32:49.020,C3:00:00:63:4D:04,-70,127,2.0,2.0,1.5
1788445969121,2026-09-03 16:32:49.121,C3:00:00:63:4D:04,-63,127,2.0,2.0,1.5
1788445969223,2026-09-03 16:32:49.223,C3:00:00:63:4D:04,-59,127,2.0,2.0,1.5
1788445969278,2026-09-03 16:32:49.278,C3:00:00:63:4D:04,-71,127,2.0,2.0,1.5
1788445969323,2026-09-03 16:32:49.323,C3:00:00:63:4D:04,-70,127,2.0,2.0,1.5
1788445969423,2026-09-03 16:32:49.423,C3:00:00:63:4D:04,-63,127,2.0,2.0,1.5
1788445969542,2026-09-03 16:32:49.542,C3:00:00:63:4D:04,-59,127,2.0,2.0,1.5
1788445969740,2026-09-03 16:32:49.740,C3:00:00:63:4D:04,-61,127,2.0,2.0,1.5
1788445969953,2026-09-03 16:32:49.953,C3:00:00:63:4D:04,-67,127,2.0,2.0,1.5
1788445970141,2026-09-03 16:32:50.141,C3:00:00:63:4D:04,-58,127,2.0,2.0,1.5
1788445970342,2026-09-03 16:32:50.342,C3:00:00:63:4D:04,-61,127,2.0,2.0,1.5
1788445970445,2026-09-03 16:32:50.445,C3:00:00:63:4D:04,-58,127,2.0,2.0,1.5
1788445970546,2026-09-03 16:32:50.546,C3:00:00:63:4D:04,-70,127,2.0,2.0,1.5
1788445970754,2026-09-03 16:32:50.754,C3:00:00:63:4D:04,-57,127,2.0,2.0,1.5
1788445970955,2026-09-03 16:32:50.955,C3:00:00:63:4D:04,-62,127,2.0,2.0,1.5
1788445970982,2026-09-03 16:32:50.982,C3:00:00:63:4D:04,-58,127,2.0,2.0,1.5
1788445971069,2026-09-03 16:32:51.069,C3:00:00:63:4D:04,-70,127,2.0,2.0,1.5
1788445971170,2026-09-03 16:32:51.170,C3:00:00:63:4D:04,-61,127,2.0,2.0,1.5
1788445971274,2026-09-03 16:32:51.274,C3:00:00:63:4D:04,-58,127,2.0,2.0,1.5
1788445971366,2026-09-03 16:32:51.366,C3:00:00:63:4D:04,-69,127,2.0,2.0,1.5
1788445971470,2026-09-03 16:32:51.470,C3:00:00:63:4D:04,-62,127,2.0,2.0,1.5
1788445971571,2026-09-03 16:32:51.571,C3:00:00:63:4D:04,-58,127,2.0,2.0,1.5
1788445971679,2026-09-03 16:32:51.679,C3:00:00:63:4D:04,-70,127,2.0,2.0,1.5
1788445971775,2026-09-03 16:32:51.775,C3:00:00:63:4D:04,-61,127,2.0,2.0,1.5
1788445971875,2026-09-03 16:32:51.875,C3:00:00:63:4D:04,-58,127,2.0,2.0,1.5
1788445971980,2026-09-03 16:32:51.980,C3:00:00:63:4D:04,-70,127,2.0,2.0,1.5
1788445972080,2026-09-03 16:32:52.080,C3:00:00:63:4D:04,-62,127,2.0,2.0,1.5
1788445972185,2026-09-03 16:32:52.185,C3:00:00:63:4D:04,-57,127,2.0,2.0,1.5
1788445972288,2026-09-03 16:32:52.288,C3:00:00:63:4D:04,-70,127,2.0,2.0,1.5
1788445972389,2026-09-03 16:32:52.389,C3:00:00:63:4D:04,-62,127,2.0,2.0,1.5
1788445972517,2026-09-03 16:32:52.517,C3:00:00:63:4D:04,-58,127,2.0,2.0,1.5
1788445972592,2026-09-03 16:32:52.592,C3:00:00:63:4D:04,-69,127,2.0,2.0,1.5
1788445972691,2026-09-03 16:32:52.691,C3:00:00:63:4D:04,-61,127,2.0,2.0,1.5
1788445972790,2026-09-03 16:32:52.790,C3:00:00:63:4D:04,-58,127,2.0,2.0,1.5
1788445972889,2026-09-03 16:32:52.889,C3:00:00:63:4D:04,-70,127,2.0,2.0,1.5
1788445973003,2026-09-03 16:32:53.003,C3:00:00:63:4D:04,-63,127,2.0,2.0,1.5
1788445973101,2026-09-03 16:32:53.101,C3:00:00:63:4D:04,-57,127,2.0,2.0,1.5
1788445973208,2026-09-03 16:32:53.208,C3:00:00:63:4D:04,-69,127,2.0,2.0,1.5
1788445973308,2026-09-03 16:32:53.308,C3:00:00:63:4D:04,-61,127,2.0,2.0,1.5
1788445973409,2026-09-03 16:32:53.409,C3:00:00:63:4D:04,-58,127,2.0,2.0,1.5
1788445973605,2026-09-03 16:32:53.605,C3:00:00:63:4D:04,-62,127,2.0,2.0,1.5
1788445973816,2026-09-03 16:32:53.816,C3:00:00:63:4D:04,-69,127,2.0,2.0,1.5
1788445973912,2026-09-03 16:32:53.912,C3:00:00:63:4D:04,-61,127,2.0,2.0,1.5
1788445974015,2026-09-03 16:32:54.015,C3:00:00:63:4D:04,-58,127,2.0,2.0,1.5
1788445974221,2026-09-03 16:32:54.221,C3:00:00:63:4D:04,-61,127,2.0,2.0,1.5
1788445974423,2026-09-03 16:32:54.423,C3:00:00:63:4D:04,-69,127,2.0,2.0,1.5
1788445974531,2026-09-03 16:32:54.531,C3:00:00:63:4D:04,-61,127,2.0,2.0,1.5
1788445974548,2026-09-03 16:32:54.548,C3:00:00:63:4D:04,-61,127,2.0,2.0,1.5
1788445974634,2026-09-03 16:32:54.634,C3:00:00:63:4D:04,-56,127,2.0,2.0,1.5
1788445974734,2026-09-03 16:32:54.734,C3:00:00:63:4D:04,-70,127,2.0,2.0,1.5
1788445974834,2026-09-03 16:32:54.834,C3:00:00:63:4D:04,-62,127,2.0,2.0,1.5
1788445974933,2026-09-03 16:32:54.933,C3:00:00:63:4D:04,-57,127,2.0,2.0,1.5
1788445975081,2026-09-03 16:32:55.081,C3:00:00:63:4D:04,-70,127,2.0,2.0,1.5
1788445975149,2026-09-03 16:32:55.149,C3:00:00:63:4D:04,-61,127,2.0,2.0,1.5
1788445975250,2026-09-03 16:32:55.250,C3:00:00:63:4D:04,-58,127,2.0,2.0,1.5
1788445975305,2026-09-03 16:32:55.305,C3:00:00:63:4D:04,-69,127,2.0,2.0,1.5
1788445975350,2026-09-03 16:32:55.350,C3:00:00:63:4D:04,-69,127,2.0,2.0,1.5
1788445975467,2026-09-03 16:32:55.467,C3:00:00:63:4D:04,-61,127,2.0,2.0,1.5
1788445975647,2026-09-03 16:32:55.647,C3:00:00:63:4D:04,-69,127,2.0,2.0,1.5
1788445975762,2026-09-03 16:32:55.762,C3:00:00:63:4D:04,-61,127,2.0,2.0,1.5
1788445975851,2026-09-03 16:32:55.851,C3:00:00:63:4D:04,-58,127,2.0,2.0,1.5
1788445975951,2026-09-03 16:32:55.951,C3:00:00:63:4D:04,-69,127,2.0,2.0,1.5
1788445976278,2026-09-03 16:32:56.278,C3:00:00:63:4D:04,-69,127,2.0,2.0,1.5
1788445976367,2026-09-03 16:32:56.367,C3:00:00:63:4D:04,-61,127,2.0,2.0,1.5
1788445976384,2026-09-03 16:32:56.384,C3:00:00:63:4D:04,-65,127,2.0,2.0,1.5
1788445976481,2026-09-03 16:32:56.481,C3:00:00:63:4D:04,-69,127,2.0,2.0,1.5
1788445976543,2026-09-03 16:32:56.543,C3:00:00:63:4D:04,-69,127,2.0,2.0,1.5
1788445976571,2026-09-03 16:32:56.571,C3:00:00:63:4D:04,-61,127,2.0,2.0,1.5
1788445976682,2026-09-03 16:32:56.682,C3:00:00:63:4D:04,-58,127,2.0,2.0,1.5
1788445976769,2026-09-03 16:32:56.769,C3:00:00:63:4D:04,-69,127,2.0,2.0,1.5
