timestamp,time,mac_address,rssi,tx_power,pos_x,pos_y,pos_z
1783003882322,2026-07-02 16:51:22.322,C3:00:00:63:4D:09,-54,127,1.0,7.0,1.5
1783003882396,2026-07-02 16:51:22.396,C3:00:00:63:4D:09,-57,127,1.0,7.0,1.5
1783003882410,2026-07-02 16:51:22.410,C3:00:00:63:4D:09,-62,127,1.0,7.0,1.5
1783003882433,2026-07-02 16:51:22.433,C3:00:00:63:4D:09,-58,127,1.0,7.0,1.5
1783003882482,2026-07-02 16:51:22.482,C3:00:00:63:4D:09,-70,127,1.0,7.0,1.5
1783003882552,2026-07-02 16:51:22.552,C3:00:00:63:4D:09,-58,127,1.0,7.0,1.5
1783003882604,2026-07-02 16:51:22.604,C3:00:00:63:4D:09,-58,127,1.0,7.0,1.5
1783003882717,2026-07-02 16:51:22.717,C3:00:00:63:4D:09,-66,127,1.0,7.0,1.5
1783003882832,2026-07-02 16:51:22.832,C3:00:00:63:4D:09,-58,127,1.0,7.0,1.5
1783003882930,2026-07-02 16:51:22.930,C3:00:00:63:4D:09,-65,127,1.0,7.0,1.5
1783003882956,2026-07-02 16:51:22.956,C3:00:00:63:4D:09,-56,127,1.0,7.0,1.5
1783003883059,2026-07-02 16:51:23.059,C3:00:00:63:4D:09,-66,127,1.0,7.0,1.5
1783003883163,2026-07-02 16:51:23.163,C3:00:00:63:4D:09,-57,127,1.0,7.0,1.5
1783003883292,2026-07-02 16:51:23.292,C3:00:00:63:4D:09,-57,127,1.0,7.0,1.5
1783003883401,2026-07-02 16:51:23.401,C3:00:00:63:4D:09,-69,127,1.0,7.0,1.5
1783003883520,2026-07-02 16:51:23.520,C3:00:00:63:4D:09,-57,127,1.0,7.0,1.5
1783003883622,2026-07-02 16:51:23.622,C3:00:00:63:4D:09,-68,127,1.0,7.0,1.5
1783003883745,2026-07-02 16:51:23.745,C3:00:00:63:4D:09,-56,127,1.0,7.0,1.5
1783003883852,2026-07-02 16:51:23.852,C3:00:00:63:4D:09,-57,127,1.0,7.0,1.5
1783003883967,2026-07-02 16:51:23.967,C3:00:00:63:4D:09,-69,127,1.0,7.0,1.5
1783003884559,2026-07-02 16:51:24.559,C3:00:00:63:4D:09,-68,127,1.0,7.0,1.5
1783003884650,2026-07-02 16:51:24.650,C3:00:00:63:4D:09,-56,127,1.0,7.0,1.5
1783003884733,2026-07-02 16:51:24.733,C3:00:00:63:4D:09,-56,127,1.0,7.0,1.5
1783003884768,2026-07-02 16:51:24.768,C3:00:00:63:4D:09,-56,127,1.0,7.0,1.5
1783003884991,2026-07-02 16:51:24.991,C3:00:00:63:4D:09,-58,127,1.0,7.0,1.5
1783003885112,2026-07-02 16:51:25.112,C3:00:00:63:4D:09,-58,127,1.0,7.0,1.5
1783003885329,2026-07-02 16:51:25.329,C3:00:00:63:4D:09,-57,127,1.0,7.0,1.5
1783003885679,2026-07-02 16:51:25.679,C3:00:00:63:4D:09,-56,127,1.0,7.0,1.5
1783003885909,2026-07-02 16:51:25.909,C3:00:00:63:4D:09,-57,127,1.0,7.0,1.5
1783003886030,2026-07-02 16:51:26.030,C3:00:00:63:4D:09,-71,127,1.0,7.0,1.5
1783003886137,2026-07-02 16:51:26.137,C3:00:00:63:4D:09,-54,127,1.0,7.0,1.5
1783003886252,2026-07-02 16:51:26.252,C3:00:00:63:4D:09,-57,127,1.0,7.0,1.5
1783003886363,2026-07-02 16:51:26.363,C3:00:00:63:4D:09,-78,127,1.0,7.0,1.5
1783003886474,2026-07-02 16:51:26.474,C3:00:00:63:4D:09,-58,127,1.0,7.0,1.5
1783003886568,2026-07-02 16:51:26.568,C3:00:00:63:4D:09,-57,127,1.0,7.0,1.5
1783003886585,2026-07-02 16:51:26.585,C3:00:00:63:4D:09,-57,127,1.0,7.0,1.5
1783003886705,2026-07-02 16:51:26.705,C3:00:00:63:4D:09,-70,127,1.0,7.0,1.5
1783003886726,2026-07-02 16:51:26.726,C3:00:00:63:4D:09,-58,127,1.0,7.0,1.5
1783003886824,2026-07-02 16:51:26.824,C3:00:00:63:4D:09,-56,127,1.0,7.0,1.5
1783003886931,2026-07-02 16:51:26.931,C3:00:00:63:4D:09,-74,127,1.0,7.0,1.5
1783003886949,2026-07-02 16:51:26.949,C3:00:00:63:4D:09,-78,127,1.0,7.0,1.5
1783003887048,2026-07-02 16:51:27.048,C3:00:00:63:4D:09,-58,127,1.0,7.0,1.5
1783003887271,2026-07-02 16:51:27.271,C3:00:00:63:4D:09,-69,127,1.0,7.0,1.5
1783003887391,2026-07-02 16:51:27.391,C3:00:00:63:4D:09,-57,127,1.0,7.0,1.5
1783003887497,2026-07-02 16:51:27.497,C3:00:00:63:4D:09,-57,127,1.0,7.0,1.5
1783003887618,2026-07-02 16:51:27.618,C3:00:00:63:4D:09,-58,127,1.0,7.0,1.5
1783003887730,2026-07-02 16:51:27.730,C3:00:00:63:4D:09,-56,127,1.0,7.0,1.5
1783003887844,2026-07-02 16:51:27.844,C3:00:00:63:4D:09,-73,127,1.0,7.0,1.5
1783003887955,2026-07-02 16:51:27.955,C3:00:00:63:4D:09,-56,127,1.0,7.0,1.5
1783003888071,2026-07-02 16:51:28.071,C3:00:00:63:4D:09,-56,127,1.0,7.0,1.5
1783003888188,2026-07-02 16:51:28.188,C3:00:00:63:4D:09,-67,127,1.0,7.0,1.5
1783003888295,2026-07-02 16:51:28.295,C3:00:00:63:4D:09,-56,127,1.0,7.0,1.5
1783003888420,2026-07-02 16:51:28.420,C3:00:00:63:4D:09,-70,127,1.0,7.0,1.5
1783003888528,2026-07-02 16:51:28.528,C3:00:00:63:4D:09,-58,127,1.0,7.0,1.5
1783003888583,2026-07-02 16:51:28.583,C3:00:00:63:4D:09,-58,127,1.0,7.0,1.5
1783003888636,2026-07-02 16:51:28.636,C3:00:00:63:4D:09,-58,127,1.0,7.0,1.5
1783003888760,2026-07-02 16:51:28.760,C3:00:00:63:4D:09,-70,127,1.0,7.0,1.5
1783003888871,2026-07-02 16:51:28.871,C3:00:00:63:4D:09,-58,127,1.0,7.0,1.5
1783003888913,2026-07-02 16:51:28.913,C3:00:00:63:4D:09,-57,127,1.0,7.0,1.5
1783003888985,2026-07-02 16:51:28.985,C3:00:00:63:4D:09,-57,127,1.0,7.0,1.5
1783003889100,2026-07-02 16:51:29.100,C3:00:00:63:4D:09,-68,127,1.0,7.0,1.5
1783003889554,2026-07-02 16:51:29.554,C3:00:00:63:4D:09,-56,127,1.0,7.0,1.5
1783003889671,2026-07-02 16:51:29.671,C3:00:00:63:4D:09,-65,127,1.0,7.0,1.5
1783003889786,2026-07-02 16:51:29.786,C3:00:00:63:4D:09,-56,127,1.0,7.0,1.5
1783003890009,2026-07-02 16:51:30.009,C3:00:00:63:4D:09,-64,127,1.0,7.0,1.5
1783003890122,2026-07-02 16:51:30.122,C3:00:00:63:4D:09,-56,127,1.0,7.0,1.5
1783003890232,2026-07-02 16:51:30.232,C3:00:00:63:4D:09,-74,127,1.0,7.0,1.5
1783003890352,2026-07-02 16:51:30.352,C3:00:00:63:4D:09,-57,127,1.0,7.0,1.5
1783003890465,2026-07-02 16:51:30.465,C3:00:00:63:4D:09,-57,127,1.0,7.0,1.5
1783003890580,2026-07-02 16:51:30.580,C3:00:00:63:4D:09,-74,127,1.0,7.0,1.5
1783003890604,2026-07-02 16:51:30.604,C3:00:00:63:4D:09,-71,127,1.0,7.0,1.5
1783003890701,2026-07-02 16:51:30.701,C3:00:00:63:4D:09,-57,127,1.0,7.0,1.5
1783003890947,2026-07-02 16:51:30.947,C3:00:00:63:4D:09,-65,127,1.0,7.0,1.5
1783003891029,2026-07-02 16:51:31.029,C3:00:00:63:4D:09,-57,127,1.0,7.0,1.5
1783003891262,2026-07-02 16:51:31.262,C3:00:00:63:4D:09,-57,127,1.0,7.0,1.5
1783003891370,2026-07-02 16:51:31.370,C3:00:00:63:4D:09,-57,127,1.0,7.0,1.5
1783003891488,2026-07-02 16:51:31.488,C3:00:00:63:4D:09,-73,127,1.0,7.0,1.5
1783003891608,2026-07-02 16:51:31.608,C3:00:00:63:4D:09,-57,127,1.0,7.0,1.5
1783003891720,2026-07-02 16:51:31.720,C3:00:00:63:4D:09,-69,127,1.0,7.0,1.5
1783003891828,2026-07-02 16:51:31.828,C3:00:00:63:4D:09,-58,127,1.0,7.0,1.5
1783003891945,2026-07-02 16:51:31.945,C3:00:00:63:4D:09,-57,127,1.0,7.0,1.5
1783003892076,2026-07-02 16:51:32.076,C3:00:00:63:4D:09,-70,127,1.0,7.0,1.5
1783003892307,2026-07-02 16:51:32.307,C3:00:00:63:4D:09,-57,127,1.0,7.0,1.5
1783003892410,2026-07-02 16:51:32.410,C3:00:00:63:4D:09,-73,127,1.0,7.0,1.5
1783003892517,2026-07-02 16:51:32.517,C3:00:00:63:4D:09,-56,127,1.0,7.0,1.5
1783003892601,2026-07-02 16:51:32.601,C3:00:00:63:4D:09,-56,127,1.0,7.0,1.5
1783003892632,2026-07-02 16:51:32.632,C3:00:00:63:4D:09,-68,127,1.0,7.0,1.5
1783003892724,2026-07-02 16:51:32.724,C3:00:00:63:4D:09,-57,127,1.0,7.0,1.5
1783003892751,2026-07-02 16:51:32.751,C3:00:00:63:4D:09,-57,127,1.0,7.0,1.5
1783003892918,2026-07-02 16:51:32.918,C3:00:00:63:4D:09,-56,127,1.0,7.0,1.5
1783003892976,2026-07-02 16:51:32.976,C3:00:00:63:4D:09,-72,127,1.0,7.0,1.5
1783003893093,2026-07-02 16:51:33.093,C3:00:00:63:4D:09,-58,127,1.0,7.0,1.5
1783003893198,2026-07-02 16:51:33.198,C3:00:00:63:4D:09,-57,127,1.0,7.0,1.5
1783003893326,2026-07-02 16:51:33.326,C3:00:00:63:4D:09,-56,127,1.0,7.0,1.5
1783003893436,2026-07-02 16:51:33.436,C3:00:00:63:4D:09,-57,127,1.0,7.0,1.5
1783003893665,2026-07-02 16:51:33.665,C3:00:00:63:4D:09,-56,127,1.0,7.0,1.5
1783003893773,2026-07-02 16:51:33.773,C3:00:00:63:4D:09,-58,127,1.0,7.0,1.5
1783003893894,2026-07-02 16:51:33.894,C3:00:00:63:4D:09,-65,127,1.0,7.0,1.5
1783003894005,2026-07-02 16:51:34.005,C3:00:00:63:4D:09,-56,127,1.0,7.0,1.5
1783003894116,2026-07-02 16:51:34.116,C3:00:00:63:4D:09,-56,127,1.0,7.0,1.5
1783003894349,2026-07-02 16:51:34.349,C3:00:00:63:4D:09,-56,127,1.0,7.0,1.5
1783003894581,2026-07-02 16:51:34.581,C3:00:00:63:4D:09,-58,127,1.0,7.0,1.5
1783003894612,2026-07-02 16:51:34.612,C3:00:00:63:4D:09,-57,127,1.0,7.0,1.5
1783003894746,2026-07-02 16:51:34.746,C3:00:00:63:4D:09,-68,127,1.0,7.0,1.5
1783003894810,2026-07-02 16:51:34.810,C3:00:00:63:4D:09,-69,127,1.0,7.0,1.5
1783003894928,2026-07-02 16:51:34.928,C3:00:00:63:4D:09,-57,127,1.0,7.0,1.5
1783003894954,2026-07-02 16:51:34.954,C3:00:00:63:4D:09,-64,127,1.0,7.0,1.5
1783003895027,2026-07-02 16:51:35.027,C3:00:00:63:4D:09,-67,127,1.0,7.0,1.5
1783003895250,2026-07-02 16:51:35.250,C3:00:00:63:4D:09,-56,127,1.0,7.0,1.5
1783003895366,2026-07-02 16:51:35.366,C3:00:00:63:4D:09,-71,127,1.0,7.0,1.5
1783003895482,2026-07-02 16:51:35.482,C3:00:00:63:4D:09,-55,127,1.0,7.0,1.5
1783003895598,2026-07-02 16:51:35.598,C3:00:00:63:4D:09,-57,127,1.0,7.0,1.5
1783003895723,2026-07-02 16:51:35.723,C3:00:00:63:4D:09,-73,127,1.0,7.0,1.5
1783003895832,2026-07-02 16:51:35.832,C3:00:00:63:4D:09,-57,127,1.0,7.0,1.5
1783003896057,2026-07-02 16:51:36.057,C3:00:00:63:4D:09,-58,127,1.0,7.0,1.5
1783003896167,2026-07-02 16:51:36.167,C3:00:00:63:4D:09,-59,127,1.0,7.0,1.5
1783003896274,2026-07-02 16:51:36.274,C3:00:00:63:4D:09,-67,127,1.0,7.0,1.5
1783003896404,2026-07-02 16:51:36.404,C3:00:00:63:4D:09,-57,127,1.0,7.0,1.5
1783003896509,2026-07-02 16:51:36.509,C3:00:00:63:4D:09,-57,127,1.0,7.0,1.5
1783003896616,2026-07-02 16:51:36.616,C3:00:00:63:4D:09,-70,127,1.0,7.0,1.5
1783003896628,2026-07-02 16:51:36.628,C3:00:00:63:4D:09,-57,127,1.0,7.0,1.5
1783003896733,2026-07-02 16:51:36.733,C3:00:00:63:4D:09,-57,127,1.0,7.0,1.5
1783003896748,2026-07-02 16:51:36.748,C3:00:00:63:4D:09,-56,127,1.0,7.0,1.5
1783003896848,2026-07-02 16:51:36.848,C3:00:00:63:4D:09,-68,127,1.0,7.0,1.5
1783003896920,2026-07-02 16:51:36.920,C3:00:00:63:4D:09,-58,127,1.0,7.0,1.5
1783003896967,2026-07-02 16:51:36.967,C3:00:00:63:4D:09,-58,127,1.0,7.0,1.5
1783003897079,2026-07-02 16:51:37.079,C3:00:00:63:4D:09,-56,127,1.0,7.0,1.5
1783003897431,2026-07-02 16:51:37.431,C3:00:00:63:4D:09,-70,127,1.0,7.0,1.5
1783003897527,2026-07-02 16:51:37.527,C3:00:00:63:4D:09,-56,127,1.0,7.0,1.5
1783003897651,2026-07-02 16:51:37.651,C3:00:00:63:4D:09,-56,127,1.0,7.0,1.5
1783003897985,2026-07-02 16:51:37.985,C3:00:00:63:4D:09,-58,127,1.0,7.0,1.5
1783003898108,2026-07-02 16:51:38.108,C3:00:00:63:4D:09,-72,127,1.0,7.0,1.5
1783003898212,2026-07-02 16:51:38.212,C3:00:00:63:4D:09,-56,127,1.0,7.0,1.5
1783003898331,2026-07-02 16:51:38.331,C3:00:00:63:4D:09,-68,127,1.0,7.0,1.5
1783003898448,2026-07-02 16:51:38.448,C3:00:00:63:4D:09,-54,127,1.0,7.0,1.5
1783003898568,2026-07-02 16:51:38.568,C3:00:00:63:4D:09,-57,127,1.0,7.0,1.5
1783003898624,2026-07-02 16:51:38.624,C3:00:00:63:4D:09,-69,127,1.0,7.0,1.5
1783003898672,2026-07-02 16:51:38.672,C3:00:00:63:4D:09,-68,127,1.0,7.0,1.5
1783003898732,2026-07-02 16:51:38.732,C3:00:00:63:4D:09,-58,127,1.0,7.0,1.5
1783003898794,2026-07-02 16:51:38.794,C3:00:00:63:4D:09,-58,127,1.0,7.0,1.5
1783003898895,2026-07-02 16:51:38.895,C3:00:00:63:4D:09,-56,127,1.0,7.0,1.5
1783003898962,2026-07-02 16:51:38.962,C3:00:00:63:4D:09,-80,127,1.0,7.0,1.5
1783003899125,2026-07-02 16:51:39.125,C3:00:00:63:4D:09,-56,127,1.0,7.0,1.5
1783003899245,2026-07-02 16:51:39.245,C3:00:00:63:4D:09,-72,127,1.0,7.0,1.5
1783003899360,2026-07-02 16:51:39.360,C3:00:00:63:4D:09,-58,127,1.0,7.0,1.5
1783003899585,2026-07-02 16:51:39.585,C3:00:00:63:4D:09,-68,127,1.0,7.0,1.5
1783003899934,2026-07-02 16:51:39.934,C3:00:00:63:4D:09,-56,127,1.0,7.0,1.5
1783003900044,2026-07-02 16:51:40.044,C3:00:00:63:4D:09,-58,127,1.0,7.0,1.5
1783003900152,2026-07-02 16:51:40.152,C3:00:00:63:4D:09,-66,127,1.0,7.0,1.5
1783003900272,2026-07-02 16:51:40.272,C3:00:00:63:4D:09,-55,127,1.0,7.0,1.5
1783003900386,2026-07-02 16:51:40.386,C3:00:00:63:4D:09,-58,127,1.0,7.0,1.5
1783003900497,2026-07-02 16:51:40.497,C3:00:00:63:4D:09,-67,127,1.0,7.0,1.5
1783003900626,2026-07-02 16:51:40.626,C3:00:00:63:4D:09,-56,127,1.0,7.0,1.5
1783003900725,2026-07-02 16:51:40.725,C3:00:00:63:4D:09,-69,127,1.0,7.0,1.5
1783003900742,2026-07-02 16:51:40.742,C3:00:00:63:4D:09,-69,127,1.0,7.0,1.5
1783003900852,2026-07-02 16:51:40.852,C3:00:00:63:4D:09,-58,127,1.0,7.0,1.5
1783003901063,2026-07-02 16:51:41.063,C3:00:00:63:4D:09,-67,127,1.0,7.0,1.5
1783003901180,2026-07-02 16:51:41.180,C3:00:00:63:4D:09,-58,127,1.0,7.0,1.5
1783003901298,2026-07-02 16:51:41.298,C3:00:00:63:4D:09,-56,127,1.0,7.0,1.5
1783003901407,2026-07-02 16:51:41.407,C3:00:00:63:4D:09,-69,127,1.0,7.0,1.5
1783003901521,2026-07-02 16:51:41.521,C3:00:00:63:4D:09,-57,127,1.0,7.0,1.5
1783003901754,2026-07-02 16:51:41.754,C3:00:00:63:4D:09,-58,127,1.0,7.0,1.5
1783003902097,2026-07-02 16:51:42.097,C3:00:00:63:4D:09,-55,127,1.0,7.0,1.5
1783003902213,2026-07-02 16:51:42.213,C3:00:00:63:4D:09,-57,127,1.0,7.0,1.5
1783003902330,2026-07-02 16:51:42.330,C3:00:00:63:4D:09,-55,127,1.0,7.0,1.5
1783003902634,2026-07-02 16:51:42.634,C3:00:00:63:4D:09,-55,127,1.0,7.0,1.5
1783003902674,2026-07-02 16:51:42.674,C3:00:00:63:4D:09,-58,127,1.0,7.0,1.5
1783003902779,2026-07-02 16:51:42.779,C3:00:00:63:4D:09,-57,127,1.0,7.0,1.5
1783003902889,2026-07-02 16:51:42.889,C3:00:00:63:4D:09,-64,127,1.0,7.0,1.5
1783003902973,2026-07-02 16:51:42.973,C3:00:00:63:4D:09,-63,127,1.0,7.0,1.5
1783003903006,2026-07-02 16:51:43.006,C3:00:00:63:4D:09,-58,127,1.0,7.0,1.5
1783003903122,2026-07-02 16:51:43.122,C3:00:00:63:4D:09,-65,127,1.0,7.0,1.5
1783003903462,2026-07-02 16:51:43.462,C3:00:00:63:4D:09,-69,127,1.0,7.0,1.5
1783003903585,2026-07-02 16:51:43.585,C3:00:00:63:4D:09,-58,127,1.0,7.0,1.5
1783003903693,2026-07-02 16:51:43.693,C3:00:00:63:4D:09,-57,127,1.0,7.0,1.5
1783003903807,2026-07-02 16:51:43.807,C3:00:00:63:4D:09,-67,127,1.0,7.0,1.5
1783003903925,2026-07-02 16:51:43.925,C3:00:00:63:4D:09,-58,127,1.0,7.0,1.5
1783003904034,2026-07-02 16:51:44.034,C3:00:00:63:4D:09,-66,127,1.0,7.0,1.5
1783003904147,2026-07-02 16:51:44.147,C3:00:00:63:4D:09,-55,127,1.0,7.0,1.5
1783003904258,2026-07-02 16:51:44.258,C3:00:00:63:4D:09,-57,127,1.0,7.0,1.5
1783003904606,2026-07-02 16:51:44.606,C3:00:00:63:4D:09,-57,127,1.0,7.0,1.5
1783003904654,2026-07-02 16:51:44.654,C3:00:00:63:4D:09,-69,127,1.0,7.0,1.5
1783003904721,2026-07-02 16:51:44.721,C3:00:00:63:4D:09,-58,127,1.0,7.0,1.5
1783003904738,2026-07-02 16:51:44.738,C3:00:00:63:4D:09,-58,127,1.0,7.0,1.5
1783003904935,2026-07-02 16:51:44.935,C3:00:00:63:4D:09,-69,127,1.0,7.0,1.5
1783003904952,2026-07-02 16:51:44.952,C3:00:00:63:4D:09,-69,127,1.0,7.0,1.5
1783003905172,2026-07-02 16:51:45.172,C3:00:00:63:4D:09,-58,127,1.0,7.0,1.5
1783003905517,2026-07-02 16:51:45.517,C3:00:00:63:4D:09,-66,127,1.0,7.0,1.5
1783003905757,2026-07-02 16:51:45.757,C3:00:00:63:4D:09,-57,127,1.0,7.0,1.5
1783003905865,2026-07-02 16:51:45.865,C3:00:00:63:4D:09,-70,127,1.0,7.0,1.5
1783003905977,2026-07-02 16:51:45.977,C3:00:00:63:4D:09,-55,127,1.0,7.0,1.5
1783003906093,2026-07-02 16:51:46.093,C3:00:00:63:4D:09,-60,127,1.0,7.0,1.5
1783003906205,2026-07-02 16:51:46.205,C3:00:00:63:4D:09,-70,127,1.0,7.0,1.5
1783003906322,2026-07-02 16:51:46.322,C3:00:00:63:4D:09,-57,127,1.0,7.0,1.5
1783003906543,2026-07-02 16:51:46.543,C3:00:00:63:4D:09,-57,127,1.0,7.0,1.5
1783003906666,2026-07-02 16:51:46.666,C3:00:00:63:4D:09,-56,127,1.0,7.0,1.5
1783003906677,2026-07-02 16:51:46.677,C3:00:00:63:4D:09,-57,127,1.0,7.0,1.5
1783003906734,2026-07-02 16:51:46.734,C3:00:00:63:4D:09,-72,127,1.0,7.0,1.5
1783003906766,2026-07-02 16:51:46.766,C3:00:00:63:4D:09,-72,127,1.0,7.0,1.5
1783003906891,2026-07-02 16:51:46.891,C3:00:00:63:4D:09,-58,127,1.0,7.0,1.5
1783003906991,2026-07-02 16:51:46.991,C3:00:00:63:4D:09,-64,127,1.0,7.0,1.5
1783003907225,2026-07-02 16:51:47.225,C3:00:00:63:4D:09,-57,127,1.0,7.0,1.5
1783003907345,2026-07-02 16:51:47.345,C3:00:00:63:4D:09,-71,127,1.0,7.0,1.5
1783003907466,2026-07-02 16:51:47.466,C3:00:00:63:4D:09,-58,127,1.0,7.0,1.5
1783003907681,2026-07-02 16:51:47.681,C3:00:00:63:4D:09,-70,127,1.0,7.0,1.5
1783003907798,2026-07-02 16:51:47.798,C3:00:00:63:4D:09,-58,127,1.0,7.0,1.5
1783003907912,2026-07-02 16:51:47.912,C3:00:00:63:4D:09,-57,127,1.0,7.0,1.5
1783003908256,2026-07-02 16:51:48.256,C3:00:00:63:4D:09,-71,127,1.0,7.0,1.5
1783003908370,2026-07-02 16:51:48.370,C3:00:00:63:4D:09,-58,127,1.0,7.0,1.5
1783003908477,2026-07-02 16:51:48.477,C3:00:00:63:4D:09,-57,127,1.0,7.0,1.5
1783003908665,2026-07-02 16:51:48.665,C3:00:00:63:4D:09,-56,127,1.0,7.0,1.5
1783003908728,2026-07-02 16:51:48.728,C3:00:00:63:4D:09,-58,127,1.0,7.0,1.5
1783003908819,2026-07-02 16:51:48.819,C3:00:00:63:4D:09,-71,127,1.0,7.0,1.5
1783003908930,2026-07-02 16:51:48.930,C3:00:00:63:4D:09,-58,127,1.0,7.0,1.5
1783003908945,2026-07-02 16:51:48.945,C3:00:00:63:4D:09,-58,127,1.0,7.0,1.5
1783003909048,2026-07-02 16:51:49.048,C3:00:00:63:4D:09,-57,127,1.0,7.0,1.5
1783003909168,2026-07-02 16:51:49.168,C3:00:00:63:4D:09,-73,127,1.0,7.0,1.5
1783003909391,2026-07-02 16:51:49.391,C3:00:00:63:4D:09,-57,127,1.0,7.0,1.5
1783003909506,2026-07-02 16:51:49.506,C3:00:00:63:4D:09,-72,127,1.0,7.0,1.5
1783003909613,2026-07-02 16:51:49.613,C3:00:00:63:4D:09,-57,127,1.0,7.0,1.5
1783003909739,2026-07-02 16:51:49.739,C3:00:00:63:4D:09,-72,127,1.0,7.0,1.5
1783003909852,2026-07-02 16:51:49.852,C3:00:00:63:4D:09,-58,127,1.0,7.0,1.5
1783003909965,2026-07-02 16:51:49.965,C3:00:00:63:4D:09,-57,127,1.0,7.0,1.5
1783003910191,2026-07-02 16:51:50.191,C3:00:00:63:4D:09,-58,127,1.0,7.0,1.5
1783003910304,2026-07-02 16:51:50.304,C3:00:00:63:4D:09,-58,127,1.0,7.0,1.5
1783003910540,2026-07-02 16:51:50.540,C3:00:00:63:4D:09,-58,127,1.0,7.0,1.5
1783003910676,2026-07-02 16:51:50.676,C3:00:00:63:4D:09,-73,127,1.0,7.0,1.5
1783003910732,2026-07-02 16:51:50.732,C3:00:00:63:4D:09,-56,127,1.0,7.0,1.5
1783003910874,2026-07-02 16:51:50.874,C3:00:00:63:4D:09,-58,127,1.0,7.0,1.5
1783003911006,2026-07-02 16:51:51.006,C3:00:00:63:4D:09,-80,127,1.0,7.0,1.5
1783003911108,2026-07-02 16:51:51.108,C3:00:00:63:4D:09,-55,127,1.0,7.0,1.5
1783003911224,2026-07-02 16:51:51.224,C3:00:00:63:4D:09,-68,127,1.0,7.0,1.5
1783003911335,2026-07-02 16:51:51.335,C3:00:00:63:4D:09,-55,127,1.0,7.0,1.5
1783003911451,2026-07-02 16:51:51.451,C3:00:00:63:4D:09,-58,127,1.0,7.0,1.5
1783003911906,2026-07-02 16:51:51.906,C3:00:00:63:4D:09,-69,127,1.0,7.0,1.5
1783003912129,2026-07-02 16:51:52.129,C3:00:00:63:4D:09,-71,127,1.0,7.0,1.5
1783003912242,2026-07-02 16:51:52.242,C3:00:00:63:4D:09,-58,127,1.0,7.0,1.5
1783003912354,2026-07-02 16:51:52.354,C3:00:00:63:4D:09,-58,127,1.0,7.0,1.5
1783003912473,2026-07-02 16:51:52.473,C3:00:00:63:4D:09,-71,127,1.0,7.0,1.5
1783003912713,2026-07-02 16:51:52.713,C3:00:00:63:4D:09,-58,127,1.0,7.0,1.5
1783003912740,2026-07-02 16:51:52.740,C3:00:00:63:4D:09,-68,127,1.0,7.0,1.5
1783003912929,2026-07-02 16:51:52.929,C3:00:00:63:4D:09,-57,127,1.0,7.0,1.5
1783003912951,2026-07-02 16:51:52.951,C3:00:00:63:4D:09,-58,127,1.0,7.0,1.5
1783003913162,2026-07-02 16:51:53.162,C3:00:00:63:4D:09,-58,127,1.0,7.0,1.5
1783003913270,2026-07-02 16:51:53.270,C3:00:00:63:4D:09,-57,127,1.0,7.0,1.5
1783003913509,2026-07-02 16:51:53.509,C3:00:00:63:4D:09,-55,127,1.0,7.0,1.5
1783003913614,2026-07-02 16:51:53.614,C3:00:00:63:4D:09,-58,127,1.0,7.0,1.5
1783003913723,2026-07-02 16:51:53.723,C3:00:00:63:4D:09,-58,127,1.0,7.0,1.5
1783003913839,2026-07-02 16:51:53.839,C3:00:00:63:4D:09,-58,127,1.0,7.0,1.5
1783003914070,2026-07-02 16:51:54.070,C3:00:00:63:4D:09,-58,127,1.0,7.0,1.5
1783003914178,2026-07-02 16:51:54.178,C3:00:00:63:4D:09,-57,127,1.0,7.0,1.5
1783003914295,2026-07-02 16:51:54.295,C3:00:00:63:4D:09,-68,127,1.0,7.0,1.5
1783003914527,2026-07-02 16:51:54.527,C3:00:00:63:4D:09,-73,127,1.0,7.0,1.5
1783003914639,2026-07-02 16:51:54.639,C3:00:00:63:4D:09,-58,127,1.0,7.0,1.5
1783003914730,2026-07-02 16:51:54.730,C3:00:00:63:4D:09,-58,127,1.0,7.0,1.5
1783003914763,2026-07-02 16:51:54.763,C3:00:00:63:4D:09,-58,127,1.0,7.0,1.5
1783003914868,2026-07-02 16:51:54.868,C3:00:00:63:4D:09,-73,127,1.0,7.0,1.5
1783003914978,2026-07-02 16:51:54.978,C3:00:00:63:4D:09,-58,127,1.0,7.0,1.5
1783003914993,2026-07-02 16:51:54.993,C3:00:00:63:4D:09,-66,127,1.0,7.0,1.5
1783003915113,2026-07-02 16:51:55.113,C3:00:00:63:4D:09,-58,127,1.0,7.0,1.5
1783003915210,2026-07-02 16:51:55.210,C3:00:00:63:4D:09,-72,127,1.0,7.0,1.5
1783003915315,2026-07-02 16:51:55.315,C3:00:00:63:4D:09,-58,127,1.0,7.0,1.5
1783003915563,2026-07-02 16:51:55.563,C3:00:00:63:4D:09,-58,127,1.0,7.0,1.5
1783003915669,2026-07-02 16:51:55.669,C3:00:00:63:4D:09,-57,127,1.0,7.0,1.5
1783003915901,2026-07-02 16:51:55.901,C3:00:00:63:4D:09,-57,127,1.0,7.0,1.5
1783003916018,2026-07-02 16:51:56.018,C3:00:00:63:4D:09,-57,127,1.0,7.0,1.5
1783003916119,2026-07-02 16:51:56.119,C3:00:00:63:4D:09,-58,127,1.0,7.0,1.5
1783003916234,2026-07-02 16:51:56.234,C3:00:00:63:4D:09,-57,127,1.0,7.0,1.5
1783003916348,2026-07-02 16:51:56.348,C3:00:00:63:4D:09,-69,127,1.0,7.0,1.5
1783003916475,2026-07-02 16:51:56.475,C3:00:00:63:4D:09,-58,127,1.0,7.0,1.5
1783003916583,2026-07-02 16:51:56.583,C3:00:00:63:4D:09,-58,127,1.0,7.0,1.5
1783003916704,2026-07-02 16:51:56.704,C3:00:00:63:4D:09,-71,127,1.0,7.0,1.5
1783003916732,2026-07-02 16:51:56.732,C3:00:00:63:4D:09,-58,127,1.0,7.0,1.5
1783003916803,2026-07-02 16:51:56.803,C3:00:00:63:4D:09,-57,127,1.0,7.0,1.5
1783003916922,2026-07-02 16:51:56.922,C3:00:00:63:4D:09,-69,127,1.0,7.0,1.5
1783003916945,2026-07-02 16:51:56.945,C3:00:00:63:4D:09,-69,127,1.0,7.0,1.5
1783003917035,2026-07-02 16:51:57.035,C3:00:00:63:4D:09,-57,127,1.0,7.0,1.5
1783003917374,2026-07-02 16:51:57.374,C3:00:00:63:4D:09,-58,127,1.0,7.0,1.5
1783003917484,2026-07-02 16:51:57.484,C3:00:00:63:4D:09,-56,127,1.0,7.0,1.5
1783003917600,2026-07-02 16:51:57.600,C3:00:00:63:4D:09,-69,127,1.0,7.0,1.5
1783003917836,2026-07-02 16:51:57.836,C3:00:00:63:4D:09,-70,127,1.0,7.0,1.5
1783003918065,2026-07-02 16:51:58.065,C3:00:00:63:4D:09,-57,127,1.0,7.0,1.5
1783003918299,2026-07-02 16:51:58.299,C3:00:00:63:4D:09,-58,127,1.0,7.0,1.5
1783003918400,2026-07-02 16:51:58.400,C3:00:00:63:4D:09,-57,127,1.0,7.0,1.5
1783003918517,2026-07-02 16:51:58.517,C3:00:00:63:4D:09,-58,127,1.0,7.0,1.5
1783003918627,2026-07-02 16:51:58.627,C3:00:00:63:4D:09,-56,127,1.0,7.0,1.5
1783003918740,2026-07-02 16:51:58.740,C3:00:00:63:4D:09,-69,127,1.0,7.0,1.5
1783003918764,2026-07-02 16:51:58.764,C3:00:00:63:4D:09,-68,127,1.0,7.0,1.5
1783003918857,2026-07-02 16:51:58.857,C3:00:00:63:4D:09,-55,127,1.0,7.0,1.5
1783003918975,2026-07-02 16:51:58.975,C3:00:00:63:4D:09,-58,127,1.0,7.0,1.5
1783003918999,2026-07-02 16:51:58.999,C3:00:00:63:4D:09,-65,127,1.0,7.0,1.5
1783003919321,2026-07-02 16:51:59.321,C3:00:00:63:4D:09,-68,127,1.0,7.0,1.5
1783003919547,2026-07-02 16:51:59.547,C3:00:00:63:4D:09,-58,127,1.0,7.0,1.5
1783003919660,2026-07-02 16:51:59.660,C3:00:00:63:4D:09,-70,127,1.0,7.0,1.5
1783003919773,2026-07-02 16:51:59.773,C3:00:00:63:4D:09,-55,127,1.0,7.0,1.5
1783003919900,2026-07-02 16:51:59.900,C3:00:00:63:4D:09,-58,127,1.0,7.0,1.5
1783003920015,2026-07-02 16:52:00.015,C3:00:00:63:4D:09,-68,127,1.0,7.0,1.5
1783003920117,2026-07-02 16:52:00.117,C3:00:00:63:4D:09,-58,127,1.0,7.0,1.5
1783003920227,2026-07-02 16:52:00.227,C3:00:00:63:4D:09,-69,127,1.0,7.0,1.5
1783003920343,2026-07-02 16:52:00.343,C3:00:00:63:4D:09,-58,127,1.0,7.0,1.5
1783003920456,2026-07-02 16:52:00.456,C3:00:00:63:4D:09,-57,127,1.0,7.0,1.5
1783003920575,2026-07-02 16:52:00.575,C3:00:00:63:4D:09,-72,127,1.0,7.0,1.5
1783003920695,2026-07-02 16:52:00.695,C3:00:00:63:4D:09,-58,127,1.0,7.0,1.5
1783003920718,2026-07-02 16:52:00.718,C3:00:00:63:4D:09,-57,127,1.0,7.0,1.5
1783003920740,2026-07-02 16:52:00.740,C3:00:00:63:4D:09,-57,127,1.0,7.0,1.5
1783003920807,2026-07-02 16:52:00.807,C3:00:00:63:4D:09,-57,127,1.0,7.0,1.5
1783003920936,2026-07-02 16:52:00.936,C3:00:00:63:4D:09,-58,127,1.0,7.0,1.5
1783003921253,2026-07-02 16:52:01.253,C3:00:00:63:4D:09,-58,127,1.0,7.0,1.5
1783003921366,2026-07-02 16:52:01.366,C3:00:00:63:4D:09,-57,127,1.0,7.0,1.5
1783003921474,2026-07-02 16:52:01.474,C3:00:00:63:4D:09,-66,127,1.0,7.0,1.5
1783003921595,2026-07-02 16:52:01.595,C3:00:00:63:4D:09,-55,127,1.0,7.0,1.5
1783003921824,2026-07-02 16:52:01.824,C3:00:00:63:4D:09,-55,127,1.0,7.0,1.5
1783003922165,2026-07-02 16:52:02.165,C3:00:00:63:4D:09,-55,127,1.0,7.0,1.5
1783003922274,2026-07-02 16:52:02.274,C3:00:00:63:4D:09,-57,127,1.0,7.0,1.5
1783003922404,2026-07-02 16:52:02.404,C3:00:00:63:4D:09,-70,127,1.0,7.0,1.5
1783003922516,2026-07-02 16:52:02.516,C3:00:00:63:4D:09,-57,127,1.0,7.0,1.5
1783003922617,2026-07-02 16:52:02.617,C3:00:00:63:4D:09,-70,127,1.0,7.0,1.5
1783003922731,2026-07-02 16:52:02.731,C3:00:00:63:4D:09,-58,127,1.0,7.0,1.5
1783003922751,2026-07-02 16:52:02.751,C3:00:00:63:4D:09,-58,127,1.0,7.0,1.5
1783003922776,2026-07-02 16:52:02.776,C3:00:00:63:4D:09,-58,127,1.0,7.0,1.5
1783003922843,2026-07-02 16:52:02.843,C3:00:00:63:4D:09,-57,127,1.0,7.0,1.5
1783003922961,2026-07-02 16:52:02.961,C3:00:00:63:4D:09,-70,127,1.0,7.0,1.5
1783003923305,2026-07-02 16:52:03.305,C3:00:00:63:4D:09,-70,127,1.0,7.0,1.5
1783003923426,2026-07-02 16:52:03.426,C3:00:00:63:4D:09,-57,127,1.0,7.0,1.5
1783003923529,2026-07-02 16:52:03.529,C3:00:00:63:4D:09,-69,127,1.0,7.0,1.5
1783003923779,2026-07-02 16:52:03.779,C3:00:00:63:4D:09,-57,127,1.0,7.0,1.5
1783003923877,2026-07-02 16:52:03.877,C3:00:00:63:4D:09,-70,127,1.0,7.0,1.5
1783003924003,2026-07-02 16:52:04.003,C3:00:00:63:4D:09,-58,127,1.0,7.0,1.5
1783003924106,2026-07-02 16:52:04.106,C3:00:00:63:4D:09,-57,127,1.0,7.0,1.5
1783003924325,2026-07-02 16:52:04.325,C3:00:00:63:4D:09,-57,127,1.0,7.0,1.5
1783003924449,2026-07-02 16:52:04.449,C3:00:00:63:4D:09,-70,127,1.0,7.0,1.5
1783003924559,2026-07-02 16:52:04.559,C3:00:00:63:4D:09,-55,127,1.0,7.0,1.5
1783003924682,2026-07-02 16:52:04.682,C3:00:00:63:4D:09,-57,127,1.0,7.0,1.5
1783003924738,2026-07-02 16:52:04.738,C3:00:00:63:4D:09,-68,127,1.0,7.0,1.5
1783003924755,2026-07-02 16:52:04.755,C3:00:00:63:4D:09,-70,127,1.0,7.0,1.5
1783003924789,2026-07-02 16:52:04.789,C3:00:00:63:4D:09,-70,127,1.0,7.0,1.5
1783003924899,2026-07-02 16:52:04.899,C3:00:00:63:4D:09,-58,127,1.0,7.0,1.5
1783003924932,2026-07-02 16:52:04.932,C3:00:00:63:4D:09,-57,127,1.0,7.0,1.5
1783003925128,2026-07-02 16:52:05.128,C3:00:00:63:4D:09,-58,127,1.0,7.0,1.5
1783003925361,2026-07-02 16:52:05.361,C3:00:00:63:4D:09,-70,127,1.0,7.0,1.5
1783003925700,2026-07-02 16:52:05.700,C3:00:00:63:4D:09,-68,127,1.0,7.0,1.5
1783003925925,2026-07-02 16:52:05.925,C3:00:00:63:4D:09,-71,127,1.0,7.0,1.5
1783003926036,2026-07-02 16:52:06.036,C3:00:00:63:4D:09,-58,127,1.0,7.0,1.5
1783003926153,2026-07-02 16:52:06.153,C3:00:00:63:4D:09,-57,127,1.0,7.0,1.5
1783003926271,2026-07-02 16:52:06.271,C3:00:00:63:4D:09,-72,127,1.0,7.0,1.5
1783003926379,2026-07-02 16:52:06.379,C3:00:00:63:4D:09,-58,127,1.0,7.0,1.5
1783003926607,2026-07-02 16:52:06.607,C3:00:00:63:4D:09,-69,127,1.0,7.0,1.5
1783003926725,2026-07-02 16:52:06.725,C3:00:00:63:4D:09,-57,127,1.0,7.0,1.5
1783003926741,2026-07-02 16:52:06.741,C3:00:00:63:4D:09,-58,127,1.0,7.0,1.5
1783003926953,2026-07-02 16:52:06.953,C3:00:00:63:4D:09,-58,127,1.0,7.0,1.5
1783003927024,2026-07-02 16:52:07.024,C3:00:00:63:4D:09,-64,127,1.0,7.0,1.5
1783003927067,2026-07-02 16:52:07.067,C3:00:00:63:4D:09,-56,127,1.0,7.0,1.5
1783003927303,2026-07-02 16:52:07.303,C3:00:00:63:4D:09,-58,127,1.0,7.0,1.5
1783003927536,2026-07-02 16:52:07.536,C3:00:00:63:4D:09,-55,127,1.0,7.0,1.5
1783003927632,2026-07-02 16:52:07.632,C3:00:00:63:4D:09,-56,127,1.0,7.0,1.5
1783003927746,2026-07-02 16:52:07.746,C3:00:00:63:4D:09,-68,127,1.0,7.0,1.5
1783003927983,2026-07-02 16:52:07.983,C3:00:00:63:4D:09,-57,127,1.0,7.0,1.5
1783003928101,2026-07-02 16:52:08.101,C3:00:00:63:4D:09,-68,127,1.0,7.0,1.5
1783003928221,2026-07-02 16:52:08.221,C3:00:00:63:4D:09,-55,127,1.0,7.0,1.5
1783003928320,2026-07-02 16:52:08.320,C3:00:00:63:4D:09,-67,127,1.0,7.0,1.5
1783003928558,2026-07-02 16:52:08.558,C3:00:00:63:4D:09,-57,127,1.0,7.0,1.5
1783003928727,2026-07-02 16:52:08.727,C3:00:00:63:4D:09,-58,127,1.0,7.0,1.5
1783003928764,2026-07-02 16:52:08.764,C3:00:00:63:4D:09,-58,127,1.0,7.0,1.5
1783003928787,2026-07-02 16:52:08.787,C3:00:00:63:4D:09,-58,127,1.0,7.0,1.5
1783003928894,2026-07-02 16:52:08.894,C3:00:00:63:4D:09,-57,127,1.0,7.0,1.5
1783003928938,2026-07-02 16:52:08.938,C3:00:00:63:4D:09,-71,127,1.0,7.0,1.5
1783003929130,2026-07-02 16:52:09.130,C3:00:00:63:4D:09,-57,127,1.0,7.0,1.5
1783003929230,2026-07-02 16:52:09.230,C3:00:00:63:4D:09,-68,127,1.0,7.0,1.5
1783003929344,2026-07-02 16:52:09.344,C3:00:00:63:4D:09,-58,127,1.0,7.0,1.5
1783003929575,2026-07-02 16:52:09.575,C3:00:00:63:4D:09,-70,127,1.0,7.0,1.5
1783003929685,2026-07-02 16:52:09.685,C3:00:00:63:4D:09,-58,127,1.0,7.0,1.5
1783003929920,2026-07-02 16:52:09.920,C3:00:00:63:4D:09,-58,127,1.0,7.0,1.5
1783003930035,2026-07-02 16:52:10.035,C3:00:00:63:4D:09,-56,127,1.0,7.0,1.5
1783003930145,2026-07-02 16:52:10.145,C3:00:00:63:4D:09,-70,127,1.0,7.0,1.5
1783003930272,2026-07-02 16:52:10.272,C3:00:00:63:4D:09,-58,127,1.0,7.0,1.5
1783003930375,2026-07-02 16:52:10.375,C3:00:00:63:4D:09,-56,127,1.0,7.0,1.5
1783003930484,2026-07-02 16:52:10.484,C3:00:00:63:4D:09,-70,127,1.0,7.0,1.5
1783003930725,2026-07-02 16:52:10.725,C3:00:00:63:4D:09,-57,127,1.0,7.0,1.5
1783003930761,2026-07-02 16:52:10.761,C3:00:00:63:4D:09,-71,127,1.0,7.0,1.5
1783003930825,2026-07-02 16:52:10.825,C3:00:00:63:4D:09,-58,127,1.0,7.0,1.5
1783003930947,2026-07-02 16:52:10.947,C3:00:00:63:4D:09,-57,127,1.0,7.0,1.5
1783003931026,2026-07-02 16:52:11.026,C3:00:00:63:4D:09,-75,127,1.0,7.0,1.5
1783003931056,2026-07-02 16:52:11.056,C3:00:00:63:4D:09,-67,127,1.0,7.0,1.5
1783003931172,2026-07-02 16:52:11.172,C3:00:00:63:4D:09,-58,127,1.0,7.0,1.5
1783003931399,2026-07-02 16:52:11.399,C3:00:00:63:4D:09,-67,127,1.0,7.0,1.5
1783003931514,2026-07-02 16:52:11.514,C3:00:00:63:4D:09,-58,127,1.0,7.0,1.5
1783003931622,2026-07-02 16:52:11.622,C3:00:00:63:4D:09,-67,127,1.0,7.0,1.5
1783003931743,2026-07-02 16:52:11.743,C3:00:00:63:4D:09,-55,127,1.0,7.0,1.5
1783003931857,2026-07-02 16:52:11.857,C3:00:00:63:4D:09,-56,127,1.0,7.0,1.5
1783003931965,2026-07-02 16:52:11.965,C3:00:00:63:4D:09,-70,127,1.0,7.0,1.5
1783003932093,2026-07-02 16:52:12.093,C3:00:00:63:4D:09,-57,127,1.0,7.0,1.5
1783003932191,2026-07-02 16:52:12.191,C3:00:00:63:4D:09,-57,127,1.0,7.0,1.5
1783003932318,2026-07-02 16:52:12.318,C3:00:00:63:4D:09,-58,127,1.0,7.0,1.5
1783003932428,2026-07-02 16:52:12.428,C3:00:00:63:4D:09,-57,127,1.0,7.0,1.5
1783003932540,2026-07-02 16:52:12.540,C3:00:00:63:4D:09,-67,127,1.0,7.0,1.5
1783003932648,2026-07-02 16:52:12.648,C3:00:00:63:4D:09,-58,127,1.0,7.0,1.5
1783003932732,2026-07-02 16:52:12.732,C3:00:00:63:4D:09,-58,127,1.0,7.0,1.5
1783003932770,2026-07-02 16:52:12.770,C3:00:00:63:4D:09,-57,127,1.0,7.0,1.5
1783003932798,2026-07-02 16:52:12.798,C3:00:00:63:4D:09,-58,127,1.0,7.0,1.5
1783003932878,2026-07-02 16:52:12.878,C3:00:00:63:4D:09,-66,127,1.0,7.0,1.5
1783003932937,2026-07-02 16:52:12.937,C3:00:00:63:4D:09,-56,127,1.0,7.0,1.5
1783003932996,2026-07-02 16:52:12.996,C3:00:00:63:4D:09,-55,127,1.0,7.0,1.5
1783003933112,2026-07-02 16:52:13.112,C3:00:00:63:4D:09,-56,127,1.0,7.0,1.5
1783003933333,2026-07-02 16:52:13.333,C3:00:00:63:4D:09,-57,127,1.0,7.0,1.5
1783003933453,2026-07-02 16:52:13.453,C3:00:00:63:4D:09,-67,127,1.0,7.0,1.5
1783003933789,2026-07-02 16:52:13.789,C3:00:00:63:4D:09,-68,127,1.0,7.0,1.5
1783003934025,2026-07-02 16:52:14.025,C3:00:00:63:4D:09,-67,127,1.0,7.0,1.5
1783003934142,2026-07-02 16:52:14.142,C3:00:00:63:4D:09,-58,127,1.0,7.0,1.5
1783003934255,2026-07-02 16:52:14.255,C3:00:00:63:4D:09,-58,127,1.0,7.0,1.5
1783003934475,2026-07-02 16:52:14.475,C3:00:00:63:4D:09,-58,127,1.0,7.0,1.5
1783003934703,2026-07-02 16:52:14.703,C3:00:00:63:4D:09,-69,127,1.0,7.0,1.5
1783003934735,2026-07-02 16:52:14.735,C3:00:00:63:4D:09,-57,127,1.0,7.0,1.5
1783003934790,2026-07-02 16:52:14.790,C3:00:00:63:4D:09,-58,127,1.0,7.0,1.5
1783003934821,2026-07-02 16:52:14.821,C3:00:00:63:4D:09,-56,127,1.0,7.0,1.5
1783003934938,2026-07-02 16:52:14.938,C3:00:00:63:4D:09,-66,127,1.0,7.0,1.5
1783003935040,2026-07-02 16:52:15.040,C3:00:00:63:4D:09,-63,127,1.0,7.0,1.5
1783003935055,2026-07-02 16:52:15.055,C3:00:00:63:4D:09,-58,127,1.0,7.0,1.5
1783003935165,2026-07-02 16:52:15.165,C3:00:00:63:4D:09,-56,127,1.0,7.0,1.5
1783003935277,2026-07-02 16:52:15.277,C3:00:00:63:4D:09,-71,127,1.0,7.0,1.5
1783003935393,2026-07-02 16:52:15.393,C3:00:00:63:4D:09,-58,127,1.0,7.0,1.5
1783003935510,2026-07-02 16:52:15.510,C3:00:00:63:4D:09,-56,127,1.0,7.0,1.5
1783003935625,2026-07-02 16:52:15.625,C3:00:00:63:4D:09,-58,127,1.0,7.0,1.5
1783003935846,2026-07-02 16:52:15.846,C3:00:00:63:4D:09,-73,127,1.0,7.0,1.5
1783003935961,2026-07-02 16:52:15.961,C3:00:00:63:4D:09,-58,127,1.0,7.0,1.5
1783003936075,2026-07-02 16:52:16.075,C3:00:00:63:4D:09,-57,127,1.0,7.0,1.5
1783003936192,2026-07-02 16:52:16.192,C3:00:00:63:4D:09,-67,127,1.0,7.0,1.5
1783003936303,2026-07-02 16:52:16.303,C3:00:00:63:4D:09,-58,127,1.0,7.0,1.5
1783003936419,2026-07-02 16:52:16.419,C3:00:00:63:4D:09,-66,127,1.0,7.0,1.5
1783003936730,2026-07-02 16:52:16.730,C3:00:00:63:4D:09,-69,127,1.0,7.0,1.5
1783003936768,2026-07-02 16:52:16.768,C3:00:00:63:4D:09,-65,127,1.0,7.0,1.5
1783003936785,2026-07-02 16:52:16.785,C3:00:00:63:4D:09,-68,127,1.0,7.0,1.5
1783003936884,2026-07-02 16:52:16.884,C3:00:00:63:4D:09,-54,127,1.0,7.0,1.5
1783003936933,2026-07-02 16:52:16.933,C3:00:00:63:4D:09,-56,127,1.0,7.0,1.5
1783003937100,2026-07-02 16:52:17.100,C3:00:00:63:4D:09,-70,127,1.0,7.0,1.5
1783003937438,2026-07-02 16:52:17.438,C3:00:00:63:4D:09,-58,127,1.0,7.0,1.5
1783003937674,2026-07-02 16:52:17.674,C3:00:00:63:4D:09,-69,127,1.0,7.0,1.5
1783003937795,2026-07-02 16:52:17.795,C3:00:00:63:4D:09,-54,127,1.0,7.0,1.5
1783003938016,2026-07-02 16:52:18.016,C3:00:00:63:4D:09,-70,127,1.0,7.0,1.5
1783003938125,2026-07-02 16:52:18.125,C3:00:00:63:4D:09,-58,127,1.0,7.0,1.5
1783003938370,2026-07-02 16:52:18.370,C3:00:00:63:4D:09,-55,127,1.0,7.0,1.5
1783003938468,2026-07-02 16:52:18.468,C3:00:00:63:4D:09,-57,127,1.0,7.0,1.5
1783003938582,2026-07-02 16:52:18.582,C3:00:00:63:4D:09,-71,127,1.0,7.0,1.5
1783003938702,2026-07-02 16:52:18.702,C3:00:00:63:4D:09,-54,127,1.0,7.0,1.5
1783003938730,2026-07-02 16:52:18.730,C3:00:00:63:4D:09,-58,127,1.0,7.0,1.5
1783003938793,2026-07-02 16:52:18.793,C3:00:00:63:4D:09,-55,127,1.0,7.0,1.5
1783003938916,2026-07-02 16:52:18.916,C3:00:00:63:4D:09,-58,127,1.0,7.0,1.5
1783003939042,2026-07-02 16:52:19.042,C3:00:00:63:4D:09,-58,127,1.0,7.0,1.5
1783003939059,2026-07-02 16:52:19.059,C3:00:00:63:4D:09,-66,127,1.0,7.0,1.5
1783003939273,2026-07-02 16:52:19.273,C3:00:00:63:4D:09,-58,127,1.0,7.0,1.5
1783003939381,2026-07-02 16:52:19.381,C3:00:00:63:4D:09,-61,127,1.0,7.0,1.5
1783003939720,2026-07-02 16:52:19.720,C3:00:00:63:4D:09,-71,127,1.0,7.0,1.5
1783003939836,2026-07-02 16:52:19.836,C3:00:00:63:4D:09,-58,127,1.0,7.0,1.5
1783003939952,2026-07-02 16:52:19.952,C3:00:00:63:4D:09,-61,127,1.0,7.0,1.5
1783003940062,2026-07-02 16:52:20.062,C3:00:00:63:4D:09,-72,127,1.0,7.0,1.5
1783003940409,2026-07-02 16:52:20.409,C3:00:00:63:4D:09,-65,127,1.0,7.0,1.5
1783003940519,2026-07-02 16:52:20.519,C3:00:00:63:4D:09,-63,127,1.0,7.0,1.5
1783003940734,2026-07-02 16:52:20.734,C3:00:00:63:4D:09,-63,127,1.0,7.0,1.5
1783003940756,2026-07-02 16:52:20.756,C3:00:00:63:4D:09,-62,127,1.0,7.0,1.5
1783003940808,2026-07-02 16:52:20.808,C3:00:00:63:4D:09,-59,127,1.0,7.0,1.5
1783003940859,2026-07-02 16:52:20.859,C3:00:00:63:4D:09,-60,127,1.0,7.0,1.5
1783003940941,2026-07-02 16:52:20.941,C3:00:00:63:4D:09,-69,127,1.0,7.0,1.5
1783003941090,2026-07-02 16:52:21.090,C3:00:00:63:4D:09,-56,127,1.0,7.0,1.5
1783003941203,2026-07-02 16:52:21.203,C3:00:00:63:4D:09,-57,127,1.0,7.0,1.5
1783003941316,2026-07-02 16:52:21.316,C3:00:00:63:4D:09,-54,127,1.0,7.0,1.5
1783003941546,2026-07-02 16:52:21.546,C3:00:00:63:4D:09,-65,127,1.0,7.0,1.5
1783003941664,2026-07-02 16:52:21.664,C3:00:00:63:4D:09,-55,127,1.0,7.0,1.5
1783003941778,2026-07-02 16:52:21.778,C3:00:00:63:4D:09,-61,127,1.0,7.0,1.5
1783003941893,2026-07-02 16:52:21.893,C3:00:00:63:4D:09,-65,127,1.0,7.0,1.5
1783003942004,2026-07-02 16:52:22.004,C3:00:00:63:4D:09,-55,127,1.0,7.0,1.5
1783003942348,2026-07-02 16:52:22.348,C3:00:00:63:4D:09,-58,127,1.0,7.0,1.5
1783003942460,2026-07-02 16:52:22.460,C3:00:00:63:4D:09,-70,127,1.0,7.0,1.5
1783003942738,2026-07-02 16:52:22.738,C3:00:00:63:4D:09,-69,127,1.0,7.0,1.5
1783003942819,2026-07-02 16:52:22.819,C3:00:00:63:4D:09,-59,127,1.0,7.0,1.5
1783003943042,2026-07-02 16:52:23.042,C3:00:00:63:4D:09,-74,127,1.0,7.0,1.5
1783003943060,2026-07-02 16:52:23.060,C3:00:00:63:4D:09,-80,127,1.0,7.0,1.5
1783003943153,2026-07-02 16:52:23.153,C3:00:00:63:4D:09,-56,127,1.0,7.0,1.5
1783003943259,2026-07-02 16:52:23.259,C3:00:00:63:4D:09,-57,127,1.0,7.0,1.5
1783003943368,2026-07-02 16:52:23.368,C3:00:00:63:4D:09,-69,127,1.0,7.0,1.5
1783003943490,2026-07-02 16:52:23.490,C3:00:00:63:4D:09,-57,127,1.0,7.0,1.5
1783003943719,2026-07-02 16:52:23.719,C3:00:00:63:4D:09,-59,127,1.0,7.0,1.5
1783003943821,2026-07-02 16:52:23.821,C3:00:00:63:4D:09,-58,127,1.0,7.0,1.5
1783003943939,2026-07-02 16:52:23.939,C3:00:00:63:4D:09,-71,127,1.0,7.0,1.5
1783003944056,2026-07-02 16:52:24.056,C3:00:00:63:4D:09,-58,127,1.0,7.0,1.5
1783003944172,2026-07-02 16:52:24.172,C3:00:00:63:4D:09,-58,127,1.0,7.0,1.5
1783003944280,2026-07-02 16:52:24.280,C3:00:00:63:4D:09,-67,127,1.0,7.0,1.5
1783003944407,2026-07-02 16:52:24.407,C3:00:00:63:4D:09,-56,127,1.0,7.0,1.5
1783003944507,2026-07-02 16:52:24.507,C3:00:00:63:4D:09,-58,127,1.0,7.0,1.5
1783003944628,2026-07-02 16:52:24.628,C3:00:00:63:4D:09,-60,127,1.0,7.0,1.5
1783003944730,2026-07-02 16:52:24.730,C3:00:00:63:4D:09,-58,127,1.0,7.0,1.5
1783003944756,2026-07-02 16:52:24.756,C3:00:00:63:4D:09,-58,127,1.0,7.0,1.5
1783003944825,2026-07-02 16:52:24.825,C3:00:00:63:4D:09,-65,127,1.0,7.0,1.5
1783003944855,2026-07-02 16:52:24.855,C3:00:00:63:4D:09,-65,127,1.0,7.0,1.5
1783003944948,2026-07-02 16:52:24.948,C3:00:00:63:4D:09,-60,127,1.0,7.0,1.5
1783003945075,2026-07-02 16:52:25.075,C3:00:00:63:4D:09,-56,127,1.0,7.0,1.5
1783003945304,2026-07-02 16:52:25.304,C3:00:00:63:4D:09,-61,127,1.0,7.0,1.5
1783003945653,2026-07-02 16:52:25.653,C3:00:00:63:4D:09,-55,127,1.0,7.0,1.5
1783003945763,2026-07-02 16:52:25.763,C3:00:00:63:4D:09,-67,127,1.0,7.0,1.5
1783003945890,2026-07-02 16:52:25.890,C3:00:00:63:4D:09,-58,127,1.0,7.0,1.5
1783003945996,2026-07-02 16:52:25.996,C3:00:00:63:4D:09,-55,127,1.0,7.0,1.5
1783003946334,2026-07-02 16:52:26.334,C3:00:00:63:4D:09,-66,127,1.0,7.0,1.5
1783003946555,2026-07-02 16:52:26.555,C3:00:00:63:4D:09,-55,127,1.0,7.0,1.5
1783003946689,2026-07-02 16:52:26.689,C3:00:00:63:4D:09,-69,127,1.0,7.0,1.5
1783003946740,2026-07-02 16:52:26.740,C3:00:00:63:4D:09,-56,127,1.0,7.0,1.5
1783003946799,2026-07-02 16:52:26.799,C3:00:00:63:4D:09,-55,127,1.0,7.0,1.5
1783003946839,2026-07-02 16:52:26.839,C3:00:00:63:4D:09,-55,127,1.0,7.0,1.5
1783003946901,2026-07-02 16:52:26.901,C3:00:00:63:4D:09,-56,127,1.0,7.0,1.5
1783003947068,2026-07-02 16:52:27.068,C3:00:00:63:4D:09,-63,127,1.0,7.0,1.5
1783003947137,2026-07-02 16:52:27.137,C3:00:00:63:4D:09,-56,127,1.0,7.0,1.5
1783003947358,2026-07-02 16:52:27.358,C3:00:00:63:4D:09,-60,127,1.0,7.0,1.5
1783003947475,2026-07-02 16:52:27.475,C3:00:00:63:4D:09,-58,127,1.0,7.0,1.5
1783003947822,2026-07-02 16:52:27.822,C3:00:00:63:4D:09,-58,127,1.0,7.0,1.5
1783003948043,2026-07-02 16:52:28.043,C3:00:00:63:4D:09,-58,127,1.0,7.0,1.5
1783003948159,2026-07-02 16:52:28.159,C3:00:00:63:4D:09,-63,127,1.0,7.0,1.5
1783003948281,2026-07-02 16:52:28.281,C3:00:00:63:4D:09,-56,127,1.0,7.0,1.5
1783003948388,2026-07-02 16:52:28.388,C3:00:00:63:4D:09,-58,127,1.0,7.0,1.5
1783003948505,2026-07-02 16:52:28.505,C3:00:00:63:4D:09,-69,127,1.0,7.0,1.5
1783003948613,2026-07-02 16:52:28.613,C3:00:00:63:4D:09,-58,127,1.0,7.0,1.5
1783003948751,2026-07-02 16:52:28.751,C3:00:00:63:4D:09,-66,127,1.0,7.0,1.5
1783003948858,2026-07-02 16:52:28.858,C3:00:00:63:4D:09,-57,127,1.0,7.0,1.5
1783003948863,2026-07-02 16:52:28.863,C3:00:00:63:4D:09,-57,127,1.0,7.0,1.5
1783003948947,2026-07-02 16:52:28.947,C3:00:00:63:4D:09,-57,127,1.0,7.0,1.5
1783003948982,2026-07-02 16:52:28.982,C3:00:00:63:4D:09,-56,127,1.0,7.0,1.5
1783003949066,2026-07-02 16:52:29.066,C3:00:00:63:4D:09,-65,127,1.0,7.0,1.5
1783003949190,2026-07-02 16:52:29.190,C3:00:00:63:4D:09,-58,127,1.0,7.0,1.5
1783003949296,2026-07-02 16:52:29.296,C3:00:00:63:4D:09,-56,127,1.0,7.0,1.5
1783003949413,2026-07-02 16:52:29.413,C3:00:00:63:4D:09,-64,127,1.0,7.0,1.5
1783003949529,2026-07-02 16:52:29.529,C3:00:00:63:4D:09,-56,127,1.0,7.0,1.5
1783003949643,2026-07-02 16:52:29.643,C3:00:00:63:4D:09,-64,127,1.0,7.0,1.5
1783003949754,2026-07-02 16:52:29.754,C3:00:00:63:4D:09,-58,127,1.0,7.0,1.5
1783003949868,2026-07-02 16:52:29.868,C3:00:00:63:4D:09,-56,127,1.0,7.0,1.5
1783003949987,2026-07-02 16:52:29.987,C3:00:00:63:4D:09,-63,127,1.0,7.0,1.5
1783003950103,2026-07-02 16:52:30.103,C3:00:00:63:4D:09,-58,127,1.0,7.0,1.5
1783003950205,2026-07-02 16:52:30.205,C3:00:00:63:4D:09,-56,127,1.0,7.0,1.5
1783003950553,2026-07-02 16:52:30.553,C3:00:00:63:4D:09,-63,127,1.0,7.0,1.5
1783003950672,2026-07-02 16:52:30.672,C3:00:00:63:4D:09,-58,127,1.0,7.0,1.5
1783003950728,2026-07-02 16:52:30.728,C3:00:00:63:4D:09,-57,127,1.0,7.0,1.5
1783003950777,2026-07-02 16:52:30.777,C3:00:00:63:4D:09,-56,127,1.0,7.0,1.5
1783003950860,2026-07-02 16:52:30.860,C3:00:00:63:4D:09,-64,127,1.0,7.0,1.5
1783003950895,2026-07-02 16:52:30.895,C3:00:00:63:4D:09,-64,127,1.0,7.0,1.5
1783003951009,2026-07-02 16:52:31.009,C3:00:00:63:4D:09,-59,127,1.0,7.0,1.5
1783003951129,2026-07-02 16:52:31.129,C3:00:00:63:4D:09,-64,127,1.0,7.0,1.5
1783003951373,2026-07-02 16:52:31.373,C3:00:00:63:4D:09,-58,127,1.0,7.0,1.5
1783003951695,2026-07-02 16:52:31.695,C3:00:00:63:4D:09,-58,127,1.0,7.0,1.5
1783003951809,2026-07-02 16:52:31.809,C3:00:00:63:4D:09,-67,127,1.0,7.0,1.5
1783003952161,2026-07-02 16:52:32.161,C3:00:00:63:4D:09,-58,127,1.0,7.0,1.5
1783003952258,2026-07-02 16:52:32.258,C3:00:00:63:4D:09,-58,127,1.0,7.0,1.5
1783003952503,2026-07-02 16:52:32.503,C3:00:00:63:4D:09,-56,127,1.0,7.0,1.5
1783003952600,2026-07-02 16:52:32.600,C3:00:00:63:4D:09,-58,127,1.0,7.0,1.5
1783003952725,2026-07-02 16:52:32.725,C3:00:00:63:4D:09,-55,127,1.0,7.0,1.5
1783003952741,2026-07-02 16:52:32.741,C3:00:00:63:4D:09,-55,127,1.0,7.0,1.5
1783003952835,2026-07-02 16:52:32.835,C3:00:00:63:4D:09,-58,127,1.0,7.0,1.5
1783003952964,2026-07-02 16:52:32.964,C3:00:00:63:4D:09,-67,127,1.0,7.0,1.5
1783003953067,2026-07-02 16:52:33.067,C3:00:00:63:4D:09,-58,127,1.0,7.0,1.5
1783003953178,2026-07-02 16:52:33.178,C3:00:00:63:4D:09,-58,127,1.0,7.0,1.5
1783003953293,2026-07-02 16:52:33.293,C3:00:00:63:4D:09,-66,127,1.0,7.0,1.5
1783003953410,2026-07-02 16:52:33.410,C3:00:00:63:4D:09,-58,127,1.0,7.0,1.5
1783003953523,2026-07-02 16:52:33.523,C3:00:00:63:4D:09,-65,127,1.0,7.0,1.5
1783003953751,2026-07-02 16:52:33.751,C3:00:00:63:4D:09,-57,127,1.0,7.0,1.5
1783003953864,2026-07-02 16:52:33.864,C3:00:00:63:4D:09,-66,127,1.0,7.0,1.5
1783003953978,2026-07-02 16:52:33.978,C3:00:00:63:4D:09,-58,127,1.0,7.0,1.5
1783003954099,2026-07-02 16:52:34.099,C3:00:00:63:4D:09,-56,127,1.0,7.0,1.5
1783003954212,2026-07-02 16:52:34.212,C3:00:00:63:4D:09,-67,127,1.0,7.0,1.5
1783003954316,2026-07-02 16:52:34.316,C3:00:00:63:4D:09,-57,127,1.0,7.0,1.5
1783003954432,2026-07-02 16:52:34.432,C3:00:00:63:4D:09,-66,127,1.0,7.0,1.5
1783003954547,2026-07-02 16:52:34.547,C3:00:00:63:4D:09,-58,127,1.0,7.0,1.5
1783003954743,2026-07-02 16:52:34.743,C3:00:00:63:4D:09,-64,127,1.0,7.0,1.5
1783003954775,2026-07-02 16:52:34.775,C3:00:00:63:4D:09,-64,127,1.0,7.0,1.5
1783003954871,2026-07-02 16:52:34.871,C3:00:00:63:4D:09,-58,127,1.0,7.0,1.5
1783003954893,2026-07-02 16:52:34.893,C3:00:00:63:4D:09,-58,127,1.0,7.0,1.5
1783003955002,2026-07-02 16:52:35.002,C3:00:00:63:4D:09,-56,127,1.0,7.0,1.5
1783003955123,2026-07-02 16:52:35.123,C3:00:00:63:4D:09,-59,127,1.0,7.0,1.5
1783003955234,2026-07-02 16:52:35.234,C3:00:00:63:4D:09,-56,127,1.0,7.0,1.5
1783003955348,2026-07-02 16:52:35.348,C3:00:00:63:4D:09,-64,127,1.0,7.0,1.5
1783003955466,2026-07-02 16:52:35.466,C3:00:00:63:4D:09,-58,127,1.0,7.0,1.5
1783003955583,2026-07-02 16:52:35.583,C3:00:00:63:4D:09,-55,127,1.0,7.0,1.5
1783003955697,2026-07-02 16:52:35.697,C3:00:00:63:4D:09,-63,127,1.0,7.0,1.5
1783003955908,2026-07-02 16:52:35.908,C3:00:00:63:4D:09,-56,127,1.0,7.0,1.5
1783003956028,2026-07-02 16:52:36.028,C3:00:00:63:4D:09,-58,127,1.0,7.0,1.5
1783003956136,2026-07-02 16:52:36.136,C3:00:00:63:4D:09,-56,127,1.0,7.0,1.5
1783003956256,2026-07-02 16:52:36.256,C3:00:00:63:4D:09,-62,127,1.0,7.0,1.5
1783003956372,2026-07-02 16:52:36.372,C3:00:00:63:4D:09,-56,127,1.0,7.0,1.5
1783003956484,2026-07-02 16:52:36.484,C3:00:00:63:4D:09,-56,127,1.0,7.0,1.5
1783003956730,2026-07-02 16:52:36.730,C3:00:00:63:4D:09,-57,127,1.0,7.0,1.5
1783003956832,2026-07-02 16:52:36.832,C3:00:00:63:4D:09,-64,127,1.0,7.0,1.5
1783003956967,2026-07-02 16:52:36.967,C3:00:00:63:4D:09,-59,127,1.0,7.0,1.5
1783003957167,2026-07-02 16:52:37.167,C3:00:00:63:4D:09,-64,127,1.0,7.0,1.5
1783003957284,2026-07-02 16:52:37.284,C3:00:00:63:4D:09,-58,127,1.0,7.0,1.5
1783003957392,2026-07-02 16:52:37.392,C3:00:00:63:4D:09,-56,127,1.0,7.0,1.5
1783003957509,2026-07-02 16:52:37.509,C3:00:00:63:4D:09,-63,127,1.0,7.0,1.5
1783003957624,2026-07-02 16:52:37.624,C3:00:00:63:4D:09,-56,127,1.0,7.0,1.5
1783003957853,2026-07-02 16:52:37.853,C3:00:00:63:4D:09,-58,127,1.0,7.0,1.5
1783003957968,2026-07-02 16:52:37.968,C3:00:00:63:4D:09,-56,127,1.0,7.0,1.5
1783003958419,2026-07-02 16:52:38.419,C3:00:00:63:4D:09,-58,127,1.0,7.0,1.5
1783003958534,2026-07-02 16:52:38.534,C3:00:00:63:4D:09,-56,127,1.0,7.0,1.5
1783003958644,2026-07-02 16:52:38.644,C3:00:00:63:4D:09,-64,127,1.0,7.0,1.5
1783003958736,2026-07-02 16:52:38.736,C3:00:00:63:4D:09,-58,127,1.0,7.0,1.5
1783003958988,2026-07-02 16:52:38.988,C3:00:00:63:4D:09,-64,127,1.0,7.0,1.5
1783003959087,2026-07-02 16:52:39.087,C3:00:00:63:4D:09,-63,127,1.0,7.0,1.5
1783003959124,2026-07-02 16:52:39.124,C3:00:00:63:4D:09,-55,127,1.0,7.0,1.5
1783003959219,2026-07-02 16:52:39.219,C3:00:00:63:4D:09,-63,127,1.0,7.0,1.5
1783003959335,2026-07-02 16:52:39.335,C3:00:00:63:4D:09,-58,127,1.0,7.0,1.5
1783003959444,2026-07-02 16:52:39.444,C3:00:00:63:4D:09,-56,127,1.0,7.0,1.5
1783003959676,2026-07-02 16:52:39.676,C3:00:00:63:4D:09,-58,127,1.0,7.0,1.5
1783003959786,2026-07-02 16:52:39.786,C3:00:00:63:4D:09,-56,127,1.0,7.0,1.5
1783003959900,2026-07-02 16:52:39.900,C3:00:00:63:4D:09,-64,127,1.0,7.0,1.5
1783003960025,2026-07-02 16:52:40.025,C3:00:00:63:4D:09,-56,127,1.0,7.0,1.5
1783003960250,2026-07-02 16:52:40.250,C3:00:00:63:4D:09,-55,127,1.0,7.0,1.5
1783003960601,2026-07-02 16:52:40.601,C3:00:00:63:4D:09,-58,127,1.0,7.0,1.5
1783003960702,2026-07-02 16:52:40.702,C3:00:00:63:4D:09,-56,127,1.0,7.0,1.5
1783003960820,2026-07-02 16:52:40.820,C3:00:00:63:4D:09,-65,127,1.0,7.0,1.5
1783003960908,2026-07-02 16:52:40.908,C3:00:00:63:4D:09,-58,127,1.0,7.0,1.5
1783003960955,2026-07-02 16:52:40.955,C3:00:00:63:4D:09,-56,127,1.0,7.0,1.5
1783003961154,2026-07-02 16:52:41.154,C3:00:00:63:4D:09,-58,127,1.0,7.0,1.5
1783003961284,2026-07-02 16:52:41.284,C3:00:00:63:4D:09,-56,127,1.0,7.0,1.5
1783003961384,2026-07-02 16:52:41.384,C3:00:00:63:4D:09,-64,127,1.0,7.0,1.5
1783003961613,2026-07-02 16:52:41.613,C3:00:00:63:4D:09,-56,127,1.0,7.0,1.5
1783003961732,2026-07-02 16:52:41.732,C3:00:00:63:4D:09,-58,127,1.0,7.0,1.5
1783003961844,2026-07-02 16:52:41.844,C3:00:00:63:4D:09,-56,127,1.0,7.0,1.5
1783003961953,2026-07-02 16:52:41.953,C3:00:00:63:4D:09,-65,127,1.0,7.0,1.5
1783003962076,2026-07-02 16:52:42.076,C3:00:00:63:4D:09,-58,127,1.0,7.0,1.5
1783003962189,2026-07-02 16:52:42.189,C3:00:00:63:4D:09,-53,127,1.0,7.0,1.5
1783003962411,2026-07-02 16:52:42.411,C3:00:00:63:4D:09,-56,127,1.0,7.0,1.5
1783003962533,2026-07-02 16:52:42.533,C3:00:00:63:4D:09,-65,127,1.0,7.0,1.5
1783003962641,2026-07-02 16:52:42.641,C3:00:00:63:4D:09,-55,127,1.0,7.0,1.5
1783003962738,2026-07-02 16:52:42.738,C3:00:00:63:4D:09,-57,127,1.0,7.0,1.5
1783003962753,2026-07-02 16:52:42.753,C3:00:00:63:4D:09,-56,127,1.0,7.0,1.5
1783003962878,2026-07-02 16:52:42.878,C3:00:00:63:4D:09,-63,127,1.0,7.0,1.5
1783003962922,2026-07-02 16:52:42.922,C3:00:00:63:4D:09,-55,127,1.0,7.0,1.5
1783003962988,2026-07-02 16:52:42.988,C3:00:00:63:4D:09,-55,127,1.0,7.0,1.5
1783003963105,2026-07-02 16:52:43.105,C3:00:00:63:4D:09,-56,127,1.0,7.0,1.5
1783003963115,2026-07-02 16:52:43.115,C3:00:00:63:4D:09,-71,127,1.0,7.0,1.5
1783003963208,2026-07-02 16:52:43.208,C3:00:00:63:4D:09,-64,127,1.0,7.0,1.5
1783003963322,2026-07-02 16:52:43.322,C3:00:00:63:4D:09,-56,127,1.0,7.0,1.5
1783003963560,2026-07-02 16:52:43.560,C3:00:00:63:4D:09,-58,127,1.0,7.0,1.5
1783003963664,2026-07-02 16:52:43.664,C3:00:00:63:4D:09,-56,127,1.0,7.0,1.5
1783003963900,2026-07-02 16:52:43.900,C3:00:00:63:4D:09,-55,127,1.0,7.0,1.5
1783003964138,2026-07-02 16:52:44.138,C3:00:00:63:4D:09,-58,127,1.0,7.0,1.5
1783003964231,2026-07-02 16:52:44.231,C3:00:00:63:4D:09,-56,127,1.0,7.0,1.5
1783003964465,2026-07-02 16:52:44.465,C3:00:00:63:4D:09,-58,127,1.0,7.0,1.5
1783003964699,2026-07-02 16:52:44.699,C3:00:00:63:4D:09,-63,127,1.0,7.0,1.5
1783003964731,2026-07-02 16:52:44.731,C3:00:00:63:4D:09,-55,127,1.0,7.0,1.5
1783003964818,2026-07-02 16:52:44.818,C3:00:00:63:4D:09,-58,127,1.0,7.0,1.5
1783003964961,2026-07-02 16:52:44.961,C3:00:00:63:4D:09,-64,127,1.0,7.0,1.5
1783003965035,2026-07-02 16:52:45.035,C3:00:00:63:4D:09,-60,127,1.0,7.0,1.5
1783003965373,2026-07-02 16:52:45.373,C3:00:00:63:4D:09,-57,127,1.0,7.0,1.5
1783003965604,2026-07-02 16:52:45.604,C3:00:00:63:4D:09,-64,127,1.0,7.0,1.5
1783003965714,2026-07-02 16:52:45.714,C3:00:00:63:4D:09,-56,127,1.0,7.0,1.5
1783003965833,2026-07-02 16:52:45.833,C3:00:00:63:4D:09,-64,127,1.0,7.0,1.5
1783003965944,2026-07-02 16:52:45.944,C3:00:00:63:4D:09,-56,127,1.0,7.0,1.5
1783003966052,2026-07-02 16:52:46.052,C3:00:00:63:4D:09,-55,127,1.0,7.0,1.5
1783003966287,2026-07-02 16:52:46.287,C3:00:00:63:4D:09,-58,127,1.0,7.0,1.5
1783003966396,2026-07-02 16:52:46.396,C3:00:00:63:4D:09,-56,127,1.0,7.0,1.5
1783003966737,2026-07-02 16:52:46.737,C3:00:00:63:4D:09,-64,127,1.0,7.0,1.5
1783003966746,2026-07-02 16:52:46.746,C3:00:00:63:4D:09,-63,127,1.0,7.0,1.5
1783003966865,2026-07-02 16:52:46.865,C3:00:00:63:4D:09,-56,127,1.0,7.0,1.5
1783003966975,2026-07-02 16:52:46.975,C3:00:00:63:4D:09,-56,127,1.0,7.0,1.5
1783003967085,2026-07-02 16:52:47.085,C3:00:00:63:4D:09,-63,127,1.0,7.0,1.5
1783003967108,2026-07-02 16:52:47.108,C3:00:00:63:4D:09,-71,127,1.0,7.0,1.5
1783003967203,2026-07-02 16:52:47.203,C3:00:00:63:4D:09,-56,127,1.0,7.0,1.5
1783003967312,2026-07-02 16:52:47.312,C3:00:00:63:4D:09,-56,127,1.0,7.0,1.5
1783003967425,2026-07-02 16:52:47.425,C3:00:00:63:4D:09,-59,127,1.0,7.0,1.5
1783003967655,2026-07-02 16:52:47.655,C3:00:00:63:4D:09,-65,127,1.0,7.0,1.5
1783003967768,2026-07-02 16:52:47.768,C3:00:00:63:4D:09,-59,127,1.0,7.0,1.5
1783003967891,2026-07-02 16:52:47.891,C3:00:00:63:4D:09,-55,127,1.0,7.0,1.5
1783003968341,2026-07-02 16:52:48.341,C3:00:00:63:4D:09,-63,127,1.0,7.0,1.5
1783003968459,2026-07-02 16:52:48.459,C3:00:00:63:4D:09,-56,127,1.0,7.0,1.5
1783003968570,2026-07-02 16:52:48.570,C3:00:00:63:4D:09,-56,127,1.0,7.0,1.5
1783003968736,2026-07-02 16:52:48.736,C3:00:00:63:4D:09,-59,127,1.0,7.0,1.5
1783003968805,2026-07-02 16:52:48.805,C3:00:00:63:4D:09,-58,127,1.0,7.0,1.5
1783003968930,2026-07-02 16:52:48.930,C3:00:00:63:4D:09,-64,127,1.0,7.0,1.5
1783003968952,2026-07-02 16:52:48.952,C3:00:00:63:4D:09,-64,127,1.0,7.0,1.5
1783003969136,2026-07-02 16:52:49.136,C3:00:00:63:4D:09,-56,127,1.0,7.0,1.5
1783003969257,2026-07-02 16:52:49.257,C3:00:00:63:4D:09,-64,127,1.0,7.0,1.5
1783003969376,2026-07-02 16:52:49.376,C3:00:00:63:4D:09,-58,127,1.0,7.0,1.5
1783003969480,2026-07-02 16:52:49.480,C3:00:00:63:4D:09,-57,127,1.0,7.0,1.5
1783003969595,2026-07-02 16:52:49.595,C3:00:00:63:4D:09,-65,127,1.0,7.0,1.5
1783003969820,2026-07-02 16:52:49.820,C3:00:00:63:4D:09,-56,127,1.0,7.0,1.5
1783003969934,2026-07-02 16:52:49.934,C3:00:00:63:4D:09,-58,127,1.0,7.0,1.5
1783003970053,2026-07-02 16:52:50.053,C3:00:00:63:4D:09,-58,127,1.0,7.0,1.5
1783003970397,2026-07-02 16:52:50.397,C3:00:00:63:4D:09,-60,127,1.0,7.0,1.5
1783003970503,2026-07-02 16:52:50.503,C3:00:00:63:4D:09,-70,127,1.0,7.0,1.5
1783003970732,2026-07-02 16:52:50.732,C3:00:00:63:4D:09,-64,127,1.0,7.0,1.5
1783003970758,2026-07-02 16:52:50.758,C3:00:00:63:4D:09,-64,127,1.0,7.0,1.5
1783003970848,2026-07-02 16:52:50.848,C3:00:00:63:4D:09,-60,127,1.0,7.0,1.5
1783003970946,2026-07-02 16:52:50.946,C3:00:00:63:4D:09,-61,127,1.0,7.0,1.5
1783003970966,2026-07-02 16:52:50.966,C3:00:00:63:4D:09,-62,127,1.0,7.0,1.5
1783003971076,2026-07-02 16:52:51.076,C3:00:00:63:4D:09,-61,127,1.0,7.0,1.5
1783003971113,2026-07-02 16:52:51.113,C3:00:00:63:4D:09,-68,127,1.0,7.0,1.5
1783003971196,2026-07-02 16:52:51.196,C3:00:00:63:4D:09,-55,127,1.0,7.0,1.5
1783003971304,2026-07-02 16:52:51.304,C3:00:00:63:4D:09,-61,127,1.0,7.0,1.5
1783003971424,2026-07-02 16:52:51.424,C3:00:00:63:4D:09,-56,127,1.0,7.0,1.5
1783003971546,2026-07-02 16:52:51.546,C3:00:00:63:4D:09,-62,127,1.0,7.0,1.5
1783003971646,2026-07-02 16:52:51.646,C3:00:00:63:4D:09,-73,127,1.0,7.0,1.5
1783003971758,2026-07-02 16:52:51.758,C3:00:00:63:4D:09,-55,127,1.0,7.0,1.5
1783003971872,2026-07-02 16:52:51.872,C3:00:00:63:4D:09,-57,127,1.0,7.0,1.5
1783003971985,2026-07-02 16:52:51.985,C3:00:00:63:4D:09,-67,127,1.0,7.0,1.5
1783003972100,2026-07-02 16:52:52.100,C3:00:00:63:4D:09,-56,127,1.0,7.0,1.5
1783003972208,2026-07-02 16:52:52.208,C3:00:00:63:4D:09,-56,127,1.0,7.0,1.5
1783003972335,2026-07-02 16:52:52.335,C3:00:00:63:4D:09,-58,127,1.0,7.0,1.5
1783003972439,2026-07-02 16:52:52.439,C3:00:00:63:4D:09,-58,127,1.0,7.0,1.5
1783003972556,2026-07-02 16:52:52.556,C3:00:00:63:4D:09,-66,127,1.0,7.0,1.5
1783003972670,2026-07-02 16:52:52.670,C3:00:00:63:4D:09,-56,127,1.0,7.0,1.5
1783003972737,2026-07-02 16:52:52.737,C3:00:00:63:4D:09,-57,127,1.0,7.0,1.5
1783003972953,2026-07-02 16:52:52.953,C3:00:00:63:4D:09,-57,127,1.0,7.0,1.5
1783003973020,2026-07-02 16:52:53.020,C3:00:00:63:4D:09,-54,127,1.0,7.0,1.5
1783003973132,2026-07-02 16:52:53.132,C3:00:00:63:4D:09,-67,127,1.0,7.0,1.5
1783003973242,2026-07-02 16:52:53.242,C3:00:00:63:4D:09,-58,127,1.0,7.0,1.5
1783003973464,2026-07-02 16:52:53.464,C3:00:00:63:4D:09,-68,127,1.0,7.0,1.5
1783003973587,2026-07-02 16:52:53.587,C3:00:00:63:4D:09,-58,127,1.0,7.0,1.5
1783003973697,2026-07-02 16:52:53.697,C3:00:00:63:4D:09,-58,127,1.0,7.0,1.5
1783003974044,2026-07-02 16:52:54.044,C3:00:00:63:4D:09,-70,127,1.0,7.0,1.5
1783003974168,2026-07-02 16:52:54.168,C3:00:00:63:4D:09,-55,127,1.0,7.0,1.5
1783003974503,2026-07-02 16:52:54.503,C3:00:00:63:4D:09,-55,127,1.0,7.0,1.5
1783003974617,2026-07-02 16:52:54.617,C3:00:00:63:4D:09,-56,127,1.0,7.0,1.5
1783003974726,2026-07-02 16:52:54.726,C3:00:00:63:4D:09,-56,127,1.0,7.0,1.5
1783003974746,2026-07-02 16:52:54.746,C3:00:00:63:4D:09,-58,127,1.0,7.0,1.5
1783003974950,2026-07-02 16:52:54.950,C3:00:00:63:4D:09,-72,127,1.0,7.0,1.5
1783003974973,2026-07-02 16:52:54.973,C3:00:00:63:4D:09,-72,127,1.0,7.0,1.5
1783003975067,2026-07-02 16:52:55.067,C3:00:00:63:4D:09,-57,127,1.0,7.0,1.5
1783003975127,2026-07-02 16:52:55.127,C3:00:00:63:4D:09,-65,127,1.0,7.0,1.5
1783003975184,2026-07-02 16:52:55.184,C3:00:00:63:4D:09,-57,127,1.0,7.0,1.5
1783003975295,2026-07-02 16:52:55.295,C3:00:00:63:4D:09,-69,127,1.0,7.0,1.5
1783003975533,2026-07-02 16:52:55.533,C3:00:00:63:4D:09,-72,127,1.0,7.0,1.5
1783003975632,2026-07-02 16:52:55.632,C3:00:00:63:4D:09,-57,127,1.0,7.0,1.5
1783003975757,2026-07-02 16:52:55.757,C3:00:00:63:4D:09,-57,127,1.0,7.0,1.5
1783003975864,2026-07-02 16:52:55.864,C3:00:00:63:4D:09,-70,127,1.0,7.0,1.5
1783003975976,2026-07-02 16:52:55.976,C3:00:00:63:4D:09,-55,127,1.0,7.0,1.5
1783003976207,2026-07-02 16:52:56.207,C3:00:00:63:4D:09,-69,127,1.0,7.0,1.5
1783003976319,2026-07-02 16:52:56.319,C3:00:00:63:4D:09,-55,127,1.0,7.0,1.5
1783003976436,2026-07-02 16:52:56.436,C3:00:00:63:4D:09,-67,127,1.0,7.0,1.5
1783003976549,2026-07-02 16:52:56.549,C3:00:00:63:4D:09,-54,127,1.0,7.0,1.5
1783003976660,2026-07-02 16:52:56.660,C3:00:00:63:4D:09,-57,127,1.0,7.0,1.5
1783003976738,2026-07-02 16:52:56.738,C3:00:00:63:4D:09,-68,127,1.0,7.0,1.5
1783003976776,2026-07-02 16:52:56.776,C3:00:00:63:4D:09,-66,127,1.0,7.0,1.5
1783003976903,2026-07-02 16:52:56.903,C3:00:00:63:4D:09,-55,127,1.0,7.0,1.5
1783003976966,2026-07-02 16:52:56.966,C3:00:00:63:4D:09,-57,127,1.0,7.0,1.5
1783003976996,2026-07-02 16:52:56.996,C3:00:00:63:4D:09,-57,127,1.0,7.0,1.5
1783003977009,2026-07-02 16:52:57.009,C3:00:00:63:4D:09,-56,127,1.0,7.0,1.5
1783003977122,2026-07-02 16:52:57.122,C3:00:00:63:4D:09,-68,127,1.0,7.0,1.5
1783003977348,2026-07-02 16:52:57.348,C3:00:00:63:4D:09,-68,127,1.0,7.0,1.5
1783003977464,2026-07-02 16:52:57.464,C3:00:00:63:4D:09,-58,127,1.0,7.0,1.5
1783003977580,2026-07-02 16:52:57.580,C3:00:00:63:4D:09,-56,127,1.0,7.0,1.5
1783003977699,2026-07-02 16:52:57.699,C3:00:00:63:4D:09,-68,127,1.0,7.0,1.5
1783003977814,2026-07-02 16:52:57.814,C3:00:00:63:4D:09,-55,127,1.0,7.0,1.5
1783003977930,2026-07-02 16:52:57.930,C3:00:00:63:4D:09,-57,127,1.0,7.0,1.5
1783003978042,2026-07-02 16:52:58.042,C3:00:00:63:4D:09,-55,127,1.0,7.0,1.5
1783003978264,2026-07-02 16:52:58.264,C3:00:00:63:4D:09,-68,127,1.0,7.0,1.5
1783003978482,2026-07-02 16:52:58.482,C3:00:00:63:4D:09,-56,127,1.0,7.0,1.5
1783003978612,2026-07-02 16:52:58.612,C3:00:00:63:4D:09,-70,127,1.0,7.0,1.5
1783003978714,2026-07-02 16:52:58.714,C3:00:00:63:4D:09,-55,127,1.0,7.0,1.5
1783003978732,2026-07-02 16:52:58.732,C3:00:00:63:4D:09,-57,127,1.0,7.0,1.5
1783003978827,2026-07-02 16:52:58.827,C3:00:00:63:4D:09,-69,127,1.0,7.0,1.5
1783003979124,2026-07-02 16:52:59.124,C3:00:00:63:4D:09,-78,127,1.0,7.0,1.5
1783003979177,2026-07-02 16:52:59.177,C3:00:00:63:4D:09,-70,127,1.0,7.0,1.5
1783003979286,2026-07-02 16:52:59.286,C3:00:00:63:4D:09,-58,127,1.0,7.0,1.5
1783003979404,2026-07-02 16:52:59.404,C3:00:00:63:4D:09,-57,127,1.0,7.0,1.5
1783003979629,2026-07-02 16:52:59.629,C3:00:00:63:4D:09,-57,127,1.0,7.0,1.5
1783003979743,2026-07-02 16:52:59.743,C3:00:00:63:4D:09,-68,127,1.0,7.0,1.5
1783003979971,2026-07-02 16:52:59.971,C3:00:00:63:4D:09,-57,127,1.0,7.0,1.5
1783003980205,2026-07-02 16:53:00.205,C3:00:00:63:4D:09,-58,127,1.0,7.0,1.5
1783003980434,2026-07-02 16:53:00.434,C3:00:00:63:4D:09,-58,127,1.0,7.0,1.5
1783003980650,2026-07-02 16:53:00.650,C3:00:00:63:4D:09,-71,127,1.0,7.0,1.5
1783003980734,2026-07-02 16:53:00.734,C3:00:00:63:4D:09,-58,127,1.0,7.0,1.5
1783003980766,2026-07-02 16:53:00.766,C3:00:00:63:4D:09,-58,127,1.0,7.0,1.5
1783003980882,2026-07-02 16:53:00.882,C3:00:00:63:4D:09,-57,127,1.0,7.0,1.5
1783003980964,2026-07-02 16:53:00.964,C3:00:00:63:4D:09,-72,127,1.0,7.0,1.5
1783003981112,2026-07-02 16:53:01.112,C3:00:00:63:4D:09,-58,127,1.0,7.0,1.5
1783003981226,2026-07-02 16:53:01.226,C3:00:00:63:4D:09,-73,127,1.0,7.0,1.5
1783003981336,2026-07-02 16:53:01.336,C3:00:00:63:4D:09,-58,127,1.0,7.0,1.5
1783003981445,2026-07-02 16:53:01.445,C3:00:00:63:4D:09,-57,127,1.0,7.0,1.5
1783003981570,2026-07-02 16:53:01.570,C3:00:00:63:4D:09,-68,127,1.0,7.0,1.5
1783003981918,2026-07-02 16:53:01.918,C3:00:00:63:4D:09,-73,127,1.0,7.0,1.5
1783003982027,2026-07-02 16:53:02.027,C3:00:00:63:4D:09,-57,127,1.0,7.0,1.5
1783003982144,2026-07-02 16:53:02.144,C3:00:00:63:4D:09,-71,127,1.0,7.0,1.5
1783003982248,2026-07-02 16:53:02.248,C3:00:00:63:4D:09,-58,127,1.0,7.0,1.5
1783003982367,2026-07-02 16:53:02.367,C3:00:00:63:4D:09,-57,127,1.0,7.0,1.5
1783003982700,2026-07-02 16:53:02.700,C3:00:00:63:4D:09,-58,127,1.0,7.0,1.5
1783003982739,2026-07-02 16:53:02.739,C3:00:00:63:4D:09,-72,127,1.0,7.0,1.5
1783003983001,2026-07-02 16:53:03.001,C3:00:00:63:4D:09,-58,127,1.0,7.0,1.5
1783003983051,2026-07-02 16:53:03.051,C3:00:00:63:4D:09,-70,127,1.0,7.0,1.5
1783003983165,2026-07-02 16:53:03.165,C3:00:00:63:4D:09,-55,127,1.0,7.0,1.5
1783003983507,2026-07-02 16:53:03.507,C3:00:00:63:4D:09,-58,127,1.0,7.0,1.5
1783003983972,2026-07-02 16:53:03.972,C3:00:00:63:4D:09,-73,127,1.0,7.0,1.5
1783003984070,2026-07-02 16:53:04.070,C3:00:00:63:4D:09,-58,127,1.0,7.0,1.5
1783003984185,2026-07-02 16:53:04.185,C3:00:00:63:4D:09,-57,127,1.0,7.0,1.5
1783003984304,2026-07-02 16:53:04.304,C3:00:00:63:4D:09,-73,127,1.0,7.0,1.5
1783003984422,2026-07-02 16:53:04.422,C3:00:00:63:4D:09,-58,127,1.0,7.0,1.5
1783003984531,2026-07-02 16:53:04.531,C3:00:00:63:4D:09,-73,127,1.0,7.0,1.5
1783003984651,2026-07-02 16:53:04.651,C3:00:00:63:4D:09,-56,127,1.0,7.0,1.5
1783003984740,2026-07-02 16:53:04.740,C3:00:00:63:4D:09,-58,127,1.0,7.0,1.5
1783003985007,2026-07-02 16:53:05.007,C3:00:00:63:4D:09,-58,127,1.0,7.0,1.5
1783003985093,2026-07-02 16:53:05.093,C3:00:00:63:4D:09,-57,127,1.0,7.0,1.5
1783003985437,2026-07-02 16:53:05.437,C3:00:00:63:4D:09,-74,127,1.0,7.0,1.5
1783003985681,2026-07-02 16:53:05.681,C3:00:00:63:4D:09,-60,127,1.0,7.0,1.5
1783003985788,2026-07-02 16:53:05.788,C3:00:00:63:4D:09,-71,127,1.0,7.0,1.5
1783003985895,2026-07-02 16:53:05.895,C3:00:00:63:4D:09,-55,127,1.0,7.0,1.5
1783003986013,2026-07-02 16:53:06.013,C3:00:00:63:4D:09,-57,127,1.0,7.0,1.5
1783003986129,2026-07-02 16:53:06.129,C3:00:00:63:4D:09,-58,127,1.0,7.0,1.5
1783003986470,2026-07-02 16:53:06.470,C3:00:00:63:4D:09,-58,127,1.0,7.0,1.5
1783003986579,2026-07-02 16:53:06.579,C3:00:00:63:4D:09,-57,127,1.0,7.0,1.5
1783003986730,2026-07-02 16:53:06.730,C3:00:00:63:4D:09,-56,127,1.0,7.0,1.5
1783003986812,2026-07-02 16:53:06.812,C3:00:00:63:4D:09,-55,127,1.0,7.0,1.5
1783003987012,2026-07-02 16:53:07.012,C3:00:00:63:4D:09,-77,127,1.0,7.0,1.5
1783003987032,2026-07-02 16:53:07.032,C3:00:00:63:4D:09,-58,127,1.0,7.0,1.5
1783003987142,2026-07-02 16:53:07.142,C3:00:00:63:4D:09,-65,127,1.0,7.0,1.5
1783003987173,2026-07-02 16:53:07.173,C3:00:00:63:4D:09,-57,127,1.0,7.0,1.5
1783003987270,2026-07-02 16:53:07.270,C3:00:00:63:4D:09,-76,127,1.0,7.0,1.5
1783003987489,2026-07-02 16:53:07.489,C3:00:00:63:4D:09,-57,127,1.0,7.0,1.5
1783003987598,2026-07-02 16:53:07.598,C3:00:00:63:4D:09,-76,127,1.0,7.0,1.5
1783003987837,2026-07-02 16:53:07.837,C3:00:00:63:4D:09,-77,127,1.0,7.0,1.5
1783003987951,2026-07-02 16:53:07.951,C3:00:00:63:4D:09,-55,127,1.0,7.0,1.5
1783003988061,2026-07-02 16:53:08.061,C3:00:00:63:4D:09,-58,127,1.0,7.0,1.5
1783003988299,2026-07-02 16:53:08.299,C3:00:00:63:4D:09,-58,127,1.0,7.0,1.5
1783003988408,2026-07-02 16:53:08.408,C3:00:00:63:4D:09,-57,127,1.0,7.0,1.5
1783003988871,2026-07-02 16:53:08.871,C3:00:00:63:4D:09,-58,127,1.0,7.0,1.5
1783003988968,2026-07-02 16:53:08.968,C3:00:00:63:4D:09,-58,127,1.0,7.0,1.5
1783003988989,2026-07-02 16:53:08.989,C3:00:00:63:4D:09,-58,127,1.0,7.0,1.5
1783003989043,2026-07-02 16:53:09.043,C3:00:00:63:4D:09,-70,127,1.0,7.0,1.5
1783003989199,2026-07-02 16:53:09.199,C3:00:00:63:4D:09,-58,127,1.0,7.0,1.5
1783003989315,2026-07-02 16:53:09.315,C3:00:00:63:4D:09,-57,127,1.0,7.0,1.5
1783003989551,2026-07-02 16:53:09.551,C3:00:00:63:4D:09,-57,127,1.0,7.0,1.5
1783003989663,2026-07-02 16:53:09.663,C3:00:00:63:4D:09,-73,127,1.0,7.0,1.5
1783003989781,2026-07-02 16:53:09.781,C3:00:00:63:4D:09,-58,127,1.0,7.0,1.5
1783003990009,2026-07-02 16:53:10.009,C3:00:00:63:4D:09,-69,127,1.0,7.0,1.5
1783003990118,2026-07-02 16:53:10.118,C3:00:00:63:4D:09,-55,127,1.0,7.0,1.5
1783003990465,2026-07-02 16:53:10.465,C3:00:00:63:4D:09,-58,127,1.0,7.0,1.5
1783003990684,2026-07-02 16:53:10.684,C3:00:00:63:4D:09,-58,127,1.0,7.0,1.5
1783003990796,2026-07-02 16:53:10.796,C3:00:00:63:4D:09,-57,127,1.0,7.0,1.5
1783003990917,2026-07-02 16:53:10.917,C3:00:00:63:4D:09,-72,127,1.0,7.0,1.5
1783003991032,2026-07-02 16:53:11.032,C3:00:00:63:4D:09,-57,127,1.0,7.0,1.5
1783003991379,2026-07-02 16:53:11.379,C3:00:00:63:4D:09,-58,127,1.0,7.0,1.5
1783003991602,2026-07-02 16:53:11.602,C3:00:00:63:4D:09,-55,127,1.0,7.0,1.5
1783003991834,2026-07-02 16:53:11.834,C3:00:00:63:4D:09,-55,127,1.0,7.0,1.5
1783003991946,2026-07-02 16:53:11.946,C3:00:00:63:4D:09,-58,127,1.0,7.0,1.5
1783003992059,2026-07-02 16:53:12.059,C3:00:00:63:4D:09,-69,127,1.0,7.0,1.5
1783003992169,2026-07-02 16:53:12.169,C3:00:00:63:4D:09,-55,127,1.0,7.0,1.5
1783003992296,2026-07-02 16:53:12.296,C3:00:00:63:4D:09,-57,127,1.0,7.0,1.5
1783003992402,2026-07-02 16:53:12.402,C3:00:00:63:4D:09,-68,127,1.0,7.0,1.5
1783003992513,2026-07-02 16:53:12.513,C3:00:00:63:4D:09,-55,127,1.0,7.0,1.5
1783003992646,2026-07-02 16:53:12.646,C3:00:00:63:4D:09,-72,127,1.0,7.0,1.5
1783003992735,2026-07-02 16:53:12.735,C3:00:00:63:4D:09,-58,127,1.0,7.0,1.5
1783003992753,2026-07-02 16:53:12.753,C3:00:00:63:4D:09,-58,127,1.0,7.0,1.5
1783003992854,2026-07-02 16:53:12.854,C3:00:00:63:4D:09,-57,127,1.0,7.0,1.5
1783003992965,2026-07-02 16:53:12.965,C3:00:00:63:4D:09,-73,127,1.0,7.0,1.5
1783003992983,2026-07-02 16:53:12.983,C3:00:00:63:4D:09,-73,127,1.0,7.0,1.5
1783003993086,2026-07-02 16:53:13.086,C3:00:00:63:4D:09,-58,127,1.0,7.0,1.5
1783003993200,2026-07-02 16:53:13.200,C3:00:00:63:4D:09,-57,127,1.0,7.0,1.5
1783003993311,2026-07-02 16:53:13.311,C3:00:00:63:4D:09,-73,127,1.0,7.0,1.5
1783003993430,2026-07-02 16:53:13.430,C3:00:00:63:4D:09,-58,127,1.0,7.0,1.5
1783003993538,2026-07-02 16:53:13.538,C3:00:00:63:4D:09,-73,127,1.0,7.0,1.5
1783003993650,2026-07-02 16:53:13.650,C3:00:00:63:4D:09,-58,127,1.0,7.0,1.5
1783003993779,2026-07-02 16:53:13.779,C3:00:00:63:4D:09,-57,127,1.0,7.0,1.5
1783003993892,2026-07-02 16:53:13.892,C3:00:00:63:4D:09,-72,127,1.0,7.0,1.5
1783003993999,2026-07-02 16:53:13.999,C3:00:00:63:4D:09,-58,127,1.0,7.0,1.5
1783003994112,2026-07-02 16:53:14.112,C3:00:00:63:4D:09,-57,127,1.0,7.0,1.5
1783003994331,2026-07-02 16:53:14.331,C3:00:00:63:4D:09,-57,127,1.0,7.0,1.5
1783003994454,2026-07-02 16:53:14.454,C3:00:00:63:4D:09,-72,127,1.0,7.0,1.5
1783003994559,2026-07-02 16:53:14.559,C3:00:00:63:4D:09,-58,127,1.0,7.0,1.5
1783003994682,2026-07-02 16:53:14.682,C3:00:00:63:4D:09,-57,127,1.0,7.0,1.5
1783003994745,2026-07-02 16:53:14.745,C3:00:00:63:4D:09,-73,127,1.0,7.0,1.5
1783003994793,2026-07-02 16:53:14.793,C3:00:00:63:4D:09,-69,127,1.0,7.0,1.5
1783003994915,2026-07-02 16:53:14.915,C3:00:00:63:4D:09,-55,127,1.0,7.0,1.5
1783003995018,2026-07-02 16:53:15.018,C3:00:00:63:4D:09,-57,127,1.0,7.0,1.5
1783003995052,2026-07-02 16:53:15.052,C3:00:00:63:4D:09,-73,127,1.0,7.0,1.5
1783003995137,2026-07-02 16:53:15.137,C3:00:00:63:4D:09,-58,127,1.0,7.0,1.5
1783003995165,2026-07-02 16:53:15.165,C3:00:00:63:4D:09,-66,127,1.0,7.0,1.5
1783003995246,2026-07-02 16:53:15.246,C3:00:00:63:4D:09,-57,127,1.0,7.0,1.5
1783003995381,2026-07-02 16:53:15.381,C3:00:00:63:4D:09,-73,127,1.0,7.0,1.5
1783003995482,2026-07-02 16:53:15.482,C3:00:00:63:4D:09,-58,127,1.0,7.0,1.5
1783003995588,2026-07-02 16:53:15.588,C3:00:00:63:4D:09,-57,127,1.0,7.0,1.5
1783003995712,2026-07-02 16:53:15.712,C3:00:00:63:4D:09,-69,127,1.0,7.0,1.5
1783003995819,2026-07-02 16:53:15.819,C3:00:00:63:4D:09,-55,127,1.0,7.0,1.5
1783003996059,2026-07-02 16:53:16.059,C3:00:00:63:4D:09,-55,127,1.0,7.0,1.5
1783003996170,2026-07-02 16:53:16.170,C3:00:00:63:4D:09,-57,127,1.0,7.0,1.5
1783003996393,2026-07-02 16:53:16.393,C3:00:00:63:4D:09,-55,127,1.0,7.0,1.5
1783003996499,2026-07-02 16:53:16.499,C3:00:00:63:4D:09,-58,127,1.0,7.0,1.5
1783003996619,2026-07-02 16:53:16.619,C3:00:00:63:4D:09,-69,127,1.0,7.0,1.5
1783003996741,2026-07-02 16:53:16.741,C3:00:00:63:4D:09,-57,127,1.0,7.0,1.5
1783003996762,2026-07-02 16:53:16.762,C3:00:00:63:4D:09,-57,127,1.0,7.0,1.5
1783003996849,2026-07-02 16:53:16.849,C3:00:00:63:4D:09,-69,127,1.0,7.0,1.5
1783003996957,2026-07-02 16:53:16.957,C3:00:00:63:4D:09,-58,127,1.0,7.0,1.5
1783003996984,2026-07-02 16:53:16.984,C3:00:00:63:4D:09,-58,127,1.0,7.0,1.5
1783003997057,2026-07-02 16:53:17.057,C3:00:00:63:4D:09,-56,127,1.0,7.0,1.5
1783003997085,2026-07-02 16:53:17.085,C3:00:00:63:4D:09,-56,127,1.0,7.0,1.5
1783003997194,2026-07-02 16:53:17.194,C3:00:00:63:4D:09,-67,127,1.0,7.0,1.5
1783003997419,2026-07-02 16:53:17.419,C3:00:00:63:4D:09,-57,127,1.0,7.0,1.5
1783003997527,2026-07-02 16:53:17.527,C3:00:00:63:4D:09,-57,127,1.0,7.0,1.5
1783003997639,2026-07-02 16:53:17.639,C3:00:00:63:4D:09,-57,127,1.0,7.0,1.5
1783003997752,2026-07-02 16:53:17.752,C3:00:00:63:4D:09,-69,127,1.0,7.0,1.5
1783003997881,2026-07-02 16:53:17.881,C3:00:00:63:4D:09,-55,127,1.0,7.0,1.5
1783003997992,2026-07-02 16:53:17.992,C3:00:00:63:4D:09,-58,127,1.0,7.0,1.5
1783003998112,2026-07-02 16:53:18.112,C3:00:00:63:4D:09,-70,127,1.0,7.0,1.5
1783003998221,2026-07-02 16:53:18.221,C3:00:00:63:4D:09,-58,127,1.0,7.0,1.5
1783003998560,2026-07-02 16:53:18.560,C3:00:00:63:4D:09,-57,127,1.0,7.0,1.5
1783003998665,2026-07-02 16:53:18.665,C3:00:00:63:4D:09,-70,127,1.0,7.0,1.5
1783003998748,2026-07-02 16:53:18.748,C3:00:00:63:4D:09,-56,127,1.0,7.0,1.5
1783003998787,2026-07-02 16:53:18.787,C3:00:00:63:4D:09,-55,127,1.0,7.0,1.5
1783003998893,2026-07-02 16:53:18.893,C3:00:00:63:4D:09,-56,127,1.0,7.0,1.5
1783003999010,2026-07-02 16:53:19.010,C3:00:00:63:4D:09,-72,127,1.0,7.0,1.5
1783003999069,2026-07-02 16:53:19.069,C3:00:00:63:4D:09,-58,127,1.0,7.0,1.5
1783003999168,2026-07-02 16:53:19.168,C3:00:00:63:4D:09,-64,127,1.0,7.0,1.5
1783003999238,2026-07-02 16:53:19.238,C3:00:00:63:4D:09,-74,127,1.0,7.0,1.5
1783003999368,2026-07-02 16:53:19.368,C3:00:00:63:4D:09,-56,127,1.0,7.0,1.5
1783003999471,2026-07-02 16:53:19.471,C3:00:00:63:4D:09,-57,127,1.0,7.0,1.5
1783003999581,2026-07-02 16:53:19.581,C3:00:00:63:4D:09,-77,127,1.0,7.0,1.5
1783003999700,2026-07-02 16:53:19.700,C3:00:00:63:4D:09,-57,127,1.0,7.0,1.5
1783003999815,2026-07-02 16:53:19.815,C3:00:00:63:4D:09,-56,127,1.0,7.0,1.5
1783003999931,2026-07-02 16:53:19.931,C3:00:00:63:4D:09,-58,127,1.0,7.0,1.5
1783004000034,2026-07-02 16:53:20.034,C3:00:00:63:4D:09,-57,127,1.0,7.0,1.5
1783004000272,2026-07-02 16:53:20.272,C3:00:00:63:4D:09,-58,127,1.0,7.0,1.5
1783004000379,2026-07-02 16:53:20.379,C3:00:00:63:4D:09,-57,127,1.0,7.0,1.5
1783004000495,2026-07-02 16:53:20.495,C3:00:00:63:4D:09,-72,127,1.0,7.0,1.5
1783004000617,2026-07-02 16:53:20.617,C3:00:00:63:4D:09,-58,127,1.0,7.0,1.5
1783004000722,2026-07-02 16:53:20.722,C3:00:00:63:4D:09,-58,127,1.0,7.0,1.5
1783004000741,2026-07-02 16:53:20.741,C3:00:00:63:4D:09,-70,127,1.0,7.0,1.5
1783004000836,2026-07-02 16:53:20.836,C3:00:00:63:4D:09,-55,127,1.0,7.0,1.5
1783004000954,2026-07-02 16:53:20.954,C3:00:00:63:4D:09,-57,127,1.0,7.0,1.5
1783004001090,2026-07-02 16:53:21.090,C3:00:00:63:4D:09,-74,127,1.0,7.0,1.5
1783004001179,2026-07-02 16:53:21.179,C3:00:00:63:4D:09,-58,127,1.0,7.0,1.5
1783004001298,2026-07-02 16:53:21.298,C3:00:00:63:4D:09,-56,127,1.0,7.0,1.5
1783004001412,2026-07-02 16:53:21.412,C3:00:00:63:4D:09,-72,127,1.0,7.0,1.5
1783004001523,2026-07-02 16:53:21.523,C3:00:00:63:4D:09,-56,127,1.0,7.0,1.5
1783004001631,2026-07-02 16:53:21.631,C3:00:00:63:4D:09,-73,127,1.0,7.0,1.5
