timestamp,time,mac_address,rssi,tx_power,pos_x,pos_y,pos_z
1783351034128,2026-07-06 17:17:14.128,C3:00:00:63:4D:09,-78,127,3.0,3.5,1.5
1783351034283,2026-07-06 17:17:14.283,C3:00:00:63:4D:0D,-57,127,3.0,3.5,1.5
1783351034338,2026-07-06 17:17:14.338,C3:00:00:63:4D:08,-65,127,3.0,3.5,1.5
1783351034396,2026-07-06 17:17:14.396,C3:00:00:63:4D:07,-55,127,3.0,3.5,1.5
1783351034450,2026-07-06 17:17:14.450,C3:00:00:63:4D:04,-60,127,3.0,3.5,1.5
1783351034520,2026-07-06 17:17:14.520,C3:00:00:63:4D:08,-60,127,3.0,3.5,1.5
1783351034523,2026-07-06 17:17:14.523,C3:00:00:63:4D:09,-66,127,3.0,3.5,1.5
1783351034526,2026-07-06 17:17:14.526,C3:00:00:63:4C:D2,-61,127,3.0,3.5,1.5
1783351034576,2026-07-06 17:17:14.576,C3:00:00:63:4D:0A,-58,127,3.0,3.5,1.5
1783351034653,2026-07-06 17:17:14.653,C3:00:00:63:4D:07,-56,127,3.0,3.5,1.5
1783351034656,2026-07-06 17:17:14.656,C3:00:00:63:4D:04,-56,127,3.0,3.5,1.5
1783351034657,2026-07-06 17:17:14.657,C3:00:00:63:4D:08,-59,127,3.0,3.5,1.5
1783351034658,2026-07-06 17:17:14.658,C3:00:00:63:4D:09,-62,127,3.0,3.5,1.5
1783351034659,2026-07-06 17:17:14.659,C3:00:00:63:4C:D2,-63,127,3.0,3.5,1.5
1783351034661,2026-07-06 17:17:14.661,C3:00:00:63:4D:0A,-63,127,3.0,3.5,1.5
1783351034663,2026-07-06 17:17:14.663,C3:00:00:63:4D:07,-59,127,3.0,3.5,1.5
1783351034664,2026-07-06 17:17:14.664,C3:00:00:63:4D:05,-58,127,3.0,3.5,1.5
1783351034732,2026-07-06 17:17:14.732,C3:00:00:63:4D:08,-73,127,3.0,3.5,1.5
1783351034735,2026-07-06 17:17:14.735,C3:00:00:63:4D:09,-63,127,3.0,3.5,1.5
1783351034738,2026-07-06 17:17:14.738,C3:00:00:63:4D:0A,-64,127,3.0,3.5,1.5
1783351034740,2026-07-06 17:17:14.740,C3:00:00:63:4D:04,-60,127,3.0,3.5,1.5
1783351034743,2026-07-06 17:17:14.743,C3:00:00:63:4D:0D,-60,127,3.0,3.5,1.5
1783351034745,2026-07-06 17:17:14.745,C3:00:00:63:4D:05,-54,127,3.0,3.5,1.5
1783351034746,2026-07-06 17:17:14.746,C3:00:00:63:4D:08,-72,127,3.0,3.5,1.5
1783351034748,2026-07-06 17:17:14.748,C3:00:00:63:4C:D2,-61,127,3.0,3.5,1.5
1783351034749,2026-07-06 17:17:14.749,C3:00:00:63:4D:0A,-62,127,3.0,3.5,1.5
1783351034750,2026-07-06 17:17:14.750,C3:00:00:63:4D:09,-60,127,3.0,3.5,1.5
1783351034751,2026-07-06 17:17:14.751,C3:00:00:63:4D:07,-59,127,3.0,3.5,1.5
1783351034752,2026-07-06 17:17:14.752,C3:00:00:63:4D:05,-59,127,3.0,3.5,1.5
1783351034753,2026-07-06 17:17:14.753,C3:00:00:63:4C:D2,-54,127,3.0,3.5,1.5
1783351034754,2026-07-06 17:17:14.754,C3:00:00:63:4D:08,-76,127,3.0,3.5,1.5
1783351034755,2026-07-06 17:17:14.755,C3:00:00:63:4D:0A,-61,127,3.0,3.5,1.5
1783351034756,2026-07-06 17:17:14.756,C3:00:00:63:4D:09,-61,127,3.0,3.5,1.5
1783351034758,2026-07-06 17:17:14.758,C3:00:00:63:4D:07,-58,127,3.0,3.5,1.5
1783351034763,2026-07-06 17:17:14.763,C3:00:00:63:4D:05,-56,127,3.0,3.5,1.5
1783351034764,2026-07-06 17:17:14.764,C3:00:00:63:4D:0D,-49,127,3.0,3.5,1.5
1783351034766,2026-07-06 17:17:14.766,C3:00:00:63:4C:D2,-59,127,3.0,3.5,1.5
1783351034768,2026-07-06 17:17:14.768,C3:00:00:63:4D:0A,-59,127,3.0,3.5,1.5
1783351034769,2026-07-06 17:17:14.769,C3:00:00:63:4D:08,-72,127,3.0,3.5,1.5
1783351034774,2026-07-06 17:17:14.774,C3:00:00:63:4D:07,-54,127,3.0,3.5,1.5
1783351034776,2026-07-06 17:17:14.776,C3:00:00:63:4D:09,-66,127,3.0,3.5,1.5
1783351034791,2026-07-06 17:17:14.791,C3:00:00:63:4D:04,-60,127,3.0,3.5,1.5
1783351034792,2026-07-06 17:17:14.792,C3:00:00:63:4D:05,-53,127,3.0,3.5,1.5
1783351034819,2026-07-06 17:17:14.819,C3:00:00:63:4D:0D,-60,127,3.0,3.5,1.5
1783351034845,2026-07-06 17:17:14.845,C3:00:00:63:4C:D2,-58,127,3.0,3.5,1.5
1783351034862,2026-07-06 17:17:14.862,C3:00:00:63:4D:0A,-63,127,3.0,3.5,1.5
1783351034868,2026-07-06 17:17:14.868,C3:00:00:63:4D:08,-57,127,3.0,3.5,1.5
1783351034878,2026-07-06 17:17:14.878,C3:00:00:63:4D:0A,-62,127,3.0,3.5,1.5
1783351034889,2026-07-06 17:17:14.889,C3:00:00:63:4D:09,-62,127,3.0,3.5,1.5
1783351034937,2026-07-06 17:17:14.937,C3:00:00:63:4D:09,-61,127,3.0,3.5,1.5
1783351034942,2026-07-06 17:17:14.942,C3:00:00:63:4D:0D,-49,127,3.0,3.5,1.5
1783351034965,2026-07-06 17:17:14.965,C3:00:00:63:4D:0A,-60,127,3.0,3.5,1.5
1783351034987,2026-07-06 17:17:14.987,C3:00:00:63:4D:08,-68,127,3.0,3.5,1.5
1783351035001,2026-07-06 17:17:15.001,C3:00:00:63:4D:04,-58,127,3.0,3.5,1.5
1783351035005,2026-07-06 17:17:15.005,C3:00:00:63:4D:09,-61,127,3.0,3.5,1.5
1783351035009,2026-07-06 17:17:15.009,C3:00:00:63:4D:05,-54,127,3.0,3.5,1.5
1783351035029,2026-07-06 17:17:15.029,C3:00:00:63:4D:0D,-58,127,3.0,3.5,1.5
1783351035056,2026-07-06 17:17:15.056,C3:00:00:63:4C:D2,-60,127,3.0,3.5,1.5
1783351035064,2026-07-06 17:17:15.064,C3:00:00:63:4D:0A,-60,127,3.0,3.5,1.5
1783351035094,2026-07-06 17:17:15.094,C3:00:00:63:4D:08,-61,127,3.0,3.5,1.5
1783351035098,2026-07-06 17:17:15.098,C3:00:00:63:4D:05,-53,127,3.0,3.5,1.5
1783351035104,2026-07-06 17:17:15.104,C3:00:00:63:4D:04,-60,127,3.0,3.5,1.5
1783351035109,2026-07-06 17:17:15.109,C3:00:00:63:4D:09,-65,127,3.0,3.5,1.5
1783351035161,2026-07-06 17:17:15.161,C3:00:00:63:4C:D2,-58,127,3.0,3.5,1.5
1783351035174,2026-07-06 17:17:15.174,C3:00:00:63:4D:0A,-62,127,3.0,3.5,1.5
1783351035208,2026-07-06 17:17:15.208,C3:00:00:63:4D:05,-60,127,3.0,3.5,1.5
1783351035213,2026-07-06 17:17:15.213,C3:00:00:63:4D:04,-55,127,3.0,3.5,1.5
1783351035219,2026-07-06 17:17:15.219,C3:00:00:63:4D:08,-54,127,3.0,3.5,1.5
1783351035224,2026-07-06 17:17:15.224,C3:00:00:63:4D:09,-60,127,3.0,3.5,1.5
1783351035251,2026-07-06 17:17:15.251,C3:00:00:63:4D:0D,-50,127,3.0,3.5,1.5
1783351035271,2026-07-06 17:17:15.271,C3:00:00:63:4D:07,-58,127,3.0,3.5,1.5
1783351035284,2026-07-06 17:17:15.284,C3:00:00:63:4D:0A,-60,127,3.0,3.5,1.5
1783351035302,2026-07-06 17:17:15.302,C3:00:00:63:4D:0D,-50,127,3.0,3.5,1.5
1783351035316,2026-07-06 17:17:15.316,C3:00:00:63:4D:04,-58,127,3.0,3.5,1.5
1783351035324,2026-07-06 17:17:15.324,C3:00:00:63:4D:07,-58,127,3.0,3.5,1.5
1783351035332,2026-07-06 17:17:15.332,C3:00:00:63:4D:08,-60,127,3.0,3.5,1.5
1783351035336,2026-07-06 17:17:15.336,C3:00:00:63:4D:09,-64,127,3.0,3.5,1.5
1783351035359,2026-07-06 17:17:15.359,C3:00:00:63:4D:07,-54,127,3.0,3.5,1.5
1783351035381,2026-07-06 17:17:15.381,C3:00:00:63:4D:07,-54,127,3.0,3.5,1.5
1783351035408,2026-07-06 17:17:15.408,C3:00:00:63:4D:05,-54,127,3.0,3.5,1.5
1783351035412,2026-07-06 17:17:15.412,C3:00:00:63:4D:04,-58,127,3.0,3.5,1.5
1783351035445,2026-07-06 17:17:15.445,C3:00:00:63:4D:08,-55,127,3.0,3.5,1.5
1783351035456,2026-07-06 17:17:15.456,C3:00:00:63:4D:09,-61,127,3.0,3.5,1.5
1783351035460,2026-07-06 17:17:15.460,C3:00:00:63:4D:0D,-57,127,3.0,3.5,1.5
1783351035467,2026-07-06 17:17:15.467,C3:00:00:63:4D:08,-55,127,3.0,3.5,1.5
1783351035472,2026-07-06 17:17:15.472,C3:00:00:63:4D:07,-58,127,3.0,3.5,1.5
1783351035478,2026-07-06 17:17:15.478,C3:00:00:63:4C:D2,-60,127,3.0,3.5,1.5
1783351035487,2026-07-06 17:17:15.487,C3:00:00:63:4D:0A,-62,127,3.0,3.5,1.5
1783351035506,2026-07-06 17:17:15.506,C3:00:00:63:4D:05,-59,127,3.0,3.5,1.5
1783351035514,2026-07-06 17:17:15.514,C3:00:00:63:4D:04,-56,127,3.0,3.5,1.5
1783351035526,2026-07-06 17:17:15.526,C3:00:00:63:4C:D2,-60,127,3.0,3.5,1.5
1783351035530,2026-07-06 17:17:15.530,C3:00:00:63:4D:05,-55,127,3.0,3.5,1.5
1783351035555,2026-07-06 17:17:15.555,C3:00:00:63:4D:08,-65,127,3.0,3.5,1.5
1783351035562,2026-07-06 17:17:15.562,C3:00:00:63:4D:05,-54,127,3.0,3.5,1.5
1783351035565,2026-07-06 17:17:15.565,C3:00:00:63:4D:09,-60,127,3.0,3.5,1.5
1783351035568,2026-07-06 17:17:15.568,C3:00:00:63:4D:07,-58,127,3.0,3.5,1.5
1783351035571,2026-07-06 17:17:15.571,C3:00:00:63:4D:0D,-48,127,3.0,3.5,1.5
1783351035585,2026-07-06 17:17:15.585,C3:00:00:63:4C:D2,-53,127,3.0,3.5,1.5
1783351035595,2026-07-06 17:17:15.595,C3:00:00:63:4D:0A,-64,127,3.0,3.5,1.5
1783351035614,2026-07-06 17:17:15.614,C3:00:00:63:4D:05,-55,127,3.0,3.5,1.5
1783351035617,2026-07-06 17:17:15.617,C3:00:00:63:4D:04,-58,127,3.0,3.5,1.5
1783351035663,2026-07-06 17:17:15.663,C3:00:00:63:4D:07,-55,127,3.0,3.5,1.5
1783351035675,2026-07-06 17:17:15.675,C3:00:00:63:4D:08,-62,127,3.0,3.5,1.5
1783351035683,2026-07-06 17:17:15.683,C3:00:00:63:4D:09,-67,127,3.0,3.5,1.5
1783351035695,2026-07-06 17:17:15.695,C3:00:00:63:4C:D2,-60,127,3.0,3.5,1.5
1783351035700,2026-07-06 17:17:15.700,C3:00:00:63:4D:0A,-62,127,3.0,3.5,1.5
1783351035705,2026-07-06 17:17:15.705,C3:00:00:63:4D:05,-54,127,3.0,3.5,1.5
1783351035727,2026-07-06 17:17:15.727,C3:00:00:63:4D:04,-60,127,3.0,3.5,1.5
1783351035766,2026-07-06 17:17:15.766,C3:00:00:63:4D:07,-58,127,3.0,3.5,1.5
1783351035788,2026-07-06 17:17:15.788,C3:00:00:63:4D:08,-54,127,3.0,3.5,1.5
1783351035792,2026-07-06 17:17:15.792,C3:00:00:63:4D:0D,-59,127,3.0,3.5,1.5
1783351035797,2026-07-06 17:17:15.797,C3:00:00:63:4D:09,-61,127,3.0,3.5,1.5
1783351035800,2026-07-06 17:17:15.800,C3:00:00:63:4D:0A,-62,127,3.0,3.5,1.5
1783351035820,2026-07-06 17:17:15.820,C3:00:00:63:4D:04,-56,127,3.0,3.5,1.5
1783351035845,2026-07-06 17:17:15.845,C3:00:00:63:4D:07,-58,127,3.0,3.5,1.5
1783351035848,2026-07-06 17:17:15.848,C3:00:00:63:4D:0A,-64,127,3.0,3.5,1.5
1783351035867,2026-07-06 17:17:15.867,C3:00:00:63:4D:07,-60,127,3.0,3.5,1.5
1783351035870,2026-07-06 17:17:15.870,C3:00:00:63:4D:09,-60,127,3.0,3.5,1.5
1783351035892,2026-07-06 17:17:15.892,C3:00:00:63:4D:08,-66,127,3.0,3.5,1.5
1783351035907,2026-07-06 17:17:15.907,C3:00:00:63:4D:0A,-64,127,3.0,3.5,1.5
1783351035927,2026-07-06 17:17:15.927,C3:00:00:63:4D:04,-58,127,3.0,3.5,1.5
1783351035932,2026-07-06 17:17:15.932,C3:00:00:63:4D:08,-65,127,3.0,3.5,1.5
1783351035999,2026-07-06 17:17:15.999,C3:00:00:63:4D:0D,-58,127,3.0,3.5,1.5
1783351036002,2026-07-06 17:17:16.002,C3:00:00:63:4C:D2,-60,127,3.0,3.5,1.5
1783351036005,2026-07-06 17:17:16.005,C3:00:00:63:4D:05,-54,127,3.0,3.5,1.5
1783351036015,2026-07-06 17:17:16.015,C3:00:00:63:4D:0A,-62,127,3.0,3.5,1.5
1783351036017,2026-07-06 17:17:16.017,C3:00:00:63:4D:09,-65,127,3.0,3.5,1.5
1783351036022,2026-07-06 17:17:16.022,C3:00:00:63:4C:D2,-60,127,3.0,3.5,1.5
1783351036025,2026-07-06 17:17:16.025,C3:00:00:63:4D:04,-55,127,3.0,3.5,1.5
1783351036041,2026-07-06 17:17:16.041,C3:00:00:63:4D:04,-55,127,3.0,3.5,1.5
1783351036071,2026-07-06 17:17:16.071,C3:00:00:63:4D:07,-57,127,3.0,3.5,1.5
1783351036113,2026-07-06 17:17:16.113,C3:00:00:63:4D:0D,-60,127,3.0,3.5,1.5
1783351036117,2026-07-06 17:17:16.117,C3:00:00:63:4D:05,-60,127,3.0,3.5,1.5
1783351036123,2026-07-06 17:17:16.123,C3:00:00:63:4C:D2,-59,127,3.0,3.5,1.5
1783351036133,2026-07-06 17:17:16.133,C3:00:00:63:4D:04,-54,127,3.0,3.5,1.5
1783351036137,2026-07-06 17:17:16.137,C3:00:00:63:4D:09,-62,127,3.0,3.5,1.5
1783351036166,2026-07-06 17:17:16.166,C3:00:00:63:4D:07,-58,127,3.0,3.5,1.5
1783351036194,2026-07-06 17:17:16.194,C3:00:00:63:4D:04,-58,127,3.0,3.5,1.5
1783351036210,2026-07-06 17:17:16.210,C3:00:00:63:4D:05,-58,127,3.0,3.5,1.5
1783351036216,2026-07-06 17:17:16.216,C3:00:00:63:4D:04,-64,127,3.0,3.5,1.5
1783351036225,2026-07-06 17:17:16.225,C3:00:00:63:4C:D2,-54,127,3.0,3.5,1.5
1783351036229,2026-07-06 17:17:16.229,C3:00:00:63:4D:0A,-60,127,3.0,3.5,1.5
1783351036245,2026-07-06 17:17:16.245,C3:00:00:63:4D:08,-62,127,3.0,3.5,1.5
1783351036248,2026-07-06 17:17:16.248,C3:00:00:63:4D:09,-63,127,3.0,3.5,1.5
1783351036265,2026-07-06 17:17:16.265,C3:00:00:63:4D:07,-54,127,3.0,3.5,1.5
1783351036316,2026-07-06 17:17:16.316,C3:00:00:63:4D:05,-54,127,3.0,3.5,1.5
1783351036332,2026-07-06 17:17:16.332,C3:00:00:63:4D:0A,-60,127,3.0,3.5,1.5
1783351036336,2026-07-06 17:17:16.336,C3:00:00:63:4D:0D,-58,127,3.0,3.5,1.5
1783351036339,2026-07-06 17:17:16.339,C3:00:00:63:4C:D2,-60,127,3.0,3.5,1.5
1783351036344,2026-07-06 17:17:16.344,C3:00:00:63:4D:04,-56,127,3.0,3.5,1.5
1783351036368,2026-07-06 17:17:16.368,C3:00:00:63:4D:07,-59,127,3.0,3.5,1.5
1783351036433,2026-07-06 17:17:16.433,C3:00:00:63:4C:D2,-54,127,3.0,3.5,1.5
1783351036440,2026-07-06 17:17:16.440,C3:00:00:63:4D:0D,-50,127,3.0,3.5,1.5
1783351036446,2026-07-06 17:17:16.446,C3:00:00:63:4D:04,-57,127,3.0,3.5,1.5
1783351036475,2026-07-06 17:17:16.475,C3:00:00:63:4D:08,-64,127,3.0,3.5,1.5
1783351036481,2026-07-06 17:17:16.481,C3:00:00:63:4D:09,-62,127,3.0,3.5,1.5
1783351036515,2026-07-06 17:17:16.515,C3:00:00:63:4D:05,-57,127,3.0,3.5,1.5
1783351036535,2026-07-06 17:17:16.535,C3:00:00:63:4D:0A,-61,127,3.0,3.5,1.5
1783351036549,2026-07-06 17:17:16.549,C3:00:00:63:4D:04,-60,127,3.0,3.5,1.5
1783351036564,2026-07-06 17:17:16.564,C3:00:00:63:4D:07,-55,127,3.0,3.5,1.5
1783351036590,2026-07-06 17:17:16.590,C3:00:00:63:4D:08,-63,127,3.0,3.5,1.5
1783351036593,2026-07-06 17:17:16.593,C3:00:00:63:4D:09,-63,127,3.0,3.5,1.5
1783351036613,2026-07-06 17:17:16.613,C3:00:00:63:4D:05,-54,127,3.0,3.5,1.5
1783351036645,2026-07-06 17:17:16.645,C3:00:00:63:4D:04,-55,127,3.0,3.5,1.5
1783351036655,2026-07-06 17:17:16.655,C3:00:00:63:4D:0D,-58,127,3.0,3.5,1.5
1783351036667,2026-07-06 17:17:16.667,C3:00:00:63:4D:07,-58,127,3.0,3.5,1.5
1783351036687,2026-07-06 17:17:16.687,C3:00:00:63:4D:09,-61,127,3.0,3.5,1.5
1783351036705,2026-07-06 17:17:16.705,C3:00:00:63:4D:08,-54,127,3.0,3.5,1.5
1783351036712,2026-07-06 17:17:16.712,C3:00:00:63:4D:09,-61,127,3.0,3.5,1.5
1783351036716,2026-07-06 17:17:16.716,C3:00:00:63:4D:05,-60,127,3.0,3.5,1.5
1783351036747,2026-07-06 17:17:16.747,C3:00:00:63:4D:0A,-62,127,3.0,3.5,1.5
1783351036758,2026-07-06 17:17:16.758,C3:00:00:63:4D:0D,-49,127,3.0,3.5,1.5
1783351036769,2026-07-06 17:17:16.769,C3:00:00:63:4D:07,-58,127,3.0,3.5,1.5
1783351036819,2026-07-06 17:17:16.819,C3:00:00:63:4D:05,-58,127,3.0,3.5,1.5
1783351036823,2026-07-06 17:17:16.823,C3:00:00:63:4D:08,-64,127,3.0,3.5,1.5
1783351036859,2026-07-06 17:17:16.859,C3:00:00:63:4C:D2,-60,127,3.0,3.5,1.5
1783351036863,2026-07-06 17:17:16.863,C3:00:00:63:4D:05,-53,127,3.0,3.5,1.5
1783351036866,2026-07-06 17:17:16.866,C3:00:00:63:4D:0D,-58,127,3.0,3.5,1.5
1783351036871,2026-07-06 17:17:16.871,C3:00:00:63:4D:07,-55,127,3.0,3.5,1.5
1783351036874,2026-07-06 17:17:16.874,C3:00:00:63:4D:0A,-60,127,3.0,3.5,1.5
1783351036918,2026-07-06 17:17:16.918,C3:00:00:63:4D:05,-54,127,3.0,3.5,1.5
1783351036936,2026-07-06 17:17:16.936,C3:00:00:63:4D:09,-61,127,3.0,3.5,1.5
1783351036942,2026-07-06 17:17:16.942,C3:00:00:63:4D:08,-56,127,3.0,3.5,1.5
1783351036953,2026-07-06 17:17:16.953,C3:00:00:63:4D:0D,-57,127,3.0,3.5,1.5
1783351036959,2026-07-06 17:17:16.959,C3:00:00:63:4D:04,-55,127,3.0,3.5,1.5
1783351036964,2026-07-06 17:17:16.964,C3:00:00:63:4D:0A,-61,127,3.0,3.5,1.5
1783351036971,2026-07-06 17:17:16.971,C3:00:00:63:4D:0D,-58,127,3.0,3.5,1.5
1783351037021,2026-07-06 17:17:17.021,C3:00:00:63:4D:05,-60,127,3.0,3.5,1.5
1783351037048,2026-07-06 17:17:17.048,C3:00:00:63:4D:09,-62,127,3.0,3.5,1.5
1783351037053,2026-07-06 17:17:17.053,C3:00:00:63:4D:08,-68,127,3.0,3.5,1.5
1783351037066,2026-07-06 17:17:17.066,C3:00:00:63:4D:07,-59,127,3.0,3.5,1.5
1783351037082,2026-07-06 17:17:17.082,C3:00:00:63:4D:0D,-50,127,3.0,3.5,1.5
1783351037119,2026-07-06 17:17:17.119,C3:00:00:63:4D:05,-57,127,3.0,3.5,1.5
1783351037162,2026-07-06 17:17:17.162,C3:00:00:63:4D:0A,-60,127,3.0,3.5,1.5
1783351037180,2026-07-06 17:17:17.180,C3:00:00:63:4C:D2,-60,127,3.0,3.5,1.5
1783351037194,2026-07-06 17:17:17.194,C3:00:00:63:4D:0D,-58,127,3.0,3.5,1.5
1783351037224,2026-07-06 17:17:17.224,C3:00:00:63:4D:05,-54,127,3.0,3.5,1.5
1783351037258,2026-07-06 17:17:17.258,C3:00:00:63:4D:05,-68,127,3.0,3.5,1.5
1783351037262,2026-07-06 17:17:17.262,C3:00:00:63:4D:07,-58,127,3.0,3.5,1.5
1783351037269,2026-07-06 17:17:17.269,C3:00:00:63:4D:0A,-62,127,3.0,3.5,1.5
1783351037273,2026-07-06 17:17:17.273,C3:00:00:63:4D:09,-61,127,3.0,3.5,1.5
1783351037300,2026-07-06 17:17:17.300,C3:00:00:63:4D:0D,-57,127,3.0,3.5,1.5
1783351037317,2026-07-06 17:17:17.317,C3:00:00:63:4D:0D,-57,127,3.0,3.5,1.5
1783351037321,2026-07-06 17:17:17.321,C3:00:00:63:4D:05,-60,127,3.0,3.5,1.5
1783351037329,2026-07-06 17:17:17.329,C3:00:00:63:4D:07,-59,127,3.0,3.5,1.5
1783351037369,2026-07-06 17:17:17.369,C3:00:00:63:4D:07,-59,127,3.0,3.5,1.5
1783351037377,2026-07-06 17:17:17.377,C3:00:00:63:4D:04,-56,127,3.0,3.5,1.5
1783351037379,2026-07-06 17:17:17.379,C3:00:00:63:4D:0A,-62,127,3.0,3.5,1.5
1783351037388,2026-07-06 17:17:17.388,C3:00:00:63:4C:D2,-54,127,3.0,3.5,1.5
1783351037394,2026-07-06 17:17:17.394,C3:00:00:63:4D:08,-65,127,3.0,3.5,1.5
1783351037404,2026-07-06 17:17:17.404,C3:00:00:63:4C:D2,-54,127,3.0,3.5,1.5
1783351037410,2026-07-06 17:17:17.410,C3:00:00:63:4D:0D,-50,127,3.0,3.5,1.5
1783351037460,2026-07-06 17:17:17.460,C3:00:00:63:4D:08,-63,127,3.0,3.5,1.5
1783351037465,2026-07-06 17:17:17.465,C3:00:00:63:4D:07,-55,127,3.0,3.5,1.5
1783351037471,2026-07-06 17:17:17.471,C3:00:00:63:4D:04,-60,127,3.0,3.5,1.5
1783351037478,2026-07-06 17:17:17.478,C3:00:00:63:4D:0A,-60,127,3.0,3.5,1.5
1783351037494,2026-07-06 17:17:17.494,C3:00:00:63:4C:D2,-60,127,3.0,3.5,1.5
1783351037505,2026-07-06 17:17:17.505,C3:00:00:63:4D:09,-62,127,3.0,3.5,1.5
1783351037510,2026-07-06 17:17:17.510,C3:00:00:63:4D:08,-62,127,3.0,3.5,1.5
1783351037518,2026-07-06 17:17:17.518,C3:00:00:63:4D:0D,-57,127,3.0,3.5,1.5
1783351037527,2026-07-06 17:17:17.527,C3:00:00:63:4D:05,-54,127,3.0,3.5,1.5
1783351037549,2026-07-06 17:17:17.549,C3:00:00:63:4D:05,-60,127,3.0,3.5,1.5
1783351037566,2026-07-06 17:17:17.566,C3:00:00:63:4D:07,-57,127,3.0,3.5,1.5
1783351037570,2026-07-06 17:17:17.570,C3:00:00:63:4D:05,-60,127,3.0,3.5,1.5
1783351037580,2026-07-06 17:17:17.580,C3:00:00:63:4D:04,-55,127,3.0,3.5,1.5
1783351037606,2026-07-06 17:17:17.606,C3:00:00:63:4C:D2,-60,127,3.0,3.5,1.5
1783351037626,2026-07-06 17:17:17.626,C3:00:00:63:4D:09,-60,127,3.0,3.5,1.5
1783351037630,2026-07-06 17:17:17.630,C3:00:00:63:4D:0D,-58,127,3.0,3.5,1.5
1783351037634,2026-07-06 17:17:17.634,C3:00:00:63:4D:08,-66,127,3.0,3.5,1.5
1783351037638,2026-07-06 17:17:17.638,C3:00:00:63:4D:05,-60,127,3.0,3.5,1.5
1783351037677,2026-07-06 17:17:17.677,C3:00:00:63:4D:04,-56,127,3.0,3.5,1.5
1783351037717,2026-07-06 17:17:17.717,C3:00:00:63:4D:0A,-62,127,3.0,3.5,1.5
1783351037738,2026-07-06 17:17:17.738,C3:00:00:63:4D:09,-66,127,3.0,3.5,1.5
1783351037745,2026-07-06 17:17:17.745,C3:00:00:63:4D:08,-61,127,3.0,3.5,1.5
1783351037769,2026-07-06 17:17:17.769,C3:00:00:63:4D:07,-55,127,3.0,3.5,1.5
1783351037793,2026-07-06 17:17:17.793,C3:00:00:63:4C:D2,-68,127,3.0,3.5,1.5
1783351037805,2026-07-06 17:17:17.805,C3:00:00:63:4D:0A,-59,127,3.0,3.5,1.5
1783351037812,2026-07-06 17:17:17.812,C3:00:00:63:4C:D2,-60,127,3.0,3.5,1.5
1783351037827,2026-07-06 17:17:17.827,C3:00:00:63:4D:05,-58,127,3.0,3.5,1.5
1783351037837,2026-07-06 17:17:17.837,C3:00:00:63:4D:0D,-59,127,3.0,3.5,1.5
1783351037845,2026-07-06 17:17:17.845,C3:00:00:63:4D:09,-60,127,3.0,3.5,1.5
1783351037848,2026-07-06 17:17:17.848,C3:00:00:63:4D:0A,-64,127,3.0,3.5,1.5
1783351037852,2026-07-06 17:17:17.852,C3:00:00:63:4D:08,-55,127,3.0,3.5,1.5
1783351037861,2026-07-06 17:17:17.861,C3:00:00:63:4D:07,-58,127,3.0,3.5,1.5
1783351037876,2026-07-06 17:17:17.876,C3:00:00:63:4D:09,-61,127,3.0,3.5,1.5
1783351037885,2026-07-06 17:17:17.885,C3:00:00:63:4D:07,-58,127,3.0,3.5,1.5
1783351037889,2026-07-06 17:17:17.889,C3:00:00:63:4D:04,-54,127,3.0,3.5,1.5
1783351037901,2026-07-06 17:17:17.901,C3:00:00:63:4D:0A,-65,127,3.0,3.5,1.5
1783351037903,2026-07-06 17:17:17.903,C3:00:00:63:4D:08,-55,127,3.0,3.5,1.5
1783351037932,2026-07-06 17:17:17.932,C3:00:00:63:4D:05,-55,127,3.0,3.5,1.5
1783351037947,2026-07-06 17:17:17.947,C3:00:00:63:4D:0D,-50,127,3.0,3.5,1.5
1783351037968,2026-07-06 17:17:17.968,C3:00:00:63:4D:07,-58,127,3.0,3.5,1.5
1783351037972,2026-07-06 17:17:17.972,C3:00:00:63:4D:08,-63,127,3.0,3.5,1.5
1783351037988,2026-07-06 17:17:17.988,C3:00:00:63:4D:04,-57,127,3.0,3.5,1.5
1783351038004,2026-07-06 17:17:18.004,C3:00:00:63:4D:0A,-62,127,3.0,3.5,1.5
1783351038013,2026-07-06 17:17:18.013,C3:00:00:63:4C:D2,-53,127,3.0,3.5,1.5
1783351038026,2026-07-06 17:17:18.026,C3:00:00:63:4D:05,-54,127,3.0,3.5,1.5
1783351038039,2026-07-06 17:17:18.039,C3:00:00:63:4C:D2,-60,127,3.0,3.5,1.5
1783351038060,2026-07-06 17:17:18.060,C3:00:00:63:4D:0D,-58,127,3.0,3.5,1.5
1783351038069,2026-07-06 17:17:18.069,C3:00:00:63:4D:07,-55,127,3.0,3.5,1.5
1783351038075,2026-07-06 17:17:18.075,C3:00:00:63:4D:09,-65,127,3.0,3.5,1.5
1783351038082,2026-07-06 17:17:18.082,C3:00:00:63:4D:08,-62,127,3.0,3.5,1.5
1783351038092,2026-07-06 17:17:18.092,C3:00:00:63:4D:04,-58,127,3.0,3.5,1.5
1783351038110,2026-07-06 17:17:18.110,C3:00:00:63:4D:0A,-61,127,3.0,3.5,1.5
1783351038129,2026-07-06 17:17:18.129,C3:00:00:63:4C:D2,-60,127,3.0,3.5,1.5
1783351038156,2026-07-06 17:17:18.156,C3:00:00:63:4D:09,-68,127,3.0,3.5,1.5
1783351038171,2026-07-06 17:17:18.171,C3:00:00:63:4D:07,-57,127,3.0,3.5,1.5
1783351038176,2026-07-06 17:17:18.176,C3:00:00:63:4D:08,-64,127,3.0,3.5,1.5
1783351038191,2026-07-06 17:17:18.191,C3:00:00:63:4D:09,-59,127,3.0,3.5,1.5
1783351038197,2026-07-06 17:17:18.197,C3:00:00:63:4D:04,-55,127,3.0,3.5,1.5
1783351038202,2026-07-06 17:17:18.202,C3:00:00:63:4D:08,-56,127,3.0,3.5,1.5
1783351038214,2026-07-06 17:17:18.214,C3:00:00:63:4D:04,-56,127,3.0,3.5,1.5
1783351038217,2026-07-06 17:17:18.217,C3:00:00:63:4D:0A,-62,127,3.0,3.5,1.5
1783351038236,2026-07-06 17:17:18.236,C3:00:00:63:4C:D2,-53,127,3.0,3.5,1.5
1783351038242,2026-07-06 17:17:18.242,C3:00:00:63:4D:05,-56,127,3.0,3.5,1.5
1783351038269,2026-07-06 17:17:18.269,C3:00:00:63:4D:0D,-49,127,3.0,3.5,1.5
1783351038369,2026-07-06 17:17:18.369,C3:00:00:63:4D:07,-54,127,3.0,3.5,1.5
1783351038378,2026-07-06 17:17:18.378,C3:00:00:63:4D:0D,-59,127,3.0,3.5,1.5
1783351038401,2026-07-06 17:17:18.401,C3:00:00:63:4D:04,-58,127,3.0,3.5,1.5
1783351038417,2026-07-06 17:17:18.417,C3:00:00:63:4D:09,-65,127,3.0,3.5,1.5
1783351038429,2026-07-06 17:17:18.429,C3:00:00:63:4D:08,-56,127,3.0,3.5,1.5
1783351038432,2026-07-06 17:17:18.432,C3:00:00:63:4D:05,-58,127,3.0,3.5,1.5
1783351038446,2026-07-06 17:17:18.446,C3:00:00:63:4C:D2,-60,127,3.0,3.5,1.5
1783351038464,2026-07-06 17:17:18.464,C3:00:00:63:4D:07,-56,127,3.0,3.5,1.5
1783351038507,2026-07-06 17:17:18.507,C3:00:00:63:4D:04,-55,127,3.0,3.5,1.5
1783351038535,2026-07-06 17:17:18.535,C3:00:00:63:4D:0A,-61,127,3.0,3.5,1.5
1783351038556,2026-07-06 17:17:18.556,C3:00:00:63:4D:08,-64,127,3.0,3.5,1.5
1783351038560,2026-07-06 17:17:18.560,C3:00:00:63:4C:D2,-54,127,3.0,3.5,1.5
1783351038600,2026-07-06 17:17:18.600,C3:00:00:63:4D:0D,-49,127,3.0,3.5,1.5
1783351038606,2026-07-06 17:17:18.606,C3:00:00:63:4D:04,-59,127,3.0,3.5,1.5
1783351038634,2026-07-06 17:17:18.634,C3:00:00:63:4D:0A,-62,127,3.0,3.5,1.5
1783351038646,2026-07-06 17:17:18.646,C3:00:00:63:4D:09,-63,127,3.0,3.5,1.5
1783351038674,2026-07-06 17:17:18.674,C3:00:00:63:4D:07,-54,127,3.0,3.5,1.5
1783351038698,2026-07-06 17:17:18.698,C3:00:00:63:4D:09,-64,127,3.0,3.5,1.5
1783351038740,2026-07-06 17:17:18.740,C3:00:00:63:4D:05,-59,127,3.0,3.5,1.5
1783351038744,2026-07-06 17:17:18.744,C3:00:00:63:4D:0A,-62,127,3.0,3.5,1.5
1783351038763,2026-07-06 17:17:18.763,C3:00:00:63:4D:09,-63,127,3.0,3.5,1.5
1783351038770,2026-07-06 17:17:18.770,C3:00:00:63:4C:D2,-59,127,3.0,3.5,1.5
1783351038773,2026-07-06 17:17:18.773,C3:00:00:63:4D:07,-56,127,3.0,3.5,1.5
1783351038778,2026-07-06 17:17:18.778,C3:00:00:63:4D:08,-55,127,3.0,3.5,1.5
1783351038805,2026-07-06 17:17:18.805,C3:00:00:63:4D:04,-56,127,3.0,3.5,1.5
1783351038809,2026-07-06 17:17:18.809,C3:00:00:63:4D:0D,-59,127,3.0,3.5,1.5
1783351038834,2026-07-06 17:17:18.834,C3:00:00:63:4D:05,-58,127,3.0,3.5,1.5
1783351038843,2026-07-06 17:17:18.843,C3:00:00:63:4D:0A,-61,127,3.0,3.5,1.5
1783351038870,2026-07-06 17:17:18.870,C3:00:00:63:4D:07,-58,127,3.0,3.5,1.5
1783351038874,2026-07-06 17:17:18.874,C3:00:00:63:4C:D2,-54,127,3.0,3.5,1.5
1783351038881,2026-07-06 17:17:18.881,C3:00:00:63:4D:09,-61,127,3.0,3.5,1.5
1783351038897,2026-07-06 17:17:18.897,C3:00:00:63:4D:08,-68,127,3.0,3.5,1.5
1783351038913,2026-07-06 17:17:18.913,C3:00:00:63:4D:04,-60,127,3.0,3.5,1.5
1783351038925,2026-07-06 17:17:18.925,C3:00:00:63:4D:0D,-49,127,3.0,3.5,1.5
1783351038936,2026-07-06 17:17:18.936,C3:00:00:63:4D:05,-54,127,3.0,3.5,1.5
1783351038947,2026-07-06 17:17:18.947,C3:00:00:63:4D:0D,-57,127,3.0,3.5,1.5
1783351038952,2026-07-06 17:17:18.952,C3:00:00:63:4D:09,-64,127,3.0,3.5,1.5
1783351038983,2026-07-06 17:17:18.983,C3:00:00:63:4D:09,-64,127,3.0,3.5,1.5
1783351039002,2026-07-06 17:17:19.002,C3:00:00:63:4D:08,-60,127,3.0,3.5,1.5
1783351039013,2026-07-06 17:17:19.013,C3:00:00:63:4D:04,-59,127,3.0,3.5,1.5
1783351039031,2026-07-06 17:17:19.031,C3:00:00:63:4D:0D,-57,127,3.0,3.5,1.5
1783351039044,2026-07-06 17:17:19.044,C3:00:00:63:4D:05,-59,127,3.0,3.5,1.5
1783351039052,2026-07-06 17:17:19.052,C3:00:00:63:4D:0A,-62,127,3.0,3.5,1.5
1783351039062,2026-07-06 17:17:19.062,C3:00:00:63:4D:07,-56,127,3.0,3.5,1.5
1783351039095,2026-07-06 17:17:19.095,C3:00:00:63:4D:09,-62,127,3.0,3.5,1.5
1783351039116,2026-07-06 17:17:19.116,C3:00:00:63:4D:04,-56,127,3.0,3.5,1.5
1783351039135,2026-07-06 17:17:19.135,C3:00:00:63:4D:0D,-49,127,3.0,3.5,1.5
1783351039153,2026-07-06 17:17:19.153,C3:00:00:63:4D:05,-58,127,3.0,3.5,1.5
1783351039165,2026-07-06 17:17:19.165,C3:00:00:63:4D:0A,-61,127,3.0,3.5,1.5
1783351039169,2026-07-06 17:17:19.169,C3:00:00:63:4D:07,-58,127,3.0,3.5,1.5
1783351039198,2026-07-06 17:17:19.198,C3:00:00:63:4D:0D,-50,127,3.0,3.5,1.5
1783351039204,2026-07-06 17:17:19.204,C3:00:00:63:4C:D2,-54,127,3.0,3.5,1.5
1783351039219,2026-07-06 17:17:19.219,C3:00:00:63:4D:09,-61,127,3.0,3.5,1.5
1783351039228,2026-07-06 17:17:19.228,C3:00:00:63:4D:04,-57,127,3.0,3.5,1.5
1783351039240,2026-07-06 17:17:19.240,C3:00:00:63:4D:08,-60,127,3.0,3.5,1.5
1783351039248,2026-07-06 17:17:19.248,C3:00:00:63:4D:05,-54,127,3.0,3.5,1.5
1783351039254,2026-07-06 17:17:19.254,C3:00:00:63:4D:0D,-57,127,3.0,3.5,1.5
1783351039261,2026-07-06 17:17:19.261,C3:00:00:63:4D:0A,-60,127,3.0,3.5,1.5
1783351039267,2026-07-06 17:17:19.267,C3:00:00:63:4D:07,-54,127,3.0,3.5,1.5
1783351039296,2026-07-06 17:17:19.296,C3:00:00:63:4C:D2,-60,127,3.0,3.5,1.5
1783351039316,2026-07-06 17:17:19.316,C3:00:00:63:4D:0D,-57,127,3.0,3.5,1.5
1783351039328,2026-07-06 17:17:19.328,C3:00:00:63:4D:09,-64,127,3.0,3.5,1.5
1783351039331,2026-07-06 17:17:19.331,C3:00:00:63:4D:04,-55,127,3.0,3.5,1.5
1783351039334,2026-07-06 17:17:19.334,C3:00:00:63:4D:07,-58,127,3.0,3.5,1.5
1783351039353,2026-07-06 17:17:19.353,C3:00:00:63:4D:05,-58,127,3.0,3.5,1.5
1783351039367,2026-07-06 17:17:19.367,C3:00:00:63:4D:07,-57,127,3.0,3.5,1.5
1783351039369,2026-07-06 17:17:19.369,C3:00:00:63:4D:0A,-63,127,3.0,3.5,1.5
1783351039380,2026-07-06 17:17:19.380,C3:00:00:63:4D:07,-57,127,3.0,3.5,1.5
1783351039407,2026-07-06 17:17:19.407,C3:00:00:63:4C:D2,-59,127,3.0,3.5,1.5
1783351039432,2026-07-06 17:17:19.432,C3:00:00:63:4D:04,-58,127,3.0,3.5,1.5
1783351039438,2026-07-06 17:17:19.438,C3:00:00:63:4D:09,-62,127,3.0,3.5,1.5
1783351039447,2026-07-06 17:17:19.447,C3:00:00:63:4D:05,-57,127,3.0,3.5,1.5
1783351039468,2026-07-06 17:17:19.468,C3:00:00:63:4D:07,-58,127,3.0,3.5,1.5
1783351039474,2026-07-06 17:17:19.474,C3:00:00:63:4D:08,-69,127,3.0,3.5,1.5
1783351039478,2026-07-06 17:17:19.478,C3:00:00:63:4D:0A,-62,127,3.0,3.5,1.5
1783351039491,2026-07-06 17:17:19.491,C3:00:00:63:4D:08,-69,127,3.0,3.5,1.5
1783351039513,2026-07-06 17:17:19.513,C3:00:00:63:4C:D2,-54,127,3.0,3.5,1.5
1783351039536,2026-07-06 17:17:19.536,C3:00:00:63:4D:04,-58,127,3.0,3.5,1.5
1783351039541,2026-07-06 17:17:19.541,C3:00:00:63:4C:D2,-61,127,3.0,3.5,1.5
1783351039545,2026-07-06 17:17:19.545,C3:00:00:63:4D:05,-55,127,3.0,3.5,1.5
1783351039561,2026-07-06 17:17:19.561,C3:00:00:63:4D:09,-66,127,3.0,3.5,1.5
1783351039569,2026-07-06 17:17:19.569,C3:00:00:63:4D:05,-54,127,3.0,3.5,1.5
1783351039572,2026-07-06 17:17:19.572,C3:00:00:63:4D:07,-54,127,3.0,3.5,1.5
1783351039579,2026-07-06 17:17:19.579,C3:00:00:63:4D:0A,-61,127,3.0,3.5,1.5
1783351039585,2026-07-06 17:17:19.585,C3:00:00:63:4D:08,-60,127,3.0,3.5,1.5
1783351039588,2026-07-06 17:17:19.588,C3:00:00:63:4D:05,-55,127,3.0,3.5,1.5
1783351039613,2026-07-06 17:17:19.613,C3:00:00:63:4C:D2,-61,127,3.0,3.5,1.5
1783351039631,2026-07-06 17:17:19.631,C3:00:00:63:4D:04,-55,127,3.0,3.5,1.5
1783351039670,2026-07-06 17:17:19.670,C3:00:00:63:4D:09,-61,127,3.0,3.5,1.5
1783351039689,2026-07-06 17:17:19.689,C3:00:00:63:4D:0A,-63,127,3.0,3.5,1.5
1783351039695,2026-07-06 17:17:19.695,C3:00:00:63:4D:08,-56,127,3.0,3.5,1.5
1783351039735,2026-07-06 17:17:19.735,C3:00:00:63:4D:04,-58,127,3.0,3.5,1.5
1783351039746,2026-07-06 17:17:19.746,C3:00:00:63:4D:05,-57,127,3.0,3.5,1.5
1783351039761,2026-07-06 17:17:19.761,C3:00:00:63:4D:04,-58,127,3.0,3.5,1.5
1783351039781,2026-07-06 17:17:19.781,C3:00:00:63:4D:09,-61,127,3.0,3.5,1.5
1783351039786,2026-07-06 17:17:19.786,C3:00:00:63:4D:0D,-49,127,3.0,3.5,1.5
1783351039826,2026-07-06 17:17:19.826,C3:00:00:63:4C:D2,-54,127,3.0,3.5,1.5
1783351039843,2026-07-06 17:17:19.843,C3:00:00:63:4D:05,-54,127,3.0,3.5,1.5
1783351039862,2026-07-06 17:17:19.862,C3:00:00:63:4D:0A,-61,127,3.0,3.5,1.5
1783351039877,2026-07-06 17:17:19.877,C3:00:00:63:4D:07,-54,127,3.0,3.5,1.5
1783351039885,2026-07-06 17:17:19.885,C3:00:00:63:4D:07,-54,127,3.0,3.5,1.5
1783351039889,2026-07-06 17:17:19.889,C3:00:00:63:4D:0D,-57,127,3.0,3.5,1.5
1783351039897,2026-07-06 17:17:19.897,C3:00:00:63:4D:0A,-61,127,3.0,3.5,1.5
1783351039899,2026-07-06 17:17:19.899,C3:00:00:63:4D:09,-64,127,3.0,3.5,1.5
1783351039903,2026-07-06 17:17:19.903,C3:00:00:63:4D:08,-61,127,3.0,3.5,1.5
1783351039915,2026-07-06 17:17:19.915,C3:00:00:63:4D:08,-61,127,3.0,3.5,1.5
1783351039943,2026-07-06 17:17:19.943,C3:00:00:63:4D:08,-56,127,3.0,3.5,1.5
1783351039946,2026-07-06 17:17:19.946,C3:00:00:63:4D:04,-54,127,3.0,3.5,1.5
1783351039953,2026-07-06 17:17:19.953,C3:00:00:63:4D:05,-58,127,3.0,3.5,1.5
1783351039968,2026-07-06 17:17:19.968,C3:00:00:63:4D:07,-57,127,3.0,3.5,1.5
1783351040006,2026-07-06 17:17:20.006,C3:00:00:63:4D:0D,-54,127,3.0,3.5,1.5
1783351040015,2026-07-06 17:17:20.015,C3:00:00:63:4D:09,-61,127,3.0,3.5,1.5
1783351040029,2026-07-06 17:17:20.029,C3:00:00:63:4C:D2,-54,127,3.0,3.5,1.5
1783351040054,2026-07-06 17:17:20.054,C3:00:00:63:4C:D2,-54,127,3.0,3.5,1.5
1783351040059,2026-07-06 17:17:20.059,C3:00:00:63:4D:05,-58,127,3.0,3.5,1.5
1783351040062,2026-07-06 17:17:20.062,C3:00:00:63:4D:07,-58,127,3.0,3.5,1.5
1783351040067,2026-07-06 17:17:20.067,C3:00:00:63:4D:04,-57,127,3.0,3.5,1.5
1783351040103,2026-07-06 17:17:20.103,C3:00:00:63:4D:0A,-62,127,3.0,3.5,1.5
1783351040150,2026-07-06 17:17:20.150,C3:00:00:63:4C:D2,-59,127,3.0,3.5,1.5
1783351040161,2026-07-06 17:17:20.161,C3:00:00:63:4D:08,-60,127,3.0,3.5,1.5
1783351040171,2026-07-06 17:17:20.171,C3:00:00:63:4D:07,-54,127,3.0,3.5,1.5
1783351040203,2026-07-06 17:17:20.203,C3:00:00:63:4D:04,-59,127,3.0,3.5,1.5
1783351040206,2026-07-06 17:17:20.206,C3:00:00:63:4D:0A,-61,127,3.0,3.5,1.5
1783351040226,2026-07-06 17:17:20.226,C3:00:00:63:4D:04,-62,127,3.0,3.5,1.5
1783351040236,2026-07-06 17:17:20.236,C3:00:00:63:4D:09,-62,127,3.0,3.5,1.5
1783351040272,2026-07-06 17:17:20.272,C3:00:00:63:4D:08,-56,127,3.0,3.5,1.5
1783351040311,2026-07-06 17:17:20.311,C3:00:00:63:4D:0A,-63,127,3.0,3.5,1.5
1783351040321,2026-07-06 17:17:20.321,C3:00:00:63:4D:0D,-58,127,3.0,3.5,1.5
1783351040356,2026-07-06 17:17:20.356,C3:00:00:63:4C:D2,-54,127,3.0,3.5,1.5
1783351040361,2026-07-06 17:17:20.361,C3:00:00:63:4D:05,-58,127,3.0,3.5,1.5
1783351040365,2026-07-06 17:17:20.365,C3:00:00:63:4D:09,-64,127,3.0,3.5,1.5
1783351040370,2026-07-06 17:17:20.370,C3:00:00:63:4D:07,-58,127,3.0,3.5,1.5
1783351040393,2026-07-06 17:17:20.393,C3:00:00:63:4D:08,-66,127,3.0,3.5,1.5
1783351040417,2026-07-06 17:17:20.417,C3:00:00:63:4D:0A,-62,127,3.0,3.5,1.5
1783351040438,2026-07-06 17:17:20.438,C3:00:00:63:4D:0D,-49,127,3.0,3.5,1.5
1783351040441,2026-07-06 17:17:20.441,C3:00:00:63:4D:07,-62,127,3.0,3.5,1.5
1783351040452,2026-07-06 17:17:20.452,C3:00:00:63:4D:05,-55,127,3.0,3.5,1.5
1783351040461,2026-07-06 17:17:20.461,C3:00:00:63:4C:D2,-60,127,3.0,3.5,1.5
1783351040478,2026-07-06 17:17:20.478,C3:00:00:63:4D:07,-54,127,3.0,3.5,1.5
1783351040480,2026-07-06 17:17:20.480,C3:00:00:63:4D:09,-65,127,3.0,3.5,1.5
1783351040503,2026-07-06 17:17:20.503,C3:00:00:63:4D:08,-60,127,3.0,3.5,1.5
1783351040524,2026-07-06 17:17:20.524,C3:00:00:63:4D:0A,-61,127,3.0,3.5,1.5
1783351040536,2026-07-06 17:17:20.536,C3:00:00:63:4D:0D,-58,127,3.0,3.5,1.5
1783351040555,2026-07-06 17:17:20.555,C3:00:00:63:4D:05,-58,127,3.0,3.5,1.5
1783351040562,2026-07-06 17:17:20.562,C3:00:00:63:4D:04,-55,127,3.0,3.5,1.5
1783351040581,2026-07-06 17:17:20.581,C3:00:00:63:4D:09,-62,127,3.0,3.5,1.5
1783351040622,2026-07-06 17:17:20.622,C3:00:00:63:4D:08,-56,127,3.0,3.5,1.5
1783351040632,2026-07-06 17:17:20.632,C3:00:00:63:4D:0A,-62,127,3.0,3.5,1.5
1783351040656,2026-07-06 17:17:20.656,C3:00:00:63:4D:0D,-49,127,3.0,3.5,1.5
1783351040660,2026-07-06 17:17:20.660,C3:00:00:63:4D:05,-58,127,3.0,3.5,1.5
1783351040667,2026-07-06 17:17:20.667,C3:00:00:63:4D:04,-58,127,3.0,3.5,1.5
1783351040681,2026-07-06 17:17:20.681,C3:00:00:63:4C:D2,-54,127,3.0,3.5,1.5
1783351040732,2026-07-06 17:17:20.732,C3:00:00:63:4D:0A,-61,127,3.0,3.5,1.5
1783351040735,2026-07-06 17:17:20.735,C3:00:00:63:4D:08,-60,127,3.0,3.5,1.5
1783351040750,2026-07-06 17:17:20.750,C3:00:00:63:4D:0D,-57,127,3.0,3.5,1.5
1783351040776,2026-07-06 17:17:20.776,C3:00:00:63:4C:D2,-60,127,3.0,3.5,1.5
1783351040812,2026-07-06 17:17:20.812,C3:00:00:63:4D:09,-65,127,3.0,3.5,1.5
1783351040840,2026-07-06 17:17:20.840,C3:00:00:63:4D:0A,-62,127,3.0,3.5,1.5
1783351040862,2026-07-06 17:17:20.862,C3:00:00:63:4D:0D,-58,127,3.0,3.5,1.5
1783351040874,2026-07-06 17:17:20.874,C3:00:00:63:4D:04,-55,127,3.0,3.5,1.5
1783351040881,2026-07-06 17:17:20.881,C3:00:00:63:4D:05,-58,127,3.0,3.5,1.5
1783351040889,2026-07-06 17:17:20.889,C3:00:00:63:4C:D2,-60,127,3.0,3.5,1.5
1783351040926,2026-07-06 17:17:20.926,C3:00:00:63:4D:09,-61,127,3.0,3.5,1.5
1783351040950,2026-07-06 17:17:20.950,C3:00:00:63:4D:0A,-62,127,3.0,3.5,1.5
1783351040954,2026-07-06 17:17:20.954,C3:00:00:63:4D:0D,-49,127,3.0,3.5,1.5
1783351040965,2026-07-06 17:17:20.965,C3:00:00:63:4D:08,-65,127,3.0,3.5,1.5
1783351040975,2026-07-06 17:17:20.975,C3:00:00:63:4D:0D,-50,127,3.0,3.5,1.5
1783351040978,2026-07-06 17:17:20.978,C3:00:00:63:4D:04,-57,127,3.0,3.5,1.5
1783351040991,2026-07-06 17:17:20.991,C3:00:00:63:4C:D2,-54,127,3.0,3.5,1.5
1783351041047,2026-07-06 17:17:21.047,C3:00:00:63:4D:09,-66,127,3.0,3.5,1.5
1783351041052,2026-07-06 17:17:21.052,C3:00:00:63:4D:0A,-61,127,3.0,3.5,1.5
1783351041059,2026-07-06 17:17:21.059,C3:00:00:63:4D:05,-55,127,3.0,3.5,1.5
1783351041066,2026-07-06 17:17:21.066,C3:00:00:63:4D:07,-54,127,3.0,3.5,1.5
1783351041074,2026-07-06 17:17:21.074,C3:00:00:63:4D:0D,-58,127,3.0,3.5,1.5
1783351041078,2026-07-06 17:17:21.078,C3:00:00:63:4D:08,-61,127,3.0,3.5,1.5
1783351041099,2026-07-06 17:17:21.099,C3:00:00:63:4C:D2,-61,127,3.0,3.5,1.5
1783351041160,2026-07-06 17:17:21.160,C3:00:00:63:4D:05,-58,127,3.0,3.5,1.5
1783351041165,2026-07-06 17:17:21.165,C3:00:00:63:4D:07,-56,127,3.0,3.5,1.5
1783351041186,2026-07-06 17:17:21.186,C3:00:00:63:4D:0D,-57,127,3.0,3.5,1.5
1783351041194,2026-07-06 17:17:21.194,C3:00:00:63:4D:08,-56,127,3.0,3.5,1.5
1783351041208,2026-07-06 17:17:21.208,C3:00:00:63:4C:D2,-60,127,3.0,3.5,1.5
1783351041266,2026-07-06 17:17:21.266,C3:00:00:63:4D:05,-58,127,3.0,3.5,1.5
1783351041273,2026-07-06 17:17:21.273,C3:00:00:63:4D:09,-63,127,3.0,3.5,1.5
1783351041285,2026-07-06 17:17:21.285,C3:00:00:63:4D:04,-56,127,3.0,3.5,1.5
1783351041288,2026-07-06 17:17:21.288,C3:00:00:63:4D:05,-65,127,3.0,3.5,1.5
1783351041297,2026-07-06 17:17:21.297,C3:00:00:63:4D:0D,-49,127,3.0,3.5,1.5
1783351041306,2026-07-06 17:17:21.306,C3:00:00:63:4D:08,-64,127,3.0,3.5,1.5
1783351041314,2026-07-06 17:17:21.314,C3:00:00:63:4C:D2,-54,127,3.0,3.5,1.5
1783351041325,2026-07-06 17:17:21.325,C3:00:00:63:4D:0D,-57,127,3.0,3.5,1.5
1783351041355,2026-07-06 17:17:21.355,C3:00:00:63:4D:07,-54,127,3.0,3.5,1.5
1783351041364,2026-07-06 17:17:21.364,C3:00:00:63:4D:0A,-61,127,3.0,3.5,1.5
1783351041370,2026-07-06 17:17:21.370,C3:00:00:63:4D:05,-55,127,3.0,3.5,1.5
1783351041376,2026-07-06 17:17:21.376,C3:00:00:63:4D:07,-55,127,3.0,3.5,1.5
1783351041384,2026-07-06 17:17:21.384,C3:00:00:63:4D:09,-67,127,3.0,3.5,1.5
1783351041399,2026-07-06 17:17:21.399,C3:00:00:63:4D:0D,-57,127,3.0,3.5,1.5
1783351041408,2026-07-06 17:17:21.408,C3:00:00:63:4C:D2,-61,127,3.0,3.5,1.5
1783351041431,2026-07-06 17:17:21.431,C3:00:00:63:4C:D2,-60,127,3.0,3.5,1.5
1783351041434,2026-07-06 17:17:21.434,C3:00:00:63:4D:0A,-71,127,3.0,3.5,1.5
1783351041461,2026-07-06 17:17:21.461,C3:00:00:63:4D:08,-56,127,3.0,3.5,1.5
1783351041469,2026-07-06 17:17:21.469,C3:00:00:63:4D:0A,-62,127,3.0,3.5,1.5
1783351041487,2026-07-06 17:17:21.487,C3:00:00:63:4D:04,-55,127,3.0,3.5,1.5
1783351041501,2026-07-06 17:17:21.501,C3:00:00:63:4D:09,-62,127,3.0,3.5,1.5
1783351041505,2026-07-06 17:17:21.505,C3:00:00:63:4D:0D,-58,127,3.0,3.5,1.5
1783351041551,2026-07-06 17:17:21.551,C3:00:00:63:4C:D2,-53,127,3.0,3.5,1.5
1783351041558,2026-07-06 17:17:21.558,C3:00:00:63:4D:05,-58,127,3.0,3.5,1.5
1783351041569,2026-07-06 17:17:21.569,C3:00:00:63:4D:07,-58,127,3.0,3.5,1.5
1783351041595,2026-07-06 17:17:21.595,C3:00:00:63:4D:04,-58,127,3.0,3.5,1.5
1783351041598,2026-07-06 17:17:21.598,C3:00:00:63:4D:05,-58,127,3.0,3.5,1.5
1783351041614,2026-07-06 17:17:21.614,C3:00:00:63:4D:09,-62,127,3.0,3.5,1.5
1783351041618,2026-07-06 17:17:21.618,C3:00:00:63:4D:0D,-49,127,3.0,3.5,1.5
1783351041626,2026-07-06 17:17:21.626,C3:00:00:63:4C:D2,-61,127,3.0,3.5,1.5
1783351041650,2026-07-06 17:17:21.650,C3:00:00:63:4D:08,-60,127,3.0,3.5,1.5
1783351041664,2026-07-06 17:17:21.664,C3:00:00:63:4D:05,-55,127,3.0,3.5,1.5
1783351041667,2026-07-06 17:17:21.667,C3:00:00:63:4D:07,-54,127,3.0,3.5,1.5
1783351041678,2026-07-06 17:17:21.678,C3:00:00:63:4D:0A,-61,127,3.0,3.5,1.5
1783351041699,2026-07-06 17:17:21.699,C3:00:00:63:4D:04,-60,127,3.0,3.5,1.5
1783351041723,2026-07-06 17:17:21.723,C3:00:00:63:4D:09,-65,127,3.0,3.5,1.5
1783351041730,2026-07-06 17:17:21.730,C3:00:00:63:4D:0D,-58,127,3.0,3.5,1.5
1783351041733,2026-07-06 17:17:21.733,C3:00:00:63:4D:0A,-62,127,3.0,3.5,1.5
1783351041738,2026-07-06 17:17:21.738,C3:00:00:63:4C:D2,-60,127,3.0,3.5,1.5
1783351041761,2026-07-06 17:17:21.761,C3:00:00:63:4D:07,-57,127,3.0,3.5,1.5
1783351041773,2026-07-06 17:17:21.773,C3:00:00:63:4D:05,-58,127,3.0,3.5,1.5
1783351041790,2026-07-06 17:17:21.790,C3:00:00:63:4D:0A,-62,127,3.0,3.5,1.5
1783351041797,2026-07-06 17:17:21.797,C3:00:00:63:4D:04,-55,127,3.0,3.5,1.5
1783351041836,2026-07-06 17:17:21.836,C3:00:00:63:4D:0D,-49,127,3.0,3.5,1.5
1783351041842,2026-07-06 17:17:21.842,C3:00:00:63:4D:09,-62,127,3.0,3.5,1.5
1783351041848,2026-07-06 17:17:21.848,C3:00:00:63:4C:D2,-53,127,3.0,3.5,1.5
1783351041862,2026-07-06 17:17:21.862,C3:00:00:63:4D:0A,-62,127,3.0,3.5,1.5
1783351041872,2026-07-06 17:17:21.872,C3:00:00:63:4D:07,-58,127,3.0,3.5,1.5
1783351041874,2026-07-06 17:17:21.874,C3:00:00:63:4D:05,-58,127,3.0,3.5,1.5
1783351041876,2026-07-06 17:17:21.876,C3:00:00:63:4D:09,-62,127,3.0,3.5,1.5
1783351041883,2026-07-06 17:17:21.883,C3:00:00:63:4D:08,-65,127,3.0,3.5,1.5
1783351041888,2026-07-06 17:17:21.888,C3:00:00:63:4D:0A,-62,127,3.0,3.5,1.5
1783351041897,2026-07-06 17:17:21.897,C3:00:00:63:4D:07,-58,127,3.0,3.5,1.5
1783351041905,2026-07-06 17:17:21.905,C3:00:00:63:4D:08,-65,127,3.0,3.5,1.5
1783351041941,2026-07-06 17:17:21.941,C3:00:00:63:4D:0D,-57,127,3.0,3.5,1.5
1783351041952,2026-07-06 17:17:21.952,C3:00:00:63:4D:09,-66,127,3.0,3.5,1.5
1783351041958,2026-07-06 17:17:21.958,C3:00:00:63:4C:D2,-61,127,3.0,3.5,1.5
1783351041964,2026-07-06 17:17:21.964,C3:00:00:63:4D:07,-54,127,3.0,3.5,1.5
1783351041968,2026-07-06 17:17:21.968,C3:00:00:63:4D:05,-55,127,3.0,3.5,1.5
1783351042000,2026-07-06 17:17:22.000,C3:00:00:63:4D:0A,-61,127,3.0,3.5,1.5
1783351042005,2026-07-06 17:17:22.005,C3:00:00:63:4D:08,-61,127,3.0,3.5,1.5
1783351042008,2026-07-06 17:17:22.008,C3:00:00:63:4D:04,-59,127,3.0,3.5,1.5
1783351042055,2026-07-06 17:17:22.055,C3:00:00:63:4D:0D,-57,127,3.0,3.5,1.5
1783351042070,2026-07-06 17:17:22.070,C3:00:00:63:4D:07,-57,127,3.0,3.5,1.5
1783351042075,2026-07-06 17:17:22.075,C3:00:00:63:4C:D2,-60,127,3.0,3.5,1.5
1783351042080,2026-07-06 17:17:22.080,C3:00:00:63:4D:09,-62,127,3.0,3.5,1.5
1783351042118,2026-07-06 17:17:22.118,C3:00:00:63:4D:08,-56,127,3.0,3.5,1.5
1783351042159,2026-07-06 17:17:22.159,C3:00:00:63:4D:0D,-49,127,3.0,3.5,1.5
1783351042164,2026-07-06 17:17:22.164,C3:00:00:63:4D:09,-71,127,3.0,3.5,1.5
1783351042169,2026-07-06 17:17:22.169,C3:00:00:63:4C:D2,-53,127,3.0,3.5,1.5
1783351042174,2026-07-06 17:17:22.174,C3:00:00:63:4D:07,-58,127,3.0,3.5,1.5
1783351042177,2026-07-06 17:17:22.177,C3:00:00:63:4D:05,-58,127,3.0,3.5,1.5
1783351042182,2026-07-06 17:17:22.182,C3:00:00:63:4D:09,-63,127,3.0,3.5,1.5
1783351042190,2026-07-06 17:17:22.190,C3:00:00:63:4D:08,-71,127,3.0,3.5,1.5
1783351042206,2026-07-06 17:17:22.206,C3:00:00:63:4D:04,-56,127,3.0,3.5,1.5
1783351042209,2026-07-06 17:17:22.209,C3:00:00:63:4D:0A,-62,127,3.0,3.5,1.5
1783351042223,2026-07-06 17:17:22.223,C3:00:00:63:4D:04,-56,127,3.0,3.5,1.5
1783351042263,2026-07-06 17:17:22.263,C3:00:00:63:4D:0D,-57,127,3.0,3.5,1.5
1783351042272,2026-07-06 17:17:22.272,C3:00:00:63:4D:07,-54,127,3.0,3.5,1.5
1783351042277,2026-07-06 17:17:22.277,C3:00:00:63:4D:05,-55,127,3.0,3.5,1.5
1783351042309,2026-07-06 17:17:22.309,C3:00:00:63:4D:0A,-61,127,3.0,3.5,1.5
1783351042317,2026-07-06 17:17:22.317,C3:00:00:63:4D:04,-59,127,3.0,3.5,1.5
1783351042349,2026-07-06 17:17:22.349,C3:00:00:63:4D:08,-56,127,3.0,3.5,1.5
1783351042364,2026-07-06 17:17:22.364,C3:00:00:63:4D:07,-57,127,3.0,3.5,1.5
1783351042374,2026-07-06 17:17:22.374,C3:00:00:63:4D:0D,-58,127,3.0,3.5,1.5
1783351042378,2026-07-06 17:17:22.378,C3:00:00:63:4D:05,-59,127,3.0,3.5,1.5
1783351042383,2026-07-06 17:17:22.383,C3:00:00:63:4C:D2,-60,127,3.0,3.5,1.5
1783351042402,2026-07-06 17:17:22.402,C3:00:00:63:4D:09,-61,127,3.0,3.5,1.5
1783351042416,2026-07-06 17:17:22.416,C3:00:00:63:4D:04,-55,127,3.0,3.5,1.5
1783351042457,2026-07-06 17:17:22.457,C3:00:00:63:4D:08,-63,127,3.0,3.5,1.5
1783351042460,2026-07-06 17:17:22.460,C3:00:00:63:4D:07,-58,127,3.0,3.5,1.5
1783351042480,2026-07-06 17:17:22.480,C3:00:00:63:4D:0D,-49,127,3.0,3.5,1.5
1783351042521,2026-07-06 17:17:22.521,C3:00:00:63:4D:0A,-65,127,3.0,3.5,1.5
1783351042529,2026-07-06 17:17:22.529,C3:00:00:63:4D:04,-56,127,3.0,3.5,1.5
1783351042562,2026-07-06 17:17:22.562,C3:00:00:63:4D:07,-55,127,3.0,3.5,1.5
1783351042573,2026-07-06 17:17:22.573,C3:00:00:63:4D:08,-63,127,3.0,3.5,1.5
1783351042584,2026-07-06 17:17:22.584,C3:00:00:63:4D:05,-54,127,3.0,3.5,1.5
1783351042627,2026-07-06 17:17:22.627,C3:00:00:63:4D:0A,-61,127,3.0,3.5,1.5
1783351042631,2026-07-06 17:17:22.631,C3:00:00:63:4D:04,-55,127,3.0,3.5,1.5
1783351042637,2026-07-06 17:17:22.637,C3:00:00:63:4D:09,-60,127,3.0,3.5,1.5
1783351042663,2026-07-06 17:17:22.663,C3:00:00:63:4D:07,-58,127,3.0,3.5,1.5
1783351042699,2026-07-06 17:17:22.699,C3:00:00:63:4D:0D,-58,127,3.0,3.5,1.5
1783351042727,2026-07-06 17:17:22.727,C3:00:00:63:4D:04,-55,127,3.0,3.5,1.5
1783351042730,2026-07-06 17:17:22.730,C3:00:00:63:4D:09,-60,127,3.0,3.5,1.5
1783351042734,2026-07-06 17:17:22.734,C3:00:00:63:4D:0A,-64,127,3.0,3.5,1.5
1783351042744,2026-07-06 17:17:22.744,C3:00:00:63:4D:09,-60,127,3.0,3.5,1.5
1783351042794,2026-07-06 17:17:22.794,C3:00:00:63:4C:D2,-54,127,3.0,3.5,1.5
1783351042833,2026-07-06 17:17:22.833,C3:00:00:63:4D:0A,-60,127,3.0,3.5,1.5
1783351042864,2026-07-06 17:17:22.864,C3:00:00:63:4D:09,-67,127,3.0,3.5,1.5
1783351042870,2026-07-06 17:17:22.870,C3:00:00:63:4D:07,-54,127,3.0,3.5,1.5
1783351042882,2026-07-06 17:17:22.882,C3:00:00:63:4D:0A,-61,127,3.0,3.5,1.5
1783351042886,2026-07-06 17:17:22.886,C3:00:00:63:4D:05,-54,127,3.0,3.5,1.5
1783351042899,2026-07-06 17:17:22.899,C3:00:00:63:4C:D2,-60,127,3.0,3.5,1.5
1783351042908,2026-07-06 17:17:22.908,C3:00:00:63:4D:0D,-57,127,3.0,3.5,1.5
1783351042918,2026-07-06 17:17:22.918,C3:00:00:63:4D:08,-61,127,3.0,3.5,1.5
1783351042943,2026-07-06 17:17:22.943,C3:00:00:63:4D:0A,-63,127,3.0,3.5,1.5
1783351042950,2026-07-06 17:17:22.950,C3:00:00:63:4D:0D,-58,127,3.0,3.5,1.5
1783351042967,2026-07-06 17:17:22.967,C3:00:00:63:4D:09,-62,127,3.0,3.5,1.5
1783351042971,2026-07-06 17:17:22.971,C3:00:00:63:4D:0D,-65,127,3.0,3.5,1.5
1783351042984,2026-07-06 17:17:22.984,C3:00:00:63:4D:05,-60,127,3.0,3.5,1.5
1783351042988,2026-07-06 17:17:22.988,C3:00:00:63:4D:09,-61,127,3.0,3.5,1.5
1783351043012,2026-07-06 17:17:23.012,C3:00:00:63:4C:D2,-60,127,3.0,3.5,1.5
1783351043022,2026-07-06 17:17:23.022,C3:00:00:63:4D:0D,-58,127,3.0,3.5,1.5
1783351043032,2026-07-06 17:17:23.032,C3:00:00:63:4D:08,-67,127,3.0,3.5,1.5
1783351043040,2026-07-06 17:17:23.040,C3:00:00:63:4D:04,-56,127,3.0,3.5,1.5
1783351043046,2026-07-06 17:17:23.046,C3:00:00:63:4D:0A,-62,127,3.0,3.5,1.5
1783351043064,2026-07-06 17:17:23.064,C3:00:00:63:4D:07,-58,127,3.0,3.5,1.5
1783351043087,2026-07-06 17:17:23.087,C3:00:00:63:4D:05,-58,127,3.0,3.5,1.5
1783351043091,2026-07-06 17:17:23.091,C3:00:00:63:4D:09,-62,127,3.0,3.5,1.5
1783351043121,2026-07-06 17:17:23.121,C3:00:00:63:4C:D2,-54,127,3.0,3.5,1.5
1783351043131,2026-07-06 17:17:23.131,C3:00:00:63:4D:0D,-57,127,3.0,3.5,1.5
1783351043140,2026-07-06 17:17:23.140,C3:00:00:63:4D:04,-59,127,3.0,3.5,1.5
1783351043149,2026-07-06 17:17:23.149,C3:00:00:63:4D:08,-61,127,3.0,3.5,1.5
1783351043154,2026-07-06 17:17:23.154,C3:00:00:63:4D:0A,-61,127,3.0,3.5,1.5
1783351043163,2026-07-06 17:17:23.163,C3:00:00:63:4D:07,-54,127,3.0,3.5,1.5
1783351043179,2026-07-06 17:17:23.179,C3:00:00:63:4D:05,-54,127,3.0,3.5,1.5
1783351043191,2026-07-06 17:17:23.191,C3:00:00:63:4D:0D,-57,127,3.0,3.5,1.5
1783351043204,2026-07-06 17:17:23.204,C3:00:00:63:4D:09,-66,127,3.0,3.5,1.5
1783351043221,2026-07-06 17:17:23.221,C3:00:00:63:4C:D2,-60,127,3.0,3.5,1.5
1783351043241,2026-07-06 17:17:23.241,C3:00:00:63:4D:0D,-58,127,3.0,3.5,1.5
1783351043249,2026-07-06 17:17:23.249,C3:00:00:63:4D:04,-55,127,3.0,3.5,1.5
1783351043271,2026-07-06 17:17:23.271,C3:00:00:63:4D:07,-57,127,3.0,3.5,1.5
1783351043285,2026-07-06 17:17:23.285,C3:00:00:63:4D:05,-60,127,3.0,3.5,1.5
1783351043315,2026-07-06 17:17:23.315,C3:00:00:63:4D:09,-60,127,3.0,3.5,1.5
1783351043329,2026-07-06 17:17:23.329,C3:00:00:63:4C:D2,-53,127,3.0,3.5,1.5
1783351043338,2026-07-06 17:17:23.338,C3:00:00:63:4D:0D,-49,127,3.0,3.5,1.5
1783351043348,2026-07-06 17:17:23.348,C3:00:00:63:4D:04,-56,127,3.0,3.5,1.5
1783351043356,2026-07-06 17:17:23.356,C3:00:00:63:4D:07,-58,127,3.0,3.5,1.5
1783351043364,2026-07-06 17:17:23.364,C3:00:00:63:4D:0D,-49,127,3.0,3.5,1.5
1783351043378,2026-07-06 17:17:23.378,C3:00:00:63:4D:07,-58,127,3.0,3.5,1.5
1783351043391,2026-07-06 17:17:23.391,C3:00:00:63:4D:05,-55,127,3.0,3.5,1.5
1783351043431,2026-07-06 17:17:23.431,C3:00:00:63:4C:D2,-60,127,3.0,3.5,1.5
1783351043446,2026-07-06 17:17:23.446,C3:00:00:63:4D:04,-59,127,3.0,3.5,1.5
1783351043457,2026-07-06 17:17:23.457,C3:00:00:63:4D:0D,-57,127,3.0,3.5,1.5
1783351043464,2026-07-06 17:17:23.464,C3:00:00:63:4D:0A,-61,127,3.0,3.5,1.5
1783351043470,2026-07-06 17:17:23.470,C3:00:00:63:4D:08,-61,127,3.0,3.5,1.5
1783351043474,2026-07-06 17:17:23.474,C3:00:00:63:4D:07,-54,127,3.0,3.5,1.5
1783351043480,2026-07-06 17:17:23.480,C3:00:00:63:4D:05,-54,127,3.0,3.5,1.5
1783351043489,2026-07-06 17:17:23.489,C3:00:00:63:4D:08,-61,127,3.0,3.5,1.5
1783351043547,2026-07-06 17:17:23.547,C3:00:00:63:4C:D2,-60,127,3.0,3.5,1.5
1783351043554,2026-07-06 17:17:23.554,C3:00:00:63:4D:09,-60,127,3.0,3.5,1.5
1783351043558,2026-07-06 17:17:23.558,C3:00:00:63:4D:04,-55,127,3.0,3.5,1.5
1783351043569,2026-07-06 17:17:23.569,C3:00:00:63:4D:0D,-59,127,3.0,3.5,1.5
1783351043573,2026-07-06 17:17:23.573,C3:00:00:63:4D:07,-58,127,3.0,3.5,1.5
1783351043578,2026-07-06 17:17:23.578,C3:00:00:63:4D:05,-58,127,3.0,3.5,1.5
1783351043594,2026-07-06 17:17:23.594,C3:00:00:63:4D:05,-58,127,3.0,3.5,1.5
1783351043606,2026-07-06 17:17:23.606,C3:00:00:63:4D:08,-55,127,3.0,3.5,1.5
1783351043611,2026-07-06 17:17:23.611,C3:00:00:63:4D:05,-58,127,3.0,3.5,1.5
1783351043661,2026-07-06 17:17:23.661,C3:00:00:63:4D:04,-56,127,3.0,3.5,1.5
1783351043670,2026-07-06 17:17:23.670,C3:00:00:63:4D:07,-58,127,3.0,3.5,1.5
1783351043675,2026-07-06 17:17:23.675,C3:00:00:63:4D:09,-61,127,3.0,3.5,1.5
1783351043682,2026-07-06 17:17:23.682,C3:00:00:63:4D:0D,-49,127,3.0,3.5,1.5
1783351043684,2026-07-06 17:17:23.684,C3:00:00:63:4D:0A,-65,127,3.0,3.5,1.5
1783351043690,2026-07-06 17:17:23.690,C3:00:00:63:4D:05,-55,127,3.0,3.5,1.5
1783351043720,2026-07-06 17:17:23.720,C3:00:00:63:4D:08,-70,127,3.0,3.5,1.5
1783351043745,2026-07-06 17:17:23.745,C3:00:00:63:4D:04,-59,127,3.0,3.5,1.5
1783351043749,2026-07-06 17:17:23.749,C3:00:00:63:4C:D2,-60,127,3.0,3.5,1.5
1783351043766,2026-07-06 17:17:23.766,C3:00:00:63:4D:04,-59,127,3.0,3.5,1.5
1783351043772,2026-07-06 17:17:23.772,C3:00:00:63:4D:09,-67,127,3.0,3.5,1.5
1783351043778,2026-07-06 17:17:23.778,C3:00:00:63:4D:0D,-57,127,3.0,3.5,1.5
1783351043793,2026-07-06 17:17:23.793,C3:00:00:63:4D:05,-54,127,3.0,3.5,1.5
1783351043840,2026-07-06 17:17:23.840,C3:00:00:63:4D:08,-56,127,3.0,3.5,1.5
1783351043860,2026-07-06 17:17:23.860,C3:00:00:63:4C:D2,-60,127,3.0,3.5,1.5
1783351043864,2026-07-06 17:17:23.864,C3:00:00:63:4D:04,-55,127,3.0,3.5,1.5
1783351043868,2026-07-06 17:17:23.868,C3:00:00:63:4D:07,-57,127,3.0,3.5,1.5
1783351043871,2026-07-06 17:17:23.871,C3:00:00:63:4D:0A,-63,127,3.0,3.5,1.5
1783351043889,2026-07-06 17:17:23.889,C3:00:00:63:4D:0A,-62,127,3.0,3.5,1.5
1783351043893,2026-07-06 17:17:23.893,C3:00:00:63:4D:05,-60,127,3.0,3.5,1.5
1783351043905,2026-07-06 17:17:23.905,C3:00:00:63:4D:07,-57,127,3.0,3.5,1.5
1783351043935,2026-07-06 17:17:23.935,C3:00:00:63:4D:08,-67,127,3.0,3.5,1.5
1783351043959,2026-07-06 17:17:23.959,C3:00:00:63:4C:D2,-54,127,3.0,3.5,1.5
1783351043967,2026-07-06 17:17:23.967,C3:00:00:63:4D:07,-58,127,3.0,3.5,1.5
1783351043977,2026-07-06 17:17:23.977,C3:00:00:63:4D:04,-56,127,3.0,3.5,1.5
1783351043987,2026-07-06 17:17:23.987,C3:00:00:63:4D:0A,-62,127,3.0,3.5,1.5
1783351043994,2026-07-06 17:17:23.994,C3:00:00:63:4D:05,-58,127,3.0,3.5,1.5
1783351043998,2026-07-06 17:17:23.998,C3:00:00:63:4D:0D,-49,127,3.0,3.5,1.5
1783351044004,2026-07-06 17:17:24.004,C3:00:00:63:4D:09,-62,127,3.0,3.5,1.5
1783351044058,2026-07-06 17:17:24.058,C3:00:00:63:4D:07,-54,127,3.0,3.5,1.5
1783351044074,2026-07-06 17:17:24.074,C3:00:00:63:4D:04,-59,127,3.0,3.5,1.5
1783351044078,2026-07-06 17:17:24.078,C3:00:00:63:4D:08,-61,127,3.0,3.5,1.5
1783351044081,2026-07-06 17:17:24.081,C3:00:00:63:4C:D2,-60,127,3.0,3.5,1.5
1783351044119,2026-07-06 17:17:24.119,C3:00:00:63:4D:09,-67,127,3.0,3.5,1.5
1783351044161,2026-07-06 17:17:24.161,C3:00:00:63:4D:07,-57,127,3.0,3.5,1.5
1783351044169,2026-07-06 17:17:24.169,C3:00:00:63:4D:04,-55,127,3.0,3.5,1.5
1783351044174,2026-07-06 17:17:24.174,C3:00:00:63:4C:D2,-60,127,3.0,3.5,1.5
1783351044178,2026-07-06 17:17:24.178,C3:00:00:63:4D:08,-56,127,3.0,3.5,1.5
1783351044189,2026-07-06 17:17:24.189,C3:00:00:63:4D:05,-60,127,3.0,3.5,1.5
1783351044197,2026-07-06 17:17:24.197,C3:00:00:63:4D:0A,-63,127,3.0,3.5,1.5
1783351044205,2026-07-06 17:17:24.205,C3:00:00:63:4D:04,-56,127,3.0,3.5,1.5
1783351044224,2026-07-06 17:17:24.224,C3:00:00:63:4D:04,-62,127,3.0,3.5,1.5
1783351044236,2026-07-06 17:17:24.236,C3:00:00:63:4D:09,-62,127,3.0,3.5,1.5
1783351044269,2026-07-06 17:17:24.269,C3:00:00:63:4D:07,-58,127,3.0,3.5,1.5
1783351044278,2026-07-06 17:17:24.278,C3:00:00:63:4D:04,-56,127,3.0,3.5,1.5
1783351044286,2026-07-06 17:17:24.286,C3:00:00:63:4C:D2,-53,127,3.0,3.5,1.5
1783351044299,2026-07-06 17:17:24.299,C3:00:00:63:4D:05,-55,127,3.0,3.5,1.5
1783351044306,2026-07-06 17:17:24.306,C3:00:00:63:4D:0A,-64,127,3.0,3.5,1.5
1783351044325,2026-07-06 17:17:24.325,C3:00:00:63:4D:0D,-49,127,3.0,3.5,1.5
1783351044350,2026-07-06 17:17:24.350,C3:00:00:63:4D:09,-67,127,3.0,3.5,1.5
1783351044359,2026-07-06 17:17:24.359,C3:00:00:63:4D:07,-55,127,3.0,3.5,1.5
1783351044377,2026-07-06 17:17:24.377,C3:00:00:63:4D:04,-59,127,3.0,3.5,1.5
1783351044388,2026-07-06 17:17:24.388,C3:00:00:63:4C:D2,-60,127,3.0,3.5,1.5
1783351044398,2026-07-06 17:17:24.398,C3:00:00:63:4D:05,-54,127,3.0,3.5,1.5
1783351044412,2026-07-06 17:17:24.412,C3:00:00:63:4D:08,-62,127,3.0,3.5,1.5
1783351044453,2026-07-06 17:17:24.453,C3:00:00:63:4D:07,-64,127,3.0,3.5,1.5
1783351044457,2026-07-06 17:17:24.457,C3:00:00:63:4D:09,-60,127,3.0,3.5,1.5
1783351044465,2026-07-06 17:17:24.465,C3:00:00:63:4D:07,-58,127,3.0,3.5,1.5
1783351044481,2026-07-06 17:17:24.481,C3:00:00:63:4D:04,-55,127,3.0,3.5,1.5
1783351044493,2026-07-06 17:17:24.493,C3:00:00:63:4C:D2,-60,127,3.0,3.5,1.5
1783351044517,2026-07-06 17:17:24.517,C3:00:00:63:4D:0A,-63,127,3.0,3.5,1.5
1783351044527,2026-07-06 17:17:24.527,C3:00:00:63:4D:08,-55,127,3.0,3.5,1.5
1783351044540,2026-07-06 17:17:24.540,C3:00:00:63:4D:0D,-49,127,3.0,3.5,1.5
1783351044560,2026-07-06 17:17:24.560,C3:00:00:63:4D:07,-58,127,3.0,3.5,1.5
1783351044579,2026-07-06 17:17:24.579,C3:00:00:63:4D:09,-60,127,3.0,3.5,1.5
1783351044585,2026-07-06 17:17:24.585,C3:00:00:63:4D:04,-56,127,3.0,3.5,1.5
1783351044619,2026-07-06 17:17:24.619,C3:00:00:63:4D:0A,-65,127,3.0,3.5,1.5
1783351044642,2026-07-06 17:17:24.642,C3:00:00:63:4D:0D,-57,127,3.0,3.5,1.5
1783351044649,2026-07-06 17:17:24.649,C3:00:00:63:4D:08,-62,127,3.0,3.5,1.5
1783351044667,2026-07-06 17:17:24.667,C3:00:00:63:4D:07,-55,127,3.0,3.5,1.5
1783351044687,2026-07-06 17:17:24.687,C3:00:00:63:4D:04,-59,127,3.0,3.5,1.5
1783351044694,2026-07-06 17:17:24.694,C3:00:00:63:4D:09,-67,127,3.0,3.5,1.5
1783351044704,2026-07-06 17:17:24.704,C3:00:00:63:4D:05,-54,127,3.0,3.5,1.5
1783351044707,2026-07-06 17:17:24.707,C3:00:00:63:4C:D2,-60,127,3.0,3.5,1.5
1783351044723,2026-07-06 17:17:24.723,C3:00:00:63:4D:0A,-61,127,3.0,3.5,1.5
1783351044746,2026-07-06 17:17:24.746,C3:00:00:63:4D:0D,-59,127,3.0,3.5,1.5
1783351044757,2026-07-06 17:17:24.757,C3:00:00:63:4D:08,-55,127,3.0,3.5,1.5
1783351044773,2026-07-06 17:17:24.773,C3:00:00:63:4D:07,-58,127,3.0,3.5,1.5
1783351044791,2026-07-06 17:17:24.791,C3:00:00:63:4D:04,-54,127,3.0,3.5,1.5
1783351044805,2026-07-06 17:17:24.805,C3:00:00:63:4D:09,-60,127,3.0,3.5,1.5
1783351044810,2026-07-06 17:17:24.810,C3:00:00:63:4D:05,-58,127,3.0,3.5,1.5
1783351044813,2026-07-06 17:17:24.813,C3:00:00:63:4C:D2,-60,127,3.0,3.5,1.5
1783351044826,2026-07-06 17:17:24.826,C3:00:00:63:4D:0A,-64,127,3.0,3.5,1.5
1783351044861,2026-07-06 17:17:24.861,C3:00:00:63:4D:0D,-49,127,3.0,3.5,1.5
1783351044870,2026-07-06 17:17:24.870,C3:00:00:63:4D:07,-57,127,3.0,3.5,1.5
1783351044883,2026-07-06 17:17:24.883,C3:00:00:63:4D:05,-55,127,3.0,3.5,1.5
1783351044895,2026-07-06 17:17:24.895,C3:00:00:63:4D:04,-56,127,3.0,3.5,1.5
1783351044902,2026-07-06 17:17:24.902,C3:00:00:63:4D:05,-55,127,3.0,3.5,1.5
1783351044917,2026-07-06 17:17:24.917,C3:00:00:63:4C:D2,-53,127,3.0,3.5,1.5
1783351044921,2026-07-06 17:17:24.921,C3:00:00:63:4D:09,-60,127,3.0,3.5,1.5
1783351044930,2026-07-06 17:17:24.930,C3:00:00:63:4D:0A,-61,127,3.0,3.5,1.5
1783351044952,2026-07-06 17:17:24.952,C3:00:00:63:4D:0D,-57,127,3.0,3.5,1.5
1783351044964,2026-07-06 17:17:24.964,C3:00:00:63:4D:07,-55,127,3.0,3.5,1.5
1783351044971,2026-07-06 17:17:24.971,C3:00:00:63:4D:0D,-56,127,3.0,3.5,1.5
1783351044992,2026-07-06 17:17:24.992,C3:00:00:63:4D:08,-62,127,3.0,3.5,1.5
1783351044998,2026-07-06 17:17:24.998,C3:00:00:63:4D:04,-59,127,3.0,3.5,1.5
1783351045005,2026-07-06 17:17:25.005,C3:00:00:63:4D:05,-54,127,3.0,3.5,1.5
1783351045026,2026-07-06 17:17:25.026,C3:00:00:63:4C:D2,-60,127,3.0,3.5,1.5
1783351045031,2026-07-06 17:17:25.031,C3:00:00:63:4D:09,-67,127,3.0,3.5,1.5
1783351045046,2026-07-06 17:17:25.046,C3:00:00:63:4D:0A,-63,127,3.0,3.5,1.5
1783351045060,2026-07-06 17:17:25.060,C3:00:00:63:4D:07,-57,127,3.0,3.5,1.5
1783351045079,2026-07-06 17:17:25.079,C3:00:00:63:4D:0D,-58,127,3.0,3.5,1.5
1783351045101,2026-07-06 17:17:25.101,C3:00:00:63:4D:04,-55,127,3.0,3.5,1.5
1783351045131,2026-07-06 17:17:25.131,C3:00:00:63:4C:D2,-54,127,3.0,3.5,1.5
1783351045146,2026-07-06 17:17:25.146,C3:00:00:63:4D:0A,-62,127,3.0,3.5,1.5
1783351045152,2026-07-06 17:17:25.152,C3:00:00:63:4D:09,-62,127,3.0,3.5,1.5
1783351045169,2026-07-06 17:17:25.169,C3:00:00:63:4D:07,-58,127,3.0,3.5,1.5
1783351045181,2026-07-06 17:17:25.181,C3:00:00:63:4D:0D,-49,127,3.0,3.5,1.5
1783351045200,2026-07-06 17:17:25.200,C3:00:00:63:4D:04,-56,127,3.0,3.5,1.5
1783351045213,2026-07-06 17:17:25.213,C3:00:00:63:4D:05,-58,127,3.0,3.5,1.5
1783351045218,2026-07-06 17:17:25.218,C3:00:00:63:4D:08,-67,127,3.0,3.5,1.5
1783351045231,2026-07-06 17:17:25.231,C3:00:00:63:4C:D2,-60,127,3.0,3.5,1.5
1783351045248,2026-07-06 17:17:25.248,C3:00:00:63:4D:0A,-61,127,3.0,3.5,1.5
1783351045264,2026-07-06 17:17:25.264,C3:00:00:63:4D:09,-67,127,3.0,3.5,1.5
1783351045268,2026-07-06 17:17:25.268,C3:00:00:63:4D:07,-54,127,3.0,3.5,1.5
1783351045277,2026-07-06 17:17:25.277,C3:00:00:63:4D:05,-62,127,3.0,3.5,1.5
1783351045289,2026-07-06 17:17:25.289,C3:00:00:63:4D:0D,-57,127,3.0,3.5,1.5
1783351045333,2026-07-06 17:17:25.333,C3:00:00:63:4D:08,-56,127,3.0,3.5,1.5
1783351045337,2026-07-06 17:17:25.337,C3:00:00:63:4C:D2,-60,127,3.0,3.5,1.5
1783351045339,2026-07-06 17:17:25.339,C3:00:00:63:4D:0D,-58,127,3.0,3.5,1.5
1783351045356,2026-07-06 17:17:25.356,C3:00:00:63:4D:0A,-63,127,3.0,3.5,1.5
1783351045396,2026-07-06 17:17:25.396,C3:00:00:63:4D:0D,-58,127,3.0,3.5,1.5
1783351045416,2026-07-06 17:17:25.416,C3:00:00:63:4C:D2,-60,127,3.0,3.5,1.5
1783351045441,2026-07-06 17:17:25.441,C3:00:00:63:4D:0A,-70,127,3.0,3.5,1.5
1783351045456,2026-07-06 17:17:25.456,C3:00:00:63:4C:D2,-54,127,3.0,3.5,1.5
1783351045465,2026-07-06 17:17:25.465,C3:00:00:63:4D:0A,-62,127,3.0,3.5,1.5
1783351045479,2026-07-06 17:17:25.479,C3:00:00:63:4D:07,-58,127,3.0,3.5,1.5
1783351045488,2026-07-06 17:17:25.488,C3:00:00:63:4D:08,-67,127,3.0,3.5,1.5
1783351045493,2026-07-06 17:17:25.493,C3:00:00:63:4D:09,-62,127,3.0,3.5,1.5
1783351045504,2026-07-06 17:17:25.504,C3:00:00:63:4D:0D,-49,127,3.0,3.5,1.5
1783351045512,2026-07-06 17:17:25.512,C3:00:00:63:4D:04,-56,127,3.0,3.5,1.5
1783351045514,2026-07-06 17:17:25.514,C3:00:00:63:4D:05,-58,127,3.0,3.5,1.5
1783351045551,2026-07-06 17:17:25.551,C3:00:00:63:4C:D2,-60,127,3.0,3.5,1.5
1783351045559,2026-07-06 17:17:25.559,C3:00:00:63:4D:07,-54,127,3.0,3.5,1.5
1783351045565,2026-07-06 17:17:25.565,C3:00:00:63:4D:08,-61,127,3.0,3.5,1.5
1783351045580,2026-07-06 17:17:25.580,C3:00:00:63:4C:D2,-60,127,3.0,3.5,1.5
1783351045585,2026-07-06 17:17:25.585,C3:00:00:63:4D:05,-55,127,3.0,3.5,1.5
1783351045598,2026-07-06 17:17:25.598,C3:00:00:63:4D:09,-66,127,3.0,3.5,1.5
1783351045609,2026-07-06 17:17:25.609,C3:00:00:63:4D:05,-55,127,3.0,3.5,1.5
1783351045612,2026-07-06 17:17:25.612,C3:00:00:63:4D:04,-59,127,3.0,3.5,1.5
1783351045618,2026-07-06 17:17:25.618,C3:00:00:63:4D:0D,-57,127,3.0,3.5,1.5
1783351045628,2026-07-06 17:17:25.628,C3:00:00:63:4D:05,-60,127,3.0,3.5,1.5
1783351045665,2026-07-06 17:17:25.665,C3:00:00:63:4D:07,-57,127,3.0,3.5,1.5
1783351045668,2026-07-06 17:17:25.668,C3:00:00:63:4D:0A,-63,127,3.0,3.5,1.5
1783351045677,2026-07-06 17:17:25.677,C3:00:00:63:4D:08,-56,127,3.0,3.5,1.5
1783351045720,2026-07-06 17:17:25.720,C3:00:00:63:4D:0D,-58,127,3.0,3.5,1.5
1783351045745,2026-07-06 17:17:25.745,C3:00:00:63:4D:0A,-62,127,3.0,3.5,1.5
1783351045780,2026-07-06 17:17:25.780,C3:00:00:63:4D:0A,-62,127,3.0,3.5,1.5
1783351045812,2026-07-06 17:17:25.812,C3:00:00:63:4C:D2,-61,127,3.0,3.5,1.5
1783351045817,2026-07-06 17:17:25.817,C3:00:00:63:4D:05,-58,127,3.0,3.5,1.5
1783351045818,2026-07-06 17:17:25.818,C3:00:00:63:4D:04,-56,127,3.0,3.5,1.5
1783351045871,2026-07-06 17:17:25.871,C3:00:00:63:4C:D2,-60,127,3.0,3.5,1.5
1783351045876,2026-07-06 17:17:25.876,C3:00:00:63:4D:0A,-61,127,3.0,3.5,1.5
1783351045883,2026-07-06 17:17:25.883,C3:00:00:63:4D:09,-67,127,3.0,3.5,1.5
1783351045900,2026-07-06 17:17:25.900,C3:00:00:63:4D:0A,-61,127,3.0,3.5,1.5
1783351045929,2026-07-06 17:17:25.929,C3:00:00:63:4D:04,-59,127,3.0,3.5,1.5
1783351045934,2026-07-06 17:17:25.934,C3:00:00:63:4D:07,-54,127,3.0,3.5,1.5
1783351045937,2026-07-06 17:17:25.937,C3:00:00:63:4D:08,-56,127,3.0,3.5,1.5
1783351045944,2026-07-06 17:17:25.944,C3:00:00:63:4D:0D,-58,127,3.0,3.5,1.5
1783351045946,2026-07-06 17:17:25.946,C3:00:00:63:4D:09,-61,127,3.0,3.5,1.5
1783351045978,2026-07-06 17:17:25.978,C3:00:00:63:4C:D2,-61,127,3.0,3.5,1.5
1783351045986,2026-07-06 17:17:25.986,C3:00:00:63:4D:0A,-63,127,3.0,3.5,1.5
1783351046012,2026-07-06 17:17:26.012,C3:00:00:63:4D:05,-59,127,3.0,3.5,1.5
1783351046053,2026-07-06 17:17:26.053,C3:00:00:63:4D:0D,-49,127,3.0,3.5,1.5
1783351046063,2026-07-06 17:17:26.063,C3:00:00:63:4D:09,-62,127,3.0,3.5,1.5
1783351046070,2026-07-06 17:17:26.070,C3:00:00:63:4D:07,-58,127,3.0,3.5,1.5
1783351046083,2026-07-06 17:17:26.083,C3:00:00:63:4C:D2,-54,127,3.0,3.5,1.5
1783351046099,2026-07-06 17:17:26.099,C3:00:00:63:4C:D2,-54,127,3.0,3.5,1.5
1783351046113,2026-07-06 17:17:26.113,C3:00:00:63:4D:05,-55,127,3.0,3.5,1.5
1783351046129,2026-07-06 17:17:26.129,C3:00:00:63:4D:04,-59,127,3.0,3.5,1.5
1783351046134,2026-07-06 17:17:26.134,C3:00:00:63:4D:08,-62,127,3.0,3.5,1.5
1783351046150,2026-07-06 17:17:26.150,C3:00:00:63:4D:0D,-57,127,3.0,3.5,1.5
1783351046161,2026-07-06 17:17:26.161,C3:00:00:63:4D:07,-55,127,3.0,3.5,1.5
1783351046171,2026-07-06 17:17:26.171,C3:00:00:63:4D:09,-66,127,3.0,3.5,1.5
1783351046187,2026-07-06 17:17:26.187,C3:00:00:63:4C:D2,-60,127,3.0,3.5,1.5
1783351046192,2026-07-06 17:17:26.192,C3:00:00:63:4D:09,-74,127,3.0,3.5,1.5
1783351046206,2026-07-06 17:17:26.206,C3:00:00:63:4D:04,-59,127,3.0,3.5,1.5
1783351046210,2026-07-06 17:17:26.210,C3:00:00:63:4D:08,-69,127,3.0,3.5,1.5
1783351046211,2026-07-06 17:17:26.211,C3:00:00:63:4D:05,-54,127,3.0,3.5,1.5
1783351046229,2026-07-06 17:17:26.229,C3:00:00:63:4D:04,-55,127,3.0,3.5,1.5
1783351046262,2026-07-06 17:17:26.262,C3:00:00:63:4D:0D,-59,127,3.0,3.5,1.5
1783351046290,2026-07-06 17:17:26.290,C3:00:00:63:4D:09,-60,127,3.0,3.5,1.5
1783351046296,2026-07-06 17:17:26.296,C3:00:00:63:4C:D2,-61,127,3.0,3.5,1.5
1783351046302,2026-07-06 17:17:26.302,C3:00:00:63:4D:0A,-63,127,3.0,3.5,1.5
1783351046314,2026-07-06 17:17:26.314,C3:00:00:63:4D:05,-60,127,3.0,3.5,1.5
1783351046338,2026-07-06 17:17:26.338,C3:00:00:63:4D:04,-56,127,3.0,3.5,1.5
1783351046368,2026-07-06 17:17:26.368,C3:00:00:63:4D:07,-58,127,3.0,3.5,1.5
1783351046372,2026-07-06 17:17:26.372,C3:00:00:63:4D:08,-69,127,3.0,3.5,1.5
1783351046398,2026-07-06 17:17:26.398,C3:00:00:63:4D:09,-61,127,3.0,3.5,1.5
1783351046403,2026-07-06 17:17:26.403,C3:00:00:63:4C:D2,-53,127,3.0,3.5,1.5
1783351046409,2026-07-06 17:17:26.409,C3:00:00:63:4D:0A,-65,127,3.0,3.5,1.5
1783351046414,2026-07-06 17:17:26.414,C3:00:00:63:4D:05,-55,127,3.0,3.5,1.5
1783351046435,2026-07-06 17:17:26.435,C3:00:00:63:4D:04,-59,127,3.0,3.5,1.5
1783351046468,2026-07-06 17:17:26.468,C3:00:00:63:4D:07,-55,127,3.0,3.5,1.5
1783351046475,2026-07-06 17:17:26.475,C3:00:00:63:4D:0D,-57,127,3.0,3.5,1.5
1783351046486,2026-07-06 17:17:26.486,C3:00:00:63:4D:08,-62,127,3.0,3.5,1.5
1783351046514,2026-07-06 17:17:26.514,C3:00:00:63:4D:0A,-61,127,3.0,3.5,1.5
1783351046516,2026-07-06 17:17:26.516,C3:00:00:63:4C:D2,-60,127,3.0,3.5,1.5
1783351046518,2026-07-06 17:17:26.518,C3:00:00:63:4D:05,-54,127,3.0,3.5,1.5
1783351046566,2026-07-06 17:17:26.566,C3:00:00:63:4D:07,-58,127,3.0,3.5,1.5
1783351046586,2026-07-06 17:17:26.586,C3:00:00:63:4D:0D,-59,127,3.0,3.5,1.5
1783351046607,2026-07-06 17:17:26.607,C3:00:00:63:4D:08,-55,127,3.0,3.5,1.5
1783351046614,2026-07-06 17:17:26.614,C3:00:00:63:4D:0A,-62,127,3.0,3.5,1.5
1783351046619,2026-07-06 17:17:26.619,C3:00:00:63:4C:D2,-61,127,3.0,3.5,1.5
1783351046625,2026-07-06 17:17:26.625,C3:00:00:63:4D:05,-60,127,3.0,3.5,1.5
1783351046634,2026-07-06 17:17:26.634,C3:00:00:63:4D:09,-62,127,3.0,3.5,1.5
1783351046697,2026-07-06 17:17:26.697,C3:00:00:63:4D:0D,-49,127,3.0,3.5,1.5
1783351046723,2026-07-06 17:17:26.723,C3:00:00:63:4D:05,-58,127,3.0,3.5,1.5
1783351046727,2026-07-06 17:17:26.727,C3:00:00:63:4D:0A,-62,127,3.0,3.5,1.5
1783351046739,2026-07-06 17:17:26.739,C3:00:00:63:4D:09,-67,127,3.0,3.5,1.5
1783351046755,2026-07-06 17:17:26.755,C3:00:00:63:4D:04,-59,127,3.0,3.5,1.5
1783351046759,2026-07-06 17:17:26.759,C3:00:00:63:4D:09,-67,127,3.0,3.5,1.5
1783351046799,2026-07-06 17:17:26.799,C3:00:00:63:4D:0D,-57,127,3.0,3.5,1.5
1783351046818,2026-07-06 17:17:26.818,C3:00:00:63:4D:05,-55,127,3.0,3.5,1.5
1783351046825,2026-07-06 17:17:26.825,C3:00:00:63:4C:D2,-60,127,3.0,3.5,1.5
1783351046829,2026-07-06 17:17:26.829,C3:00:00:63:4D:08,-61,127,3.0,3.5,1.5
1783351046854,2026-07-06 17:17:26.854,C3:00:00:63:4D:04,-55,127,3.0,3.5,1.5
1783351046866,2026-07-06 17:17:26.866,C3:00:00:63:4D:07,-57,127,3.0,3.5,1.5
1783351046884,2026-07-06 17:17:26.884,C3:00:00:63:4D:0A,-64,127,3.0,3.5,1.5
1783351046915,2026-07-06 17:17:26.915,C3:00:00:63:4D:0D,-58,127,3.0,3.5,1.5
1783351046927,2026-07-06 17:17:26.927,C3:00:00:63:4D:05,-60,127,3.0,3.5,1.5
1783351046934,2026-07-06 17:17:26.934,C3:00:00:63:4C:D2,-54,127,3.0,3.5,1.5
1783351046944,2026-07-06 17:17:26.944,C3:00:00:63:4D:08,-68,127,3.0,3.5,1.5
1783351046952,2026-07-06 17:17:26.952,C3:00:00:63:4D:04,-56,127,3.0,3.5,1.5
1783351046961,2026-07-06 17:17:26.961,C3:00:00:63:4D:0D,-49,127,3.0,3.5,1.5
1783351046963,2026-07-06 17:17:26.963,C3:00:00:63:4D:07,-58,127,3.0,3.5,1.5
1783351046971,2026-07-06 17:17:26.971,C3:00:00:63:4D:09,-62,127,3.0,3.5,1.5
1783351046973,2026-07-06 17:17:26.973,C3:00:00:63:4D:0D,-57,127,3.0,3.5,1.5
1783351046990,2026-07-06 17:17:26.990,C3:00:00:63:4D:09,-63,127,3.0,3.5,1.5
1783351047020,2026-07-06 17:17:27.020,C3:00:00:63:4D:0D,-49,127,3.0,3.5,1.5
1783351047026,2026-07-06 17:17:27.026,C3:00:00:63:4D:05,-58,127,3.0,3.5,1.5
1783351047036,2026-07-06 17:17:27.036,C3:00:00:63:4D:0A,-61,127,3.0,3.5,1.5
1783351047042,2026-07-06 17:17:27.042,C3:00:00:63:4C:D2,-60,127,3.0,3.5,1.5
1783351047065,2026-07-06 17:17:27.065,C3:00:00:63:4D:08,-61,127,3.0,3.5,1.5
1783351047072,2026-07-06 17:17:27.072,C3:00:00:63:4D:07,-54,127,3.0,3.5,1.5
1783351047085,2026-07-06 17:17:27.085,C3:00:00:63:4D:09,-67,127,3.0,3.5,1.5
1783351047121,2026-07-06 17:17:27.121,C3:00:00:63:4D:0D,-57,127,3.0,3.5,1.5
1783351047128,2026-07-06 17:17:27.128,C3:00:00:63:4D:05,-55,127,3.0,3.5,1.5
1783351047138,2026-07-06 17:17:27.138,C3:00:00:63:4D:0A,-63,127,3.0,3.5,1.5
1783351047144,2026-07-06 17:17:27.144,C3:00:00:63:4C:D2,-61,127,3.0,3.5,1.5
1783351047164,2026-07-06 17:17:27.164,C3:00:00:63:4D:04,-55,127,3.0,3.5,1.5
1783351047175,2026-07-06 17:17:27.175,C3:00:00:63:4D:07,-57,127,3.0,3.5,1.5
1783351047177,2026-07-06 17:17:27.177,C3:00:00:63:4D:08,-56,127,3.0,3.5,1.5
1783351047210,2026-07-06 17:17:27.210,C3:00:00:63:4D:0D,-58,127,3.0,3.5,1.5
1783351047228,2026-07-06 17:17:27.228,C3:00:00:63:4D:05,-60,127,3.0,3.5,1.5
1783351047238,2026-07-06 17:17:27.238,C3:00:00:63:4D:0D,-49,127,3.0,3.5,1.5
1783351047251,2026-07-06 17:17:27.251,C3:00:00:63:4D:0A,-62,127,3.0,3.5,1.5
1783351047256,2026-07-06 17:17:27.256,C3:00:00:63:4C:D2,-54,127,3.0,3.5,1.5
1783351047263,2026-07-06 17:17:27.263,C3:00:00:63:4D:04,-56,127,3.0,3.5,1.5
1783351047268,2026-07-06 17:17:27.268,C3:00:00:63:4D:07,-58,127,3.0,3.5,1.5
1783351047284,2026-07-06 17:17:27.284,C3:00:00:63:4D:08,-68,127,3.0,3.5,1.5
1783351047314,2026-07-06 17:17:27.314,C3:00:00:63:4D:09,-61,127,3.0,3.5,1.5
1783351047324,2026-07-06 17:17:27.324,C3:00:00:63:4D:05,-55,127,3.0,3.5,1.5
1783351047345,2026-07-06 17:17:27.345,C3:00:00:63:4D:0D,-57,127,3.0,3.5,1.5
1783351047359,2026-07-06 17:17:27.359,C3:00:00:63:4D:0A,-61,127,3.0,3.5,1.5
1783351047364,2026-07-06 17:17:27.364,C3:00:00:63:4C:D2,-60,127,3.0,3.5,1.5
1783351047369,2026-07-06 17:17:27.369,C3:00:00:63:4D:07,-55,127,3.0,3.5,1.5
1783351047371,2026-07-06 17:17:27.371,C3:00:00:63:4D:0D,-57,127,3.0,3.5,1.5
1783351047376,2026-07-06 17:17:27.376,C3:00:00:63:4D:07,-55,127,3.0,3.5,1.5
1783351047391,2026-07-06 17:17:27.391,C3:00:00:63:4D:07,-54,127,3.0,3.5,1.5
1783351047401,2026-07-06 17:17:27.401,C3:00:00:63:4D:08,-62,127,3.0,3.5,1.5
1783351047419,2026-07-06 17:17:27.419,C3:00:00:63:4D:09,-67,127,3.0,3.5,1.5
1783351047451,2026-07-06 17:17:27.451,C3:00:00:63:4D:0D,-59,127,3.0,3.5,1.5
1783351047459,2026-07-06 17:17:27.459,C3:00:00:63:4C:D2,-60,127,3.0,3.5,1.5
1783351047476,2026-07-06 17:17:27.476,C3:00:00:63:4D:07,-57,127,3.0,3.5,1.5
1783351047516,2026-07-06 17:17:27.516,C3:00:00:63:4D:08,-55,127,3.0,3.5,1.5
1783351047535,2026-07-06 17:17:27.535,C3:00:00:63:4D:05,-55,127,3.0,3.5,1.5
1783351047560,2026-07-06 17:17:27.560,C3:00:00:63:4D:0A,-65,127,3.0,3.5,1.5
1783351047565,2026-07-06 17:17:27.565,C3:00:00:63:4D:0D,-49,127,3.0,3.5,1.5
1783351047569,2026-07-06 17:17:27.569,C3:00:00:63:4C:D2,-53,127,3.0,3.5,1.5
1783351047576,2026-07-06 17:17:27.576,C3:00:00:63:4D:04,-56,127,3.0,3.5,1.5
1783351047585,2026-07-06 17:17:27.585,C3:00:00:63:4C:D2,-54,127,3.0,3.5,1.5
1783351047635,2026-07-06 17:17:27.635,C3:00:00:63:4D:08,-62,127,3.0,3.5,1.5
1783351047647,2026-07-06 17:17:27.647,C3:00:00:63:4D:05,-54,127,3.0,3.5,1.5
1783351047661,2026-07-06 17:17:27.661,C3:00:00:63:4D:0A,-61,127,3.0,3.5,1.5
1783351047679,2026-07-06 17:17:27.679,C3:00:00:63:4D:0D,-57,127,3.0,3.5,1.5
1783351047683,2026-07-06 17:17:27.683,C3:00:00:63:4C:D2,-60,127,3.0,3.5,1.5
1783351047691,2026-07-06 17:17:27.691,C3:00:00:63:4D:04,-59,127,3.0,3.5,1.5
1783351047732,2026-07-06 17:17:27.732,C3:00:00:63:4D:05,-58,127,3.0,3.5,1.5
1783351047743,2026-07-06 17:17:27.743,C3:00:00:63:4D:08,-56,127,3.0,3.5,1.5
1783351047750,2026-07-06 17:17:27.750,C3:00:00:63:4D:04,-55,127,3.0,3.5,1.5
1783351047763,2026-07-06 17:17:27.763,C3:00:00:63:4D:09,-60,127,3.0,3.5,1.5
1783351047767,2026-07-06 17:17:27.767,C3:00:00:63:4D:0A,-63,127,3.0,3.5,1.5
1783351047770,2026-07-06 17:17:27.770,C3:00:00:63:4D:07,-58,127,3.0,3.5,1.5
1783351047777,2026-07-06 17:17:27.777,C3:00:00:63:4C:D2,-60,127,3.0,3.5,1.5
1783351047871,2026-07-06 17:17:27.871,C3:00:00:63:4D:08,-70,127,3.0,3.5,1.5
1783351047874,2026-07-06 17:17:27.874,C3:00:00:63:4D:07,-58,127,3.0,3.5,1.5
1783351047878,2026-07-06 17:17:27.878,C3:00:00:63:4D:0A,-64,127,3.0,3.5,1.5
1783351047890,2026-07-06 17:17:27.890,C3:00:00:63:4D:04,-56,127,3.0,3.5,1.5
1783351047892,2026-07-06 17:17:27.892,C3:00:00:63:4D:0D,-49,127,3.0,3.5,1.5
1783351047893,2026-07-06 17:17:27.893,C3:00:00:63:4D:09,-61,127,3.0,3.5,1.5
1783351047900,2026-07-06 17:17:27.900,C3:00:00:63:4C:D2,-54,127,3.0,3.5,1.5
1783351047907,2026-07-06 17:17:27.907,C3:00:00:63:4D:09,-63,127,3.0,3.5,1.5
1783351047910,2026-07-06 17:17:27.910,C3:00:00:63:4D:0A,-62,127,3.0,3.5,1.5
1783351047971,2026-07-06 17:17:27.971,C3:00:00:63:4D:07,-55,127,3.0,3.5,1.5
1783351047976,2026-07-06 17:17:27.976,C3:00:00:63:4D:08,-62,127,3.0,3.5,1.5
1783351047983,2026-07-06 17:17:27.983,C3:00:00:63:4D:0A,-61,127,3.0,3.5,1.5
1783351047997,2026-07-06 17:17:27.997,C3:00:00:63:4C:D2,-60,127,3.0,3.5,1.5
1783351048000,2026-07-06 17:17:28.000,C3:00:00:63:4D:09,-67,127,3.0,3.5,1.5
1783351048030,2026-07-06 17:17:28.030,C3:00:00:63:4D:05,-54,127,3.0,3.5,1.5
1783351048088,2026-07-06 17:17:28.088,C3:00:00:63:4D:0A,-63,127,3.0,3.5,1.5
1783351048091,2026-07-06 17:17:28.091,C3:00:00:63:4C:D2,-60,127,3.0,3.5,1.5
1783351048094,2026-07-06 17:17:28.094,C3:00:00:63:4D:08,-55,127,3.0,3.5,1.5
1783351048102,2026-07-06 17:17:28.102,C3:00:00:63:4D:0D,-59,127,3.0,3.5,1.5
1783351048111,2026-07-06 17:17:28.111,C3:00:00:63:4C:D2,-60,127,3.0,3.5,1.5
1783351048116,2026-07-06 17:17:28.116,C3:00:00:63:4D:09,-60,127,3.0,3.5,1.5
1783351048128,2026-07-06 17:17:28.128,C3:00:00:63:4D:05,-55,127,3.0,3.5,1.5
1783351048165,2026-07-06 17:17:28.165,C3:00:00:63:4D:07,-58,127,3.0,3.5,1.5
1783351048194,2026-07-06 17:17:28.194,C3:00:00:63:4D:04,-56,127,3.0,3.5,1.5
1783351048204,2026-07-06 17:17:28.204,C3:00:00:63:4D:0D,-49,127,3.0,3.5,1.5
1783351048214,2026-07-06 17:17:28.214,C3:00:00:63:4C:D2,-53,127,3.0,3.5,1.5
1783351048217,2026-07-06 17:17:28.217,C3:00:00:63:4D:08,-67,127,3.0,3.5,1.5
1783351048221,2026-07-06 17:17:28.221,C3:00:00:63:4D:04,-57,127,3.0,3.5,1.5
1783351048234,2026-07-06 17:17:28.234,C3:00:00:63:4D:05,-55,127,3.0,3.5,1.5
1783351048238,2026-07-06 17:17:28.238,C3:00:00:63:4D:04,-67,127,3.0,3.5,1.5
1783351048262,2026-07-06 17:17:28.262,C3:00:00:63:4D:07,-54,127,3.0,3.5,1.5
1783351048314,2026-07-06 17:17:28.314,C3:00:00:63:4C:D2,-60,127,3.0,3.5,1.5
1783351048319,2026-07-06 17:17:28.319,C3:00:00:63:4D:08,-61,127,3.0,3.5,1.5
1783351048371,2026-07-06 17:17:28.371,C3:00:00:63:4D:07,-57,127,3.0,3.5,1.5
1783351048397,2026-07-06 17:17:28.397,C3:00:00:63:4D:04,-55,127,3.0,3.5,1.5
1783351048402,2026-07-06 17:17:28.402,C3:00:00:63:4D:0A,-62,127,3.0,3.5,1.5
1783351048423,2026-07-06 17:17:28.423,C3:00:00:63:4D:0D,-58,127,3.0,3.5,1.5
1783351048430,2026-07-06 17:17:28.430,C3:00:00:63:4C:D2,-61,127,3.0,3.5,1.5
1783351048450,2026-07-06 17:17:28.450,C3:00:00:63:4D:09,-62,127,3.0,3.5,1.5
1783351048461,2026-07-06 17:17:28.461,C3:00:00:63:4D:07,-58,127,3.0,3.5,1.5
1783351048481,2026-07-06 17:17:28.481,C3:00:00:63:4D:07,-65,127,3.0,3.5,1.5
1783351048497,2026-07-06 17:17:28.497,C3:00:00:63:4D:04,-56,127,3.0,3.5,1.5
1783351048514,2026-07-06 17:17:28.514,C3:00:00:63:4D:0A,-62,127,3.0,3.5,1.5
1783351048525,2026-07-06 17:17:28.525,C3:00:00:63:4C:D2,-54,127,3.0,3.5,1.5
1783351048532,2026-07-06 17:17:28.532,C3:00:00:63:4D:0D,-57,127,3.0,3.5,1.5
1783351048541,2026-07-06 17:17:28.541,C3:00:00:63:4D:05,-55,127,3.0,3.5,1.5
1783351048557,2026-07-06 17:17:28.557,C3:00:00:63:4D:08,-61,127,3.0,3.5,1.5
1783351048606,2026-07-06 17:17:28.606,C3:00:00:63:4D:04,-60,127,3.0,3.5,1.5
1783351048611,2026-07-06 17:17:28.611,C3:00:00:63:4D:0A,-61,127,3.0,3.5,1.5
1783351048634,2026-07-06 17:17:28.634,C3:00:00:63:4C:D2,-61,127,3.0,3.5,1.5
1783351048640,2026-07-06 17:17:28.640,C3:00:00:63:4D:05,-60,127,3.0,3.5,1.5
1783351048645,2026-07-06 17:17:28.645,C3:00:00:63:4D:0D,-58,127,3.0,3.5,1.5
1783351048664,2026-07-06 17:17:28.664,C3:00:00:63:4D:07,-57,127,3.0,3.5,1.5
1783351048673,2026-07-06 17:17:28.673,C3:00:00:63:4D:08,-56,127,3.0,3.5,1.5
1783351048678,2026-07-06 17:17:28.678,C3:00:00:63:4D:09,-61,127,3.0,3.5,1.5
1783351048708,2026-07-06 17:17:28.708,C3:00:00:63:4D:04,-55,127,3.0,3.5,1.5
1783351048711,2026-07-06 17:17:28.711,C3:00:00:63:4D:0A,-62,127,3.0,3.5,1.5
1783351048735,2026-07-06 17:17:28.735,C3:00:00:63:4C:D2,-54,127,3.0,3.5,1.5
1783351048763,2026-07-06 17:17:28.763,C3:00:00:63:4D:07,-58,127,3.0,3.5,1.5
1783351048768,2026-07-06 17:17:28.768,C3:00:00:63:4D:09,-62,127,3.0,3.5,1.5
1783351048783,2026-07-06 17:17:28.783,C3:00:00:63:4D:08,-67,127,3.0,3.5,1.5
1783351048796,2026-07-06 17:17:28.796,C3:00:00:63:4D:09,-62,127,3.0,3.5,1.5
1783351048808,2026-07-06 17:17:28.808,C3:00:00:63:4D:04,-56,127,3.0,3.5,1.5
1783351048824,2026-07-06 17:17:28.824,C3:00:00:63:4D:0A,-62,127,3.0,3.5,1.5
1783351048852,2026-07-06 17:17:28.852,C3:00:00:63:4D:0D,-57,127,3.0,3.5,1.5
1783351048872,2026-07-06 17:17:28.872,C3:00:00:63:4D:07,-54,127,3.0,3.5,1.5
1783351048878,2026-07-06 17:17:28.878,C3:00:00:63:4D:0A,-61,127,3.0,3.5,1.5
1783351048887,2026-07-06 17:17:28.887,C3:00:00:63:4D:05,-55,127,3.0,3.5,1.5
1783351048902,2026-07-06 17:17:28.902,C3:00:00:63:4D:08,-61,127,3.0,3.5,1.5
1783351048909,2026-07-06 17:17:28.909,C3:00:00:63:4D:09,-67,127,3.0,3.5,1.5
1783351048917,2026-07-06 17:17:28.917,C3:00:00:63:4D:04,-60,127,3.0,3.5,1.5
1783351048925,2026-07-06 17:17:28.925,C3:00:00:63:4D:0A,-61,127,3.0,3.5,1.5
1783351048942,2026-07-06 17:17:28.942,C3:00:00:63:4C:D2,-61,127,3.0,3.5,1.5
1783351048947,2026-07-06 17:17:28.947,C3:00:00:63:4D:05,-60,127,3.0,3.5,1.5
1783351048952,2026-07-06 17:17:28.952,C3:00:00:63:4D:0D,-58,127,3.0,3.5,1.5
1783351048968,2026-07-06 17:17:28.968,C3:00:00:63:4D:07,-57,127,3.0,3.5,1.5
1783351048976,2026-07-06 17:17:28.976,C3:00:00:63:4D:0D,-58,127,3.0,3.5,1.5
1783351049028,2026-07-06 17:17:29.028,C3:00:00:63:4D:09,-61,127,3.0,3.5,1.5
1783351049034,2026-07-06 17:17:29.034,C3:00:00:63:4D:0A,-62,127,3.0,3.5,1.5
1783351049048,2026-07-06 17:17:29.048,C3:00:00:63:4D:05,-58,127,3.0,3.5,1.5
1783351049057,2026-07-06 17:17:29.057,C3:00:00:63:4C:D2,-54,127,3.0,3.5,1.5
1783351049074,2026-07-06 17:17:29.074,C3:00:00:63:4D:07,-58,127,3.0,3.5,1.5
1783351049078,2026-07-06 17:17:29.078,C3:00:00:63:4D:0D,-49,127,3.0,3.5,1.5
1783351049116,2026-07-06 17:17:29.116,C3:00:00:63:4D:04,-56,127,3.0,3.5,1.5
1783351049135,2026-07-06 17:17:29.135,C3:00:00:63:4D:09,-66,127,3.0,3.5,1.5
1783351049140,2026-07-06 17:17:29.140,C3:00:00:63:4D:0A,-61,127,3.0,3.5,1.5
1783351049148,2026-07-06 17:17:29.148,C3:00:00:63:4D:05,-55,127,3.0,3.5,1.5
1783351049161,2026-07-06 17:17:29.161,C3:00:00:63:4D:07,-54,127,3.0,3.5,1.5
1783351049239,2026-07-06 17:17:29.239,C3:00:00:63:4D:0A,-62,127,3.0,3.5,1.5
1783351049244,2026-07-06 17:17:29.244,C3:00:00:63:4D:05,-59,127,3.0,3.5,1.5
1783351049250,2026-07-06 17:17:29.250,C3:00:00:63:4D:08,-56,127,3.0,3.5,1.5
1783351049261,2026-07-06 17:17:29.261,C3:00:00:63:4D:09,-61,127,3.0,3.5,1.5
1783351049269,2026-07-06 17:17:29.269,C3:00:00:63:4D:07,-57,127,3.0,3.5,1.5
1783351049279,2026-07-06 17:17:29.279,C3:00:00:63:4C:D2,-60,127,3.0,3.5,1.5
1783351049322,2026-07-06 17:17:29.322,C3:00:00:63:4D:04,-55,127,3.0,3.5,1.5
1783351049348,2026-07-06 17:17:29.348,C3:00:00:63:4D:0A,-62,127,3.0,3.5,1.5
1783351049351,2026-07-06 17:17:29.351,C3:00:00:63:4D:0D,-49,127,3.0,3.5,1.5
1783351049370,2026-07-06 17:17:29.370,C3:00:00:63:4D:07,-58,127,3.0,3.5,1.5
1783351049373,2026-07-06 17:17:29.373,C3:00:00:63:4D:09,-62,127,3.0,3.5,1.5
1783351049376,2026-07-06 17:17:29.376,C3:00:00:63:4C:D2,-54,127,3.0,3.5,1.5
1783351049396,2026-07-06 17:17:29.396,C3:00:00:63:4D:07,-58,127,3.0,3.5,1.5
1783351049424,2026-07-06 17:17:29.424,C3:00:00:63:4C:D2,-54,127,3.0,3.5,1.5
1783351049455,2026-07-06 17:17:29.455,C3:00:00:63:4D:05,-54,127,3.0,3.5,1.5
1783351049459,2026-07-06 17:17:29.459,C3:00:00:63:4D:0A,-69,127,3.0,3.5,1.5
1783351049467,2026-07-06 17:17:29.467,C3:00:00:63:4D:07,-54,127,3.0,3.5,1.5
1783351049473,2026-07-06 17:17:29.473,C3:00:00:63:4D:08,-61,127,3.0,3.5,1.5
1783351049484,2026-07-06 17:17:29.484,C3:00:00:63:4C:D2,-60,127,3.0,3.5,1.5
1783351049487,2026-07-06 17:17:29.487,C3:00:00:63:4D:0A,-61,127,3.0,3.5,1.5
1783351049500,2026-07-06 17:17:29.500,C3:00:00:63:4D:08,-61,127,3.0,3.5,1.5
1783351049505,2026-07-06 17:17:29.505,C3:00:00:63:4D:0D,-57,127,3.0,3.5,1.5
1783351049527,2026-07-06 17:17:29.527,C3:00:00:63:4D:04,-60,127,3.0,3.5,1.5
1783351049549,2026-07-06 17:17:29.549,C3:00:00:63:4D:05,-60,127,3.0,3.5,1.5
1783351049571,2026-07-06 17:17:29.571,C3:00:00:63:4C:D2,-61,127,3.0,3.5,1.5
1783351049593,2026-07-06 17:17:29.593,C3:00:00:63:4D:08,-56,127,3.0,3.5,1.5
1783351049595,2026-07-06 17:17:29.595,C3:00:00:63:4D:09,-61,127,3.0,3.5,1.5
1783351049598,2026-07-06 17:17:29.598,C3:00:00:63:4C:D2,-60,127,3.0,3.5,1.5
1783351049607,2026-07-06 17:17:29.607,C3:00:00:63:4D:0D,-58,127,3.0,3.5,1.5
1783351049618,2026-07-06 17:17:29.618,C3:00:00:63:4D:05,-60,127,3.0,3.5,1.5
1783351049632,2026-07-06 17:17:29.632,C3:00:00:63:4D:04,-56,127,3.0,3.5,1.5
1783351049640,2026-07-06 17:17:29.640,C3:00:00:63:4D:05,-58,127,3.0,3.5,1.5
1783351049669,2026-07-06 17:17:29.669,C3:00:00:63:4D:07,-58,127,3.0,3.5,1.5
1783351049697,2026-07-06 17:17:29.697,C3:00:00:63:4C:D2,-54,127,3.0,3.5,1.5
1783351049702,2026-07-06 17:17:29.702,C3:00:00:63:4D:08,-66,127,3.0,3.5,1.5
1783351049708,2026-07-06 17:17:29.708,C3:00:00:63:4D:09,-62,127,3.0,3.5,1.5
1783351049724,2026-07-06 17:17:29.724,C3:00:00:63:4D:0D,-49,127,3.0,3.5,1.5
1783351049740,2026-07-06 17:17:29.740,C3:00:00:63:4D:04,-60,127,3.0,3.5,1.5
1783351049746,2026-07-06 17:17:29.746,C3:00:00:63:4D:05,-54,127,3.0,3.5,1.5
1783351049752,2026-07-06 17:17:29.752,C3:00:00:63:4D:0A,-61,127,3.0,3.5,1.5
1783351049769,2026-07-06 17:17:29.769,C3:00:00:63:4D:07,-54,127,3.0,3.5,1.5
1783351049773,2026-07-06 17:17:29.773,C3:00:00:63:4D:0A,-61,127,3.0,3.5,1.5
1783351049796,2026-07-06 17:17:29.796,C3:00:00:63:4C:D2,-60,127,3.0,3.5,1.5
1783351049817,2026-07-06 17:17:29.817,C3:00:00:63:4D:09,-67,127,3.0,3.5,1.5
1783351049821,2026-07-06 17:17:29.821,C3:00:00:63:4C:D2,-67,127,3.0,3.5,1.5
1783351049827,2026-07-06 17:17:29.827,C3:00:00:63:4D:08,-61,127,3.0,3.5,1.5
1783351049834,2026-07-06 17:17:29.834,C3:00:00:63:4D:0D,-58,127,3.0,3.5,1.5
1783351049854,2026-07-06 17:17:29.854,C3:00:00:63:4D:05,-60,127,3.0,3.5,1.5
1783351049875,2026-07-06 17:17:29.875,C3:00:00:63:4D:0A,-62,127,3.0,3.5,1.5
1783351049895,2026-07-06 17:17:29.895,C3:00:00:63:4D:09,-61,127,3.0,3.5,1.5
1783351049900,2026-07-06 17:17:29.900,C3:00:00:63:4D:0A,-63,127,3.0,3.5,1.5
1783351049907,2026-07-06 17:17:29.907,C3:00:00:63:4C:D2,-61,127,3.0,3.5,1.5
1783351049917,2026-07-06 17:17:29.917,C3:00:00:63:4D:08,-56,127,3.0,3.5,1.5
1783351049932,2026-07-06 17:17:29.932,C3:00:00:63:4D:0D,-49,127,3.0,3.5,1.5
1783351049938,2026-07-06 17:17:29.938,C3:00:00:63:4D:09,-62,127,3.0,3.5,1.5
1783351049948,2026-07-06 17:17:29.948,C3:00:00:63:4D:04,-56,127,3.0,3.5,1.5
1783351049949,2026-07-06 17:17:29.949,C3:00:00:63:4D:08,-66,127,3.0,3.5,1.5
1783351049951,2026-07-06 17:17:29.951,C3:00:00:63:4D:05,-58,127,3.0,3.5,1.5
1783351049952,2026-07-06 17:17:29.952,C3:00:00:63:4D:07,-58,127,3.0,3.5,1.5
1783351049973,2026-07-06 17:17:29.973,C3:00:00:63:4D:07,-58,127,3.0,3.5,1.5
1783351049978,2026-07-06 17:17:29.978,C3:00:00:63:4D:0A,-62,127,3.0,3.5,1.5
1783351050056,2026-07-06 17:17:30.056,C3:00:00:63:4D:05,-54,127,3.0,3.5,1.5
1783351050067,2026-07-06 17:17:30.067,C3:00:00:63:4D:07,-55,127,3.0,3.5,1.5
1783351050109,2026-07-06 17:17:30.109,C3:00:00:63:4C:D2,-60,127,3.0,3.5,1.5
1783351050115,2026-07-06 17:17:30.115,C3:00:00:63:4D:04,-59,127,3.0,3.5,1.5
1783351050134,2026-07-06 17:17:30.134,C3:00:00:63:4C:D2,-61,127,3.0,3.5,1.5
1783351050150,2026-07-06 17:17:30.150,C3:00:00:63:4D:04,-55,127,3.0,3.5,1.5
1783351050156,2026-07-06 17:17:30.156,C3:00:00:63:4D:0D,-58,127,3.0,3.5,1.5
1783351050162,2026-07-06 17:17:30.162,C3:00:00:63:4D:05,-60,127,3.0,3.5,1.5
1783351050166,2026-07-06 17:17:30.166,C3:00:00:63:4D:07,-57,127,3.0,3.5,1.5
1783351050168,2026-07-06 17:17:30.168,C3:00:00:63:4D:08,-56,127,3.0,3.5,1.5
1783351050181,2026-07-06 17:17:30.181,C3:00:00:63:4D:09,-68,127,3.0,3.5,1.5
1783351050188,2026-07-06 17:17:30.188,C3:00:00:63:4D:0A,-62,127,3.0,3.5,1.5
1783351050215,2026-07-06 17:17:30.215,C3:00:00:63:4D:04,-56,127,3.0,3.5,1.5
1783351050221,2026-07-06 17:17:30.221,C3:00:00:63:4D:08,-64,127,3.0,3.5,1.5
1783351050256,2026-07-06 17:17:30.256,C3:00:00:63:4D:04,-56,127,3.0,3.5,1.5
1783351050280,2026-07-06 17:17:30.280,C3:00:00:63:4D:09,-62,127,3.0,3.5,1.5
1783351050285,2026-07-06 17:17:30.285,C3:00:00:63:4D:08,-66,127,3.0,3.5,1.5
1783351050289,2026-07-06 17:17:30.289,C3:00:00:63:4D:0A,-62,127,3.0,3.5,1.5
1783351050350,2026-07-06 17:17:30.350,C3:00:00:63:4D:04,-60,127,3.0,3.5,1.5
1783351050360,2026-07-06 17:17:30.360,C3:00:00:63:4D:07,-54,127,3.0,3.5,1.5
1783351050391,2026-07-06 17:17:30.391,C3:00:00:63:4D:09,-67,127,3.0,3.5,1.5
1783351050395,2026-07-06 17:17:30.395,C3:00:00:63:4D:08,-61,127,3.0,3.5,1.5
1783351050398,2026-07-06 17:17:30.398,C3:00:00:63:4D:0A,-61,127,3.0,3.5,1.5
1783351050431,2026-07-06 17:17:30.431,C3:00:00:63:4C:D2,-60,127,3.0,3.5,1.5
1783351050458,2026-07-06 17:17:30.458,C3:00:00:63:4D:04,-55,127,3.0,3.5,1.5
1783351050463,2026-07-06 17:17:30.463,C3:00:00:63:4D:05,-60,127,3.0,3.5,1.5
1783351050471,2026-07-06 17:17:30.471,C3:00:00:63:4D:07,-57,127,3.0,3.5,1.5
1783351050476,2026-07-06 17:17:30.476,C3:00:00:63:4D:0D,-58,127,3.0,3.5,1.5
1783351050502,2026-07-06 17:17:30.502,C3:00:00:63:4D:09,-61,127,3.0,3.5,1.5
1783351050507,2026-07-06 17:17:30.507,C3:00:00:63:4D:08,-56,127,3.0,3.5,1.5
1783351050534,2026-07-06 17:17:30.534,C3:00:00:63:4C:D2,-54,127,3.0,3.5,1.5
1783351050559,2026-07-06 17:17:30.559,C3:00:00:63:4D:07,-58,127,3.0,3.5,1.5
1783351050565,2026-07-06 17:17:30.565,C3:00:00:63:4D:05,-58,127,3.0,3.5,1.5
1783351050569,2026-07-06 17:17:30.569,C3:00:00:63:4D:04,-56,127,3.0,3.5,1.5
1783351050584,2026-07-06 17:17:30.584,C3:00:00:63:4D:0D,-49,127,3.0,3.5,1.5
1783351050602,2026-07-06 17:17:30.602,C3:00:00:63:4D:0A,-62,127,3.0,3.5,1.5
1783351050614,2026-07-06 17:17:30.614,C3:00:00:63:4D:09,-62,127,3.0,3.5,1.5
1783351050622,2026-07-06 17:17:30.622,C3:00:00:63:4D:08,-66,127,3.0,3.5,1.5
1783351050646,2026-07-06 17:17:30.646,C3:00:00:63:4C:D2,-60,127,3.0,3.5,1.5
1783351050671,2026-07-06 17:17:30.671,C3:00:00:63:4D:05,-54,127,3.0,3.5,1.5
1783351050676,2026-07-06 17:17:30.676,C3:00:00:63:4D:04,-59,127,3.0,3.5,1.5
1783351050694,2026-07-06 17:17:30.694,C3:00:00:63:4D:0D,-57,127,3.0,3.5,1.5
1783351050715,2026-07-06 17:17:30.715,C3:00:00:63:4D:0A,-61,127,3.0,3.5,1.5
1783351050734,2026-07-06 17:17:30.734,C3:00:00:63:4D:09,-60,127,3.0,3.5,1.5
1783351050742,2026-07-06 17:17:30.742,C3:00:00:63:4D:08,-55,127,3.0,3.5,1.5
1783351050757,2026-07-06 17:17:30.757,C3:00:00:63:4C:D2,-60,127,3.0,3.5,1.5
1783351050764,2026-07-06 17:17:30.764,C3:00:00:63:4D:04,-55,127,3.0,3.5,1.5
1783351050774,2026-07-06 17:17:30.774,C3:00:00:63:4D:09,-61,127,3.0,3.5,1.5
1783351050791,2026-07-06 17:17:30.791,C3:00:00:63:4D:0D,-58,127,3.0,3.5,1.5
1783351050815,2026-07-06 17:17:30.815,C3:00:00:63:4D:0A,-63,127,3.0,3.5,1.5
1783351050848,2026-07-06 17:17:30.848,C3:00:00:63:4D:09,-61,127,3.0,3.5,1.5
1783351050873,2026-07-06 17:17:30.873,C3:00:00:63:4D:04,-56,127,3.0,3.5,1.5
1783351050909,2026-07-06 17:17:30.909,C3:00:00:63:4D:0D,-49,127,3.0,3.5,1.5
1783351050914,2026-07-06 17:17:30.914,C3:00:00:63:4D:0A,-65,127,3.0,3.5,1.5
1783351050955,2026-07-06 17:17:30.955,C3:00:00:63:4D:0D,-57,127,3.0,3.5,1.5
1783351050959,2026-07-06 17:17:30.959,C3:00:00:63:4C:D2,-60,127,3.0,3.5,1.5
1783351050963,2026-07-06 17:17:30.963,C3:00:00:63:4D:05,-54,127,3.0,3.5,1.5
1783351050965,2026-07-06 17:17:30.965,C3:00:00:63:4D:07,-55,127,3.0,3.5,1.5
1783351050968,2026-07-06 17:17:30.968,C3:00:00:63:4D:08,-61,127,3.0,3.5,1.5
1783351050973,2026-07-06 17:17:30.973,C3:00:00:63:4D:04,-59,127,3.0,3.5,1.5
1783351050974,2026-07-06 17:17:30.974,C3:00:00:63:4D:09,-67,127,3.0,3.5,1.5
1783351051013,2026-07-06 17:17:31.013,C3:00:00:63:4D:0D,-57,127,3.0,3.5,1.5
1783351051025,2026-07-06 17:17:31.025,C3:00:00:63:4D:0A,-61,127,3.0,3.5,1.5
1783351051082,2026-07-06 17:17:31.082,C3:00:00:63:4D:08,-55,127,3.0,3.5,1.5
1783351051124,2026-07-06 17:17:31.124,C3:00:00:63:4D:0D,-58,127,3.0,3.5,1.5
1783351051127,2026-07-06 17:17:31.127,C3:00:00:63:4D:0A,-63,127,3.0,3.5,1.5
1783351051165,2026-07-06 17:17:31.165,C3:00:00:63:4D:05,-55,127,3.0,3.5,1.5
1783351051182,2026-07-06 17:17:31.182,C3:00:00:63:4D:04,-56,127,3.0,3.5,1.5
1783351051189,2026-07-06 17:17:31.189,C3:00:00:63:4D:09,-61,127,3.0,3.5,1.5
1783351051204,2026-07-06 17:17:31.204,C3:00:00:63:4D:08,-69,127,3.0,3.5,1.5
1783351051222,2026-07-06 17:17:31.222,C3:00:00:63:4D:0D,-50,127,3.0,3.5,1.5
1783351051232,2026-07-06 17:17:31.232,C3:00:00:63:4D:0A,-61,127,3.0,3.5,1.5
1783351051238,2026-07-06 17:17:31.238,C3:00:00:63:4D:0D,-57,127,3.0,3.5,1.5
1783351051261,2026-07-06 17:17:31.261,C3:00:00:63:4D:05,-54,127,3.0,3.5,1.5
1783351051265,2026-07-06 17:17:31.265,C3:00:00:63:4D:07,-55,127,3.0,3.5,1.5
1783351051280,2026-07-06 17:17:31.280,C3:00:00:63:4D:04,-59,127,3.0,3.5,1.5
1783351051282,2026-07-06 17:17:31.282,C3:00:00:63:4C:D2,-60,127,3.0,3.5,1.5
1783351051296,2026-07-06 17:17:31.296,C3:00:00:63:4D:09,-67,127,3.0,3.5,1.5
1783351051341,2026-07-06 17:17:31.341,C3:00:00:63:4D:0A,-63,127,3.0,3.5,1.5
1783351051344,2026-07-06 17:17:31.344,C3:00:00:63:4D:0D,-59,127,3.0,3.5,1.5
1783351051364,2026-07-06 17:17:31.364,C3:00:00:63:4D:0D,-58,127,3.0,3.5,1.5
1783351051366,2026-07-06 17:17:31.366,C3:00:00:63:4D:07,-58,127,3.0,3.5,1.5
1783351051370,2026-07-06 17:17:31.370,C3:00:00:63:4D:05,-58,127,3.0,3.5,1.5
1783351051385,2026-07-06 17:17:31.385,C3:00:00:63:4C:D2,-60,127,3.0,3.5,1.5
1783351051390,2026-07-06 17:17:31.390,C3:00:00:63:4D:04,-55,127,3.0,3.5,1.5
1783351051397,2026-07-06 17:17:31.397,C3:00:00:63:4D:07,-58,127,3.0,3.5,1.5
1783351051424,2026-07-06 17:17:31.424,C3:00:00:63:4D:08,-56,127,3.0,3.5,1.5
1783351051468,2026-07-06 17:17:31.468,C3:00:00:63:4D:05,-55,127,3.0,3.5,1.5
1783351051485,2026-07-06 17:17:31.485,C3:00:00:63:4D:04,-56,127,3.0,3.5,1.5
1783351051501,2026-07-06 17:17:31.501,C3:00:00:63:4C:D2,-53,127,3.0,3.5,1.5
1783351051531,2026-07-06 17:17:31.531,C3:00:00:63:4D:09,-67,127,3.0,3.5,1.5
1783351051539,2026-07-06 17:17:31.539,C3:00:00:63:4D:08,-62,127,3.0,3.5,1.5
1783351051557,2026-07-06 17:17:31.557,C3:00:00:63:4D:0A,-61,127,3.0,3.5,1.5
1783351051560,2026-07-06 17:17:31.560,C3:00:00:63:4D:0D,-57,127,3.0,3.5,1.5
1783351051565,2026-07-06 17:17:31.565,C3:00:00:63:4D:07,-54,127,3.0,3.5,1.5
1783351051571,2026-07-06 17:17:31.571,C3:00:00:63:4D:05,-54,127,3.0,3.5,1.5
1783351051579,2026-07-06 17:17:31.579,C3:00:00:63:4C:D2,-60,127,3.0,3.5,1.5
1783351051590,2026-07-06 17:17:31.590,C3:00:00:63:4D:04,-59,127,3.0,3.5,1.5
1783351051597,2026-07-06 17:17:31.597,C3:00:00:63:4C:D2,-60,127,3.0,3.5,1.5
1783351051637,2026-07-06 17:17:31.637,C3:00:00:63:4D:05,-58,127,3.0,3.5,1.5
1783351051649,2026-07-06 17:17:31.649,C3:00:00:63:4D:09,-60,127,3.0,3.5,1.5
1783351051663,2026-07-06 17:17:31.663,C3:00:00:63:4D:05,-59,127,3.0,3.5,1.5
1783351051667,2026-07-06 17:17:31.667,C3:00:00:63:4D:08,-55,127,3.0,3.5,1.5
1783351051679,2026-07-06 17:17:31.679,C3:00:00:63:4D:05,-59,127,3.0,3.5,1.5
1783351051693,2026-07-06 17:17:31.693,C3:00:00:63:4D:04,-55,127,3.0,3.5,1.5
1783351051697,2026-07-06 17:17:31.697,C3:00:00:63:4C:D2,-62,127,3.0,3.5,1.5
1783351051883,2026-07-06 17:17:31.883,C3:00:00:63:4D:0A,-61,127,3.0,3.5,1.5
1783351051913,2026-07-06 17:17:31.913,C3:00:00:63:4D:08,-61,127,3.0,3.5,1.5
1783351051947,2026-07-06 17:17:31.947,C3:00:00:63:4D:08,-56,127,3.0,3.5,1.5
1783351051990,2026-07-06 17:17:31.990,C3:00:00:63:4D:07,-58,127,3.0,3.5,1.5
1783351052022,2026-07-06 17:17:32.022,C3:00:00:63:4C:D2,-61,127,3.0,3.5,1.5
1783351052106,2026-07-06 17:17:32.106,C3:00:00:63:4D:04,-57,127,3.0,3.5,1.5
1783351052124,2026-07-06 17:17:32.124,C3:00:00:63:4D:08,-68,127,3.0,3.5,1.5
1783351052129,2026-07-06 17:17:32.129,C3:00:00:63:4C:D2,-54,127,3.0,3.5,1.5
1783351052134,2026-07-06 17:17:32.134,C3:00:00:63:4D:04,-60,127,3.0,3.5,1.5
1783351052199,2026-07-06 17:17:32.199,C3:00:00:63:4D:0D,-57,127,3.0,3.5,1.5
1783351052205,2026-07-06 17:17:32.205,C3:00:00:63:4D:04,-60,127,3.0,3.5,1.5
1783351052221,2026-07-06 17:17:32.221,C3:00:00:63:4D:09,-67,127,3.0,3.5,1.5
1783351052242,2026-07-06 17:17:32.242,C3:00:00:63:4D:04,-63,127,3.0,3.5,1.5
1783351052287,2026-07-06 17:17:32.287,C3:00:00:63:4D:0A,-62,127,3.0,3.5,1.5
1783351052308,2026-07-06 17:17:32.308,C3:00:00:63:4D:04,-55,127,3.0,3.5,1.5
1783351052312,2026-07-06 17:17:32.312,C3:00:00:63:4D:0D,-57,127,3.0,3.5,1.5
1783351052333,2026-07-06 17:17:32.333,C3:00:00:63:4D:09,-63,127,3.0,3.5,1.5
1783351052337,2026-07-06 17:17:32.337,C3:00:00:63:4C:D2,-54,127,3.0,3.5,1.5
1783351052357,2026-07-06 17:17:32.357,C3:00:00:63:4D:08,-69,127,3.0,3.5,1.5
1783351052374,2026-07-06 17:17:32.374,C3:00:00:63:4D:07,-58,127,3.0,3.5,1.5
1783351052378,2026-07-06 17:17:32.378,C3:00:00:63:4D:05,-58,127,3.0,3.5,1.5
1783351052394,2026-07-06 17:17:32.394,C3:00:00:63:4D:0A,-63,127,3.0,3.5,1.5
1783351052412,2026-07-06 17:17:32.412,C3:00:00:63:4D:0D,-50,127,3.0,3.5,1.5
1783351052416,2026-07-06 17:17:32.416,C3:00:00:63:4D:04,-56,127,3.0,3.5,1.5
1783351052437,2026-07-06 17:17:32.437,C3:00:00:63:4D:09,-67,127,3.0,3.5,1.5
1783351052443,2026-07-06 17:17:32.443,C3:00:00:63:4C:D2,-60,127,3.0,3.5,1.5
1783351052459,2026-07-06 17:17:32.459,C3:00:00:63:4D:07,-54,127,3.0,3.5,1.5
1783351052468,2026-07-06 17:17:32.468,C3:00:00:63:4D:08,-60,127,3.0,3.5,1.5
1783351052476,2026-07-06 17:17:32.476,C3:00:00:63:4D:05,-54,127,3.0,3.5,1.5
1783351052481,2026-07-06 17:17:32.481,C3:00:00:63:4D:07,-61,127,3.0,3.5,1.5
1783351052527,2026-07-06 17:17:32.527,C3:00:00:63:4D:0D,-55,127,3.0,3.5,1.5
1783351052548,2026-07-06 17:17:32.548,C3:00:00:63:4C:D2,-61,127,3.0,3.5,1.5
1783351052558,2026-07-06 17:17:32.558,C3:00:00:63:4D:09,-61,127,3.0,3.5,1.5
1783351052575,2026-07-06 17:17:32.575,C3:00:00:63:4D:07,-56,127,3.0,3.5,1.5
1783351052584,2026-07-06 17:17:32.584,C3:00:00:63:4D:05,-60,127,3.0,3.5,1.5
1783351052589,2026-07-06 17:17:32.589,C3:00:00:63:4D:08,-56,127,3.0,3.5,1.5
1783351052603,2026-07-06 17:17:32.603,C3:00:00:63:4D:0A,-62,127,3.0,3.5,1.5
1783351052627,2026-07-06 17:17:32.627,C3:00:00:63:4D:04,-55,127,3.0,3.5,1.5
1783351052635,2026-07-06 17:17:32.635,C3:00:00:63:4D:0D,-50,127,3.0,3.5,1.5
1783351052656,2026-07-06 17:17:32.656,C3:00:00:63:4C:D2,-54,127,3.0,3.5,1.5
1783351052661,2026-07-06 17:17:32.661,C3:00:00:63:4D:07,-58,127,3.0,3.5,1.5
1783351052677,2026-07-06 17:17:32.677,C3:00:00:63:4D:09,-63,127,3.0,3.5,1.5
1783351052681,2026-07-06 17:17:32.681,C3:00:00:63:4D:05,-58,127,3.0,3.5,1.5
1783351052689,2026-07-06 17:17:32.689,C3:00:00:63:4D:08,-69,127,3.0,3.5,1.5
1783351052711,2026-07-06 17:17:32.711,C3:00:00:63:4D:0A,-63,127,3.0,3.5,1.5
1783351052722,2026-07-06 17:17:32.722,C3:00:00:63:4D:04,-56,127,3.0,3.5,1.5
1783351052740,2026-07-06 17:17:32.740,C3:00:00:63:4D:0D,-55,127,3.0,3.5,1.5
1783351052761,2026-07-06 17:17:32.761,C3:00:00:63:4D:07,-54,127,3.0,3.5,1.5
1783351052809,2026-07-06 17:17:32.809,C3:00:00:63:4D:09,-67,127,3.0,3.5,1.5
1783351052832,2026-07-06 17:17:32.832,C3:00:00:63:4D:04,-55,127,3.0,3.5,1.5
1783351052850,2026-07-06 17:17:32.850,C3:00:00:63:4D:0D,-58,127,3.0,3.5,1.5
1783351052865,2026-07-06 17:17:32.865,C3:00:00:63:4D:07,-57,127,3.0,3.5,1.5
1783351052873,2026-07-06 17:17:32.873,C3:00:00:63:4C:D2,-60,127,3.0,3.5,1.5
1783351052879,2026-07-06 17:17:32.879,C3:00:00:63:4D:0A,-64,127,3.0,3.5,1.5
1783351052882,2026-07-06 17:17:32.882,C3:00:00:63:4D:05,-60,127,3.0,3.5,1.5
1783351052896,2026-07-06 17:17:32.896,C3:00:00:63:4D:09,-61,127,3.0,3.5,1.5
1783351052906,2026-07-06 17:17:32.906,C3:00:00:63:4D:05,-60,127,3.0,3.5,1.5
1783351052915,2026-07-06 17:17:32.915,C3:00:00:63:4D:0A,-62,127,3.0,3.5,1.5
1783351052926,2026-07-06 17:17:32.926,C3:00:00:63:4D:04,-55,127,3.0,3.5,1.5
1783351052955,2026-07-06 17:17:32.955,C3:00:00:63:4D:0D,-50,127,3.0,3.5,1.5
1783351052961,2026-07-06 17:17:32.961,C3:00:00:63:4D:07,-59,127,3.0,3.5,1.5
1783351052983,2026-07-06 17:17:32.983,C3:00:00:63:4D:05,-58,127,3.0,3.5,1.5
1783351053016,2026-07-06 17:17:33.016,C3:00:00:63:4D:09,-63,127,3.0,3.5,1.5
1783351053026,2026-07-06 17:17:33.026,C3:00:00:63:4D:0A,-63,127,3.0,3.5,1.5
1783351053030,2026-07-06 17:17:33.030,C3:00:00:63:4D:04,-60,127,3.0,3.5,1.5
1783351053040,2026-07-06 17:17:33.040,C3:00:00:63:4D:08,-59,127,3.0,3.5,1.5
1783351053075,2026-07-06 17:17:33.075,C3:00:00:63:4C:D2,-60,127,3.0,3.5,1.5
1783351053081,2026-07-06 17:17:33.081,C3:00:00:63:4D:05,-54,127,3.0,3.5,1.5
1783351053121,2026-07-06 17:17:33.121,C3:00:00:63:4D:0A,-59,127,3.0,3.5,1.5
1783351053135,2026-07-06 17:17:33.135,C3:00:00:63:4D:04,-55,127,3.0,3.5,1.5
1783351053149,2026-07-06 17:17:33.149,C3:00:00:63:4D:08,-56,127,3.0,3.5,1.5
1783351053165,2026-07-06 17:17:33.165,C3:00:00:63:4D:07,-56,127,3.0,3.5,1.5
1783351053176,2026-07-06 17:17:33.176,C3:00:00:63:4D:0D,-57,127,3.0,3.5,1.5
1783351053191,2026-07-06 17:17:33.191,C3:00:00:63:4C:D2,-61,127,3.0,3.5,1.5
1783351053228,2026-07-06 17:17:33.228,C3:00:00:63:4D:0A,-63,127,3.0,3.5,1.5
1783351053242,2026-07-06 17:17:33.242,C3:00:00:63:4D:04,-56,127,3.0,3.5,1.5
1783351053266,2026-07-06 17:17:33.266,C3:00:00:63:4D:07,-58,127,3.0,3.5,1.5
1783351053279,2026-07-06 17:17:33.279,C3:00:00:63:4D:0D,-50,127,3.0,3.5,1.5
1783351053284,2026-07-06 17:17:33.284,C3:00:00:63:4D:05,-58,127,3.0,3.5,1.5
1783351053296,2026-07-06 17:17:33.296,C3:00:00:63:4C:D2,-54,127,3.0,3.5,1.5
1783351053306,2026-07-06 17:17:33.306,C3:00:00:63:4D:05,-65,127,3.0,3.5,1.5
1783351053336,2026-07-06 17:17:33.336,C3:00:00:63:4D:0A,-59,127,3.0,3.5,1.5
1783351053339,2026-07-06 17:17:33.339,C3:00:00:63:4D:04,-60,127,3.0,3.5,1.5
1783351053352,2026-07-06 17:17:33.352,C3:00:00:63:4D:09,-68,127,3.0,3.5,1.5
1783351053358,2026-07-06 17:17:33.358,C3:00:00:63:4D:07,-54,127,3.0,3.5,1.5
1783351053367,2026-07-06 17:17:33.367,C3:00:00:63:4D:0D,-55,127,3.0,3.5,1.5
1783351053383,2026-07-06 17:17:33.383,C3:00:00:63:4D:05,-54,127,3.0,3.5,1.5
1783351053400,2026-07-06 17:17:33.400,C3:00:00:63:4C:D2,-60,127,3.0,3.5,1.5
1783351053409,2026-07-06 17:17:33.409,C3:00:00:63:4D:07,-55,127,3.0,3.5,1.5
1783351053427,2026-07-06 17:17:33.427,C3:00:00:63:4C:D2,-60,127,3.0,3.5,1.5
1783351053440,2026-07-06 17:17:33.440,C3:00:00:63:4D:0A,-63,127,3.0,3.5,1.5
1783351053446,2026-07-06 17:17:33.446,C3:00:00:63:4D:04,-55,127,3.0,3.5,1.5
1783351053462,2026-07-06 17:17:33.462,C3:00:00:63:4D:08,-55,127,3.0,3.5,1.5
1783351053467,2026-07-06 17:17:33.467,C3:00:00:63:4D:09,-61,127,3.0,3.5,1.5
1783351053470,2026-07-06 17:17:33.470,C3:00:00:63:4D:0A,-71,127,3.0,3.5,1.5
1783351053493,2026-07-06 17:17:33.493,C3:00:00:63:4D:05,-58,127,3.0,3.5,1.5
1783351053500,2026-07-06 17:17:33.500,C3:00:00:63:4D:0D,-58,127,3.0,3.5,1.5
1783351053502,2026-07-06 17:17:33.502,C3:00:00:63:4C:D2,-60,127,3.0,3.5,1.5
1783351053547,2026-07-06 17:17:33.547,C3:00:00:63:4D:04,-56,127,3.0,3.5,1.5
1783351053567,2026-07-06 17:17:33.567,C3:00:00:63:4D:07,-58,127,3.0,3.5,1.5
1783351053579,2026-07-06 17:17:33.579,C3:00:00:63:4C:D2,-54,127,3.0,3.5,1.5
1783351053586,2026-07-06 17:17:33.586,C3:00:00:63:4D:09,-61,127,3.0,3.5,1.5
1783351053593,2026-07-06 17:17:33.593,C3:00:00:63:4D:05,-55,127,3.0,3.5,1.5
1783351053606,2026-07-06 17:17:33.606,C3:00:00:63:4D:0D,-49,127,3.0,3.5,1.5
1783351053611,2026-07-06 17:17:33.611,C3:00:00:63:4C:D2,-53,127,3.0,3.5,1.5
1783351053614,2026-07-06 17:17:33.614,C3:00:00:63:4D:08,-75,127,3.0,3.5,1.5
1783351053645,2026-07-06 17:17:33.645,C3:00:00:63:4D:05,-57,127,3.0,3.5,1.5
1783351053649,2026-07-06 17:17:33.649,C3:00:00:63:4D:04,-60,127,3.0,3.5,1.5
1783351053663,2026-07-06 17:17:33.663,C3:00:00:63:4D:05,-54,127,3.0,3.5,1.5
1783351053669,2026-07-06 17:17:33.669,C3:00:00:63:4D:07,-54,127,3.0,3.5,1.5
1783351053690,2026-07-06 17:17:33.690,C3:00:00:63:4D:05,-54,127,3.0,3.5,1.5
1783351053696,2026-07-06 17:17:33.696,C3:00:00:63:4D:09,-68,127,3.0,3.5,1.5
1783351053711,2026-07-06 17:17:33.711,C3:00:00:63:4C:D2,-60,127,3.0,3.5,1.5
1783351053717,2026-07-06 17:17:33.717,C3:00:00:63:4D:0D,-55,127,3.0,3.5,1.5
1783351053726,2026-07-06 17:17:33.726,C3:00:00:63:4D:08,-60,127,3.0,3.5,1.5
1783351053749,2026-07-06 17:17:33.749,C3:00:00:63:4D:04,-55,127,3.0,3.5,1.5
1783351053769,2026-07-06 17:17:33.769,C3:00:00:63:4D:07,-56,127,3.0,3.5,1.5
1783351053784,2026-07-06 17:17:33.784,C3:00:00:63:4D:0A,-63,127,3.0,3.5,1.5
1783351053791,2026-07-06 17:17:33.791,C3:00:00:63:4D:05,-60,127,3.0,3.5,1.5
1783351053814,2026-07-06 17:17:33.814,C3:00:00:63:4D:09,-61,127,3.0,3.5,1.5
1783351053818,2026-07-06 17:17:33.818,C3:00:00:63:4D:0D,-57,127,3.0,3.5,1.5
1783351053821,2026-07-06 17:17:33.821,C3:00:00:63:4C:D2,-61,127,3.0,3.5,1.5
1783351053839,2026-07-06 17:17:33.839,C3:00:00:63:4C:D2,-61,127,3.0,3.5,1.5
1783351053857,2026-07-06 17:17:33.857,C3:00:00:63:4D:04,-56,127,3.0,3.5,1.5
1783351053863,2026-07-06 17:17:33.863,C3:00:00:63:4D:0A,-63,127,3.0,3.5,1.5
1783351053868,2026-07-06 17:17:33.868,C3:00:00:63:4D:07,-58,127,3.0,3.5,1.5
1783351053887,2026-07-06 17:17:33.887,C3:00:00:63:4D:05,-58,127,3.0,3.5,1.5
1783351053890,2026-07-06 17:17:33.890,C3:00:00:63:4D:0A,-63,127,3.0,3.5,1.5
1783351053898,2026-07-06 17:17:33.898,C3:00:00:63:4D:09,-63,127,3.0,3.5,1.5
1783351053920,2026-07-06 17:17:33.920,C3:00:00:63:4D:09,-63,127,3.0,3.5,1.5
1783351053922,2026-07-06 17:17:33.922,C3:00:00:63:4D:0D,-50,127,3.0,3.5,1.5
1783351053928,2026-07-06 17:17:33.928,C3:00:00:63:4C:D2,-54,127,3.0,3.5,1.5
1783351053957,2026-07-06 17:17:33.957,C3:00:00:63:4D:04,-60,127,3.0,3.5,1.5
1783351053960,2026-07-06 17:17:33.960,C3:00:00:63:4D:08,-60,127,3.0,3.5,1.5
1783351053967,2026-07-06 17:17:33.967,C3:00:00:63:4D:0A,-59,127,3.0,3.5,1.5
1783351053984,2026-07-06 17:17:33.984,C3:00:00:63:4D:05,-54,127,3.0,3.5,1.5
1783351053991,2026-07-06 17:17:33.991,C3:00:00:63:4D:07,-54,127,3.0,3.5,1.5
1783351054031,2026-07-06 17:17:34.031,C3:00:00:63:4D:0D,-57,127,3.0,3.5,1.5
1783351054036,2026-07-06 17:17:34.036,C3:00:00:63:4D:09,-62,127,3.0,3.5,1.5
1783351054059,2026-07-06 17:17:34.059,C3:00:00:63:4D:04,-55,127,3.0,3.5,1.5
1783351054063,2026-07-06 17:17:34.063,C3:00:00:63:4D:07,-56,127,3.0,3.5,1.5
1783351054069,2026-07-06 17:17:34.069,C3:00:00:63:4D:0A,-62,127,3.0,3.5,1.5
1783351054082,2026-07-06 17:17:34.082,C3:00:00:63:4D:08,-56,127,3.0,3.5,1.5
1783351054097,2026-07-06 17:17:34.097,C3:00:00:63:4D:05,-60,127,3.0,3.5,1.5
1783351054129,2026-07-06 17:17:34.129,C3:00:00:63:4D:04,-57,127,3.0,3.5,1.5
1783351054138,2026-07-06 17:17:34.138,C3:00:00:63:4C:D2,-54,127,3.0,3.5,1.5
1783351054142,2026-07-06 17:17:34.142,C3:00:00:63:4D:0D,-50,127,3.0,3.5,1.5
1783351054157,2026-07-06 17:17:34.157,C3:00:00:63:4D:09,-63,127,3.0,3.5,1.5
1783351054162,2026-07-06 17:17:34.162,C3:00:00:63:4D:07,-58,127,3.0,3.5,1.5
1783351054174,2026-07-06 17:17:34.174,C3:00:00:63:4D:0A,-63,127,3.0,3.5,1.5
1783351054197,2026-07-06 17:17:34.197,C3:00:00:63:4D:05,-58,127,3.0,3.5,1.5
1783351054201,2026-07-06 17:17:34.201,C3:00:00:63:4D:09,-70,127,3.0,3.5,1.5
1783351054221,2026-07-06 17:17:34.221,C3:00:00:63:4D:04,-56,127,3.0,3.5,1.5
1783351054243,2026-07-06 17:17:34.243,C3:00:00:63:4C:D2,-60,127,3.0,3.5,1.5
1783351054249,2026-07-06 17:17:34.249,C3:00:00:63:4D:0D,-55,127,3.0,3.5,1.5
1783351054264,2026-07-06 17:17:34.264,C3:00:00:63:4D:09,-68,127,3.0,3.5,1.5
1783351054269,2026-07-06 17:17:34.269,C3:00:00:63:4D:04,-60,127,3.0,3.5,1.5
1783351054275,2026-07-06 17:17:34.275,C3:00:00:63:4D:07,-54,127,3.0,3.5,1.5
1783351054280,2026-07-06 17:17:34.280,C3:00:00:63:4D:0A,-59,127,3.0,3.5,1.5
1783351054297,2026-07-06 17:17:34.297,C3:00:00:63:4D:05,-54,127,3.0,3.5,1.5
1783351054304,2026-07-06 17:17:34.304,C3:00:00:63:4D:08,-60,127,3.0,3.5,1.5
1783351054350,2026-07-06 17:17:34.350,C3:00:00:63:4C:D2,-61,127,3.0,3.5,1.5
1783351054373,2026-07-06 17:17:34.373,C3:00:00:63:4D:04,-55,127,3.0,3.5,1.5
1783351054380,2026-07-06 17:17:34.380,C3:00:00:63:4D:09,-62,127,3.0,3.5,1.5
1783351054390,2026-07-06 17:17:34.390,C3:00:00:63:4D:0A,-62,127,3.0,3.5,1.5
1783351054402,2026-07-06 17:17:34.402,C3:00:00:63:4D:05,-59,127,3.0,3.5,1.5
1783351054415,2026-07-06 17:17:34.415,C3:00:00:63:4D:08,-56,127,3.0,3.5,1.5
1783351054458,2026-07-06 17:17:34.458,C3:00:00:63:4C:D2,-54,127,3.0,3.5,1.5
1783351054470,2026-07-06 17:17:34.470,C3:00:00:63:4D:07,-58,127,3.0,3.5,1.5
1783351054474,2026-07-06 17:17:34.474,C3:00:00:63:4D:0D,-50,127,3.0,3.5,1.5
1783351054477,2026-07-06 17:17:34.477,C3:00:00:63:4D:04,-56,127,3.0,3.5,1.5
1783351054485,2026-07-06 17:17:34.485,C3:00:00:63:4D:0A,-65,127,3.0,3.5,1.5
1783351054498,2026-07-06 17:17:34.498,C3:00:00:63:4D:05,-55,127,3.0,3.5,1.5
1783351054560,2026-07-06 17:17:34.560,C3:00:00:63:4D:07,-55,127,3.0,3.5,1.5
1783351054564,2026-07-06 17:17:34.564,C3:00:00:63:4C:D2,-60,127,3.0,3.5,1.5
1783351054596,2026-07-06 17:17:34.596,C3:00:00:63:4D:05,-54,127,3.0,3.5,1.5
1783351054603,2026-07-06 17:17:34.603,C3:00:00:63:4D:0A,-61,127,3.0,3.5,1.5
1783351054607,2026-07-06 17:17:34.607,C3:00:00:63:4D:09,-68,127,3.0,3.5,1.5
1783351054644,2026-07-06 17:17:34.644,C3:00:00:63:4D:08,-56,127,3.0,3.5,1.5
1783351054664,2026-07-06 17:17:34.664,C3:00:00:63:4D:07,-57,127,3.0,3.5,1.5
1783351054671,2026-07-06 17:17:34.671,C3:00:00:63:4C:D2,-61,127,3.0,3.5,1.5
1783351054688,2026-07-06 17:17:34.688,C3:00:00:63:4D:0D,-58,127,3.0,3.5,1.5
1783351054690,2026-07-06 17:17:34.690,C3:00:00:63:4D:04,-55,127,3.0,3.5,1.5
1783351054724,2026-07-06 17:17:34.724,C3:00:00:63:4D:09,-61,127,3.0,3.5,1.5
1783351054763,2026-07-06 17:17:34.763,C3:00:00:63:4D:07,-58,127,3.0,3.5,1.5
1783351054782,2026-07-06 17:17:34.782,C3:00:00:63:4D:04,-56,127,3.0,3.5,1.5
1783351054788,2026-07-06 17:17:34.788,C3:00:00:63:4C:D2,-54,127,3.0,3.5,1.5
1783351054793,2026-07-06 17:17:34.793,C3:00:00:63:4D:0D,-49,127,3.0,3.5,1.5
1783351054807,2026-07-06 17:17:34.807,C3:00:00:63:4D:0A,-62,127,3.0,3.5,1.5
1783351054834,2026-07-06 17:17:34.834,C3:00:00:63:4D:09,-68,127,3.0,3.5,1.5
1783351054862,2026-07-06 17:17:34.862,C3:00:00:63:4D:07,-54,127,3.0,3.5,1.5
1783351054887,2026-07-06 17:17:34.887,C3:00:00:63:4D:04,-60,127,3.0,3.5,1.5
1783351054900,2026-07-06 17:17:34.900,C3:00:00:63:4D:0D,-57,127,3.0,3.5,1.5
1783351054905,2026-07-06 17:17:34.905,C3:00:00:63:4D:05,-54,127,3.0,3.5,1.5
1783351054907,2026-07-06 17:17:34.907,C3:00:00:63:4D:0A,-61,127,3.0,3.5,1.5
1783351054950,2026-07-06 17:17:34.950,C3:00:00:63:4D:09,-61,127,3.0,3.5,1.5
1783351054958,2026-07-06 17:17:34.958,C3:00:00:63:4D:07,-54,127,3.0,3.5,1.5
1783351054962,2026-07-06 17:17:34.962,C3:00:00:63:4D:0D,-58,127,3.0,3.5,1.5
1783351054986,2026-07-06 17:17:34.986,C3:00:00:63:4D:0D,-65,127,3.0,3.5,1.5
1783351054992,2026-07-06 17:17:34.992,C3:00:00:63:4C:D2,-60,127,3.0,3.5,1.5
1783351054996,2026-07-06 17:17:34.996,C3:00:00:63:4D:08,-56,127,3.0,3.5,1.5
1783351054997,2026-07-06 17:17:34.997,C3:00:00:63:4D:04,-55,127,3.0,3.5,1.5
1783351055007,2026-07-06 17:17:35.007,C3:00:00:63:4D:05,-59,127,3.0,3.5,1.5
1783351055009,2026-07-06 17:17:35.009,C3:00:00:63:4D:0D,-58,127,3.0,3.5,1.5
1783351055010,2026-07-06 17:17:35.010,C3:00:00:63:4D:0A,-62,127,3.0,3.5,1.5
1783351055089,2026-07-06 17:17:35.089,C3:00:00:63:4D:04,-56,127,3.0,3.5,1.5
1783351055096,2026-07-06 17:17:35.096,C3:00:00:63:4C:D2,-54,127,3.0,3.5,1.5
1783351055107,2026-07-06 17:17:35.107,C3:00:00:63:4D:05,-58,127,3.0,3.5,1.5
1783351055118,2026-07-06 17:17:35.118,C3:00:00:63:4D:08,-66,127,3.0,3.5,1.5
1783351055157,2026-07-06 17:17:35.157,C3:00:00:63:4D:07,-54,127,3.0,3.5,1.5
1783351055179,2026-07-06 17:17:35.179,C3:00:00:63:4D:09,-68,127,3.0,3.5,1.5
1783351055200,2026-07-06 17:17:35.200,C3:00:00:63:4D:04,-60,127,3.0,3.5,1.5
1783351055204,2026-07-06 17:17:35.204,C3:00:00:63:4D:05,-54,127,3.0,3.5,1.5
1783351055207,2026-07-06 17:17:35.207,C3:00:00:63:4C:D2,-60,127,3.0,3.5,1.5
1783351055216,2026-07-06 17:17:35.216,C3:00:00:63:4D:08,-61,127,3.0,3.5,1.5
1783351055217,2026-07-06 17:17:35.217,C3:00:00:63:4D:0D,-57,127,3.0,3.5,1.5
1783351055224,2026-07-06 17:17:35.224,C3:00:00:63:4D:0A,-61,127,3.0,3.5,1.5
1783351055241,2026-07-06 17:17:35.241,C3:00:00:63:4D:0D,-58,127,3.0,3.5,1.5
1783351055307,2026-07-06 17:17:35.307,C3:00:00:63:4C:D2,-61,127,3.0,3.5,1.5
1783351055314,2026-07-06 17:17:35.314,C3:00:00:63:4D:05,-59,127,3.0,3.5,1.5
1783351055330,2026-07-06 17:17:35.330,C3:00:00:63:4D:0A,-62,127,3.0,3.5,1.5
1783351055335,2026-07-06 17:17:35.335,C3:00:00:63:4D:0D,-49,127,3.0,3.5,1.5
1783351055344,2026-07-06 17:17:35.344,C3:00:00:63:4D:08,-66,127,3.0,3.5,1.5
1783351055367,2026-07-06 17:17:35.367,C3:00:00:63:4D:07,-58,127,3.0,3.5,1.5
1783351055373,2026-07-06 17:17:35.373,C3:00:00:63:4D:0D,-49,127,3.0,3.5,1.5
1783351055399,2026-07-06 17:17:35.399,C3:00:00:63:4D:04,-56,127,3.0,3.5,1.5
1783351055403,2026-07-06 17:17:35.403,C3:00:00:63:4D:09,-61,127,3.0,3.5,1.5
1783351055409,2026-07-06 17:17:35.409,C3:00:00:63:4D:07,-58,127,3.0,3.5,1.5
1783351055411,2026-07-06 17:17:35.411,C3:00:00:63:4D:05,-55,127,3.0,3.5,1.5
1783351055412,2026-07-06 17:17:35.412,C3:00:00:63:4C:D2,-53,127,3.0,3.5,1.5
1783351055423,2026-07-06 17:17:35.423,C3:00:00:63:4D:07,-58,127,3.0,3.5,1.5
1783351055432,2026-07-06 17:17:35.432,C3:00:00:63:4D:0A,-61,127,3.0,3.5,1.5
1783351055437,2026-07-06 17:17:35.437,C3:00:00:63:4D:0D,-57,127,3.0,3.5,1.5
1783351055451,2026-07-06 17:17:35.451,C3:00:00:63:4D:08,-62,127,3.0,3.5,1.5
1783351055470,2026-07-06 17:17:35.470,C3:00:00:63:4D:08,-61,127,3.0,3.5,1.5
1783351055509,2026-07-06 17:17:35.509,C3:00:00:63:4D:04,-60,127,3.0,3.5,1.5
1783351055515,2026-07-06 17:17:35.515,C3:00:00:63:4D:05,-54,127,3.0,3.5,1.5
1783351055520,2026-07-06 17:17:35.520,C3:00:00:63:4C:D2,-60,127,3.0,3.5,1.5
1783351055524,2026-07-06 17:17:35.524,C3:00:00:63:4D:09,-68,127,3.0,3.5,1.5
1783351055538,2026-07-06 17:17:35.538,C3:00:00:63:4D:0A,-63,127,3.0,3.5,1.5
1783351055548,2026-07-06 17:17:35.548,C3:00:00:63:4D:0D,-58,127,3.0,3.5,1.5
1783351055566,2026-07-06 17:17:35.566,C3:00:00:63:4D:07,-56,127,3.0,3.5,1.5
1783351055573,2026-07-06 17:17:35.573,C3:00:00:63:4D:08,-56,127,3.0,3.5,1.5
1783351055589,2026-07-06 17:17:35.589,C3:00:00:63:4C:D2,-61,127,3.0,3.5,1.5
1783351055631,2026-07-06 17:17:35.631,C3:00:00:63:4C:D2,-54,127,3.0,3.5,1.5
1783351055635,2026-07-06 17:17:35.635,C3:00:00:63:4D:09,-62,127,3.0,3.5,1.5
1783351055644,2026-07-06 17:17:35.644,C3:00:00:63:4D:0A,-62,127,3.0,3.5,1.5
1783351055664,2026-07-06 17:17:35.664,C3:00:00:63:4D:0D,-49,127,3.0,3.5,1.5
1783351055669,2026-07-06 17:17:35.669,C3:00:00:63:4D:07,-58,127,3.0,3.5,1.5
1783351055674,2026-07-06 17:17:35.674,C3:00:00:63:4D:05,-58,127,3.0,3.5,1.5
1783351055685,2026-07-06 17:17:35.685,C3:00:00:63:4D:08,-66,127,3.0,3.5,1.5
1783351055691,2026-07-06 17:17:35.691,C3:00:00:63:4D:05,-58,127,3.0,3.5,1.5
1783351055706,2026-07-06 17:17:35.706,C3:00:00:63:4D:05,-58,127,3.0,3.5,1.5
1783351055715,2026-07-06 17:17:35.715,C3:00:00:63:4D:04,-56,127,3.0,3.5,1.5
1783351055732,2026-07-06 17:17:35.732,C3:00:00:63:4C:D2,-60,127,3.0,3.5,1.5
1783351055746,2026-07-06 17:17:35.746,C3:00:00:63:4D:04,-60,127,3.0,3.5,1.5
1783351055751,2026-07-06 17:17:35.751,C3:00:00:63:4D:0A,-61,127,3.0,3.5,1.5
1783351055757,2026-07-06 17:17:35.757,C3:00:00:63:4D:09,-68,127,3.0,3.5,1.5
1783351055761,2026-07-06 17:17:35.761,C3:00:00:63:4D:07,-54,127,3.0,3.5,1.5
1783351055766,2026-07-06 17:17:35.766,C3:00:00:63:4D:0D,-57,127,3.0,3.5,1.5
1783351055795,2026-07-06 17:17:35.795,C3:00:00:63:4D:08,-61,127,3.0,3.5,1.5
1783351055814,2026-07-06 17:17:35.814,C3:00:00:63:4D:05,-54,127,3.0,3.5,1.5
1783351055818,2026-07-06 17:17:35.818,C3:00:00:63:4D:04,-60,127,3.0,3.5,1.5
1783351055836,2026-07-06 17:17:35.836,C3:00:00:63:4C:D2,-61,127,3.0,3.5,1.5
1783351055849,2026-07-06 17:17:35.849,C3:00:00:63:4D:0A,-62,127,3.0,3.5,1.5
1783351055862,2026-07-06 17:17:35.862,C3:00:00:63:4D:07,-57,127,3.0,3.5,1.5
1783351055867,2026-07-06 17:17:35.867,C3:00:00:63:4D:09,-61,127,3.0,3.5,1.5
1783351055873,2026-07-06 17:17:35.873,C3:00:00:63:4D:0D,-58,127,3.0,3.5,1.5
1783351055888,2026-07-06 17:17:35.888,C3:00:00:63:4D:0A,-63,127,3.0,3.5,1.5
1783351055904,2026-07-06 17:17:35.904,C3:00:00:63:4D:09,-61,127,3.0,3.5,1.5
1783351055911,2026-07-06 17:17:35.911,C3:00:00:63:4D:08,-56,127,3.0,3.5,1.5
1783351055915,2026-07-06 17:17:35.915,C3:00:00:63:4D:05,-60,127,3.0,3.5,1.5
1783351055918,2026-07-06 17:17:35.918,C3:00:00:63:4D:04,-55,127,3.0,3.5,1.5
1783351055926,2026-07-06 17:17:35.926,C3:00:00:63:4D:08,-66,127,3.0,3.5,1.5
1783351055944,2026-07-06 17:17:35.944,C3:00:00:63:4C:D2,-54,127,3.0,3.5,1.5
1783351055959,2026-07-06 17:17:35.959,C3:00:00:63:4D:07,-56,127,3.0,3.5,1.5
1783351055964,2026-07-06 17:17:35.964,C3:00:00:63:4D:0A,-62,127,3.0,3.5,1.5
1783351055975,2026-07-06 17:17:35.975,C3:00:00:63:4D:09,-62,127,3.0,3.5,1.5
1783351055984,2026-07-06 17:17:35.984,C3:00:00:63:4D:0D,-49,127,3.0,3.5,1.5
1783351056003,2026-07-06 17:17:36.003,C3:00:00:63:4D:07,-58,127,3.0,3.5,1.5
1783351056011,2026-07-06 17:17:36.011,C3:00:00:63:4D:05,-58,127,3.0,3.5,1.5
1783351056034,2026-07-06 17:17:36.034,C3:00:00:63:4D:04,-56,127,3.0,3.5,1.5
1783351056036,2026-07-06 17:17:36.036,C3:00:00:63:4D:08,-66,127,3.0,3.5,1.5
1783351056042,2026-07-06 17:17:36.042,C3:00:00:63:4C:D2,-60,127,3.0,3.5,1.5
1783351056062,2026-07-06 17:17:36.062,C3:00:00:63:4D:07,-54,127,3.0,3.5,1.5
1783351056088,2026-07-06 17:17:36.088,C3:00:00:63:4D:09,-68,127,3.0,3.5,1.5
1783351056115,2026-07-06 17:17:36.115,C3:00:00:63:4D:05,-54,127,3.0,3.5,1.5
1783351056124,2026-07-06 17:17:36.124,C3:00:00:63:4D:04,-60,127,3.0,3.5,1.5
1783351056141,2026-07-06 17:17:36.141,C3:00:00:63:4D:08,-56,127,3.0,3.5,1.5
1783351056153,2026-07-06 17:17:36.153,C3:00:00:63:4D:04,-55,127,3.0,3.5,1.5
1783351056160,2026-07-06 17:17:36.160,C3:00:00:63:4C:D2,-61,127,3.0,3.5,1.5
1783351056166,2026-07-06 17:17:36.166,C3:00:00:63:4D:07,-57,127,3.0,3.5,1.5
1783351056181,2026-07-06 17:17:36.181,C3:00:00:63:4D:0A,-62,127,3.0,3.5,1.5
1783351056184,2026-07-06 17:17:36.184,C3:00:00:63:4C:D2,-61,127,3.0,3.5,1.5
1783351056192,2026-07-06 17:17:36.192,C3:00:00:63:4D:0D,-58,127,3.0,3.5,1.5
1783351056207,2026-07-06 17:17:36.207,C3:00:00:63:4D:09,-61,127,3.0,3.5,1.5
1783351056214,2026-07-06 17:17:36.214,C3:00:00:63:4D:05,-60,127,3.0,3.5,1.5
1783351056218,2026-07-06 17:17:36.218,C3:00:00:63:4D:04,-56,127,3.0,3.5,1.5
1783351056241,2026-07-06 17:17:36.241,C3:00:00:63:4D:04,-64,127,3.0,3.5,1.5
1783351056254,2026-07-06 17:17:36.254,C3:00:00:63:4D:08,-66,127,3.0,3.5,1.5
1783351056277,2026-07-06 17:17:36.277,C3:00:00:63:4D:0A,-62,127,3.0,3.5,1.5
1783351056309,2026-07-06 17:17:36.309,C3:00:00:63:4D:0D,-49,127,3.0,3.5,1.5
1783351056316,2026-07-06 17:17:36.316,C3:00:00:63:4D:05,-58,127,3.0,3.5,1.5
1783351056321,2026-07-06 17:17:36.321,C3:00:00:63:4D:09,-62,127,3.0,3.5,1.5
1783351056334,2026-07-06 17:17:36.334,C3:00:00:63:4D:04,-60,127,3.0,3.5,1.5
1783351056357,2026-07-06 17:17:36.357,C3:00:00:63:4D:07,-54,127,3.0,3.5,1.5
1783351056371,2026-07-06 17:17:36.371,C3:00:00:63:4C:D2,-60,127,3.0,3.5,1.5
1783351056413,2026-07-06 17:17:36.413,C3:00:00:63:4D:0D,-57,127,3.0,3.5,1.5
1783351056419,2026-07-06 17:17:36.419,C3:00:00:63:4D:05,-54,127,3.0,3.5,1.5
1783351056430,2026-07-06 17:17:36.430,C3:00:00:63:4D:04,-55,127,3.0,3.5,1.5
1783351056435,2026-07-06 17:17:36.435,C3:00:00:63:4D:09,-61,127,3.0,3.5,1.5
1783351056466,2026-07-06 17:17:36.466,C3:00:00:63:4D:07,-57,127,3.0,3.5,1.5
1783351056472,2026-07-06 17:17:36.472,C3:00:00:63:4C:D2,-61,127,3.0,3.5,1.5
1783351056484,2026-07-06 17:17:36.484,C3:00:00:63:4D:07,-63,127,3.0,3.5,1.5
1783351056513,2026-07-06 17:17:36.513,C3:00:00:63:4D:05,-60,127,3.0,3.5,1.5
1783351056519,2026-07-06 17:17:36.519,C3:00:00:63:4D:0D,-58,127,3.0,3.5,1.5
1783351056531,2026-07-06 17:17:36.531,C3:00:00:63:4D:04,-56,127,3.0,3.5,1.5
1783351056548,2026-07-06 17:17:36.548,C3:00:00:63:4D:09,-62,127,3.0,3.5,1.5
1783351056565,2026-07-06 17:17:36.565,C3:00:00:63:4D:07,-58,127,3.0,3.5,1.5
1783351056584,2026-07-06 17:17:36.584,C3:00:00:63:4C:D2,-54,127,3.0,3.5,1.5
1783351056592,2026-07-06 17:17:36.592,C3:00:00:63:4D:0A,-62,127,3.0,3.5,1.5
1783351056602,2026-07-06 17:17:36.602,C3:00:00:63:4D:08,-66,127,3.0,3.5,1.5
1783351056618,2026-07-06 17:17:36.618,C3:00:00:63:4D:05,-58,127,3.0,3.5,1.5
1783351056642,2026-07-06 17:17:36.642,C3:00:00:63:4D:04,-59,127,3.0,3.5,1.5
1783351056660,2026-07-06 17:17:36.660,C3:00:00:63:4D:07,-54,127,3.0,3.5,1.5
1783351056666,2026-07-06 17:17:36.666,C3:00:00:63:4D:09,-66,127,3.0,3.5,1.5
1783351056686,2026-07-06 17:17:36.686,C3:00:00:63:4C:D2,-60,127,3.0,3.5,1.5
1783351056722,2026-07-06 17:17:36.722,C3:00:00:63:4D:05,-54,127,3.0,3.5,1.5
1783351056740,2026-07-06 17:17:36.740,C3:00:00:63:4D:0D,-57,127,3.0,3.5,1.5
1783351056745,2026-07-06 17:17:36.745,C3:00:00:63:4D:04,-55,127,3.0,3.5,1.5
1783351056760,2026-07-06 17:17:36.760,C3:00:00:63:4D:07,-57,127,3.0,3.5,1.5
1783351056776,2026-07-06 17:17:36.776,C3:00:00:63:4D:09,-61,127,3.0,3.5,1.5
1783351056795,2026-07-06 17:17:36.795,C3:00:00:63:4C:D2,-60,127,3.0,3.5,1.5
1783351056800,2026-07-06 17:17:36.800,C3:00:00:63:4D:0A,-63,127,3.0,3.5,1.5
1783351056811,2026-07-06 17:17:36.811,C3:00:00:63:4D:09,-61,127,3.0,3.5,1.5
1783351056819,2026-07-06 17:17:36.819,C3:00:00:63:4D:05,-58,127,3.0,3.5,1.5
1783351056836,2026-07-06 17:17:36.836,C3:00:00:63:4D:08,-64,127,3.0,3.5,1.5
1783351056839,2026-07-06 17:17:36.839,C3:00:00:63:4D:0D,-49,127,3.0,3.5,1.5
1783351056846,2026-07-06 17:17:36.846,C3:00:00:63:4D:04,-56,127,3.0,3.5,1.5
1783351056922,2026-07-06 17:17:36.922,C3:00:00:63:4D:05,-58,127,3.0,3.5,1.5
1783351056942,2026-07-06 17:17:36.942,C3:00:00:63:4D:08,-60,127,3.0,3.5,1.5
1783351056952,2026-07-06 17:17:36.952,C3:00:00:63:4D:04,-59,127,3.0,3.5,1.5
1783351056965,2026-07-06 17:17:36.965,C3:00:00:63:4D:07,-54,127,3.0,3.5,1.5
1783351056970,2026-07-06 17:17:36.970,C3:00:00:63:4D:0D,-58,127,3.0,3.5,1.5
1783351056997,2026-07-06 17:17:36.997,C3:00:00:63:4D:09,-66,127,3.0,3.5,1.5
1783351057005,2026-07-06 17:17:37.005,C3:00:00:63:4C:D2,-61,127,3.0,3.5,1.5
1783351057011,2026-07-06 17:17:37.011,C3:00:00:63:4D:0A,-61,127,3.0,3.5,1.5
1783351057023,2026-07-06 17:17:37.023,C3:00:00:63:4D:05,-54,127,3.0,3.5,1.5
1783351057051,2026-07-06 17:17:37.051,C3:00:00:63:4D:04,-55,127,3.0,3.5,1.5
1783351057054,2026-07-06 17:17:37.054,C3:00:00:63:4D:0D,-58,127,3.0,3.5,1.5
1783351057063,2026-07-06 17:17:37.063,C3:00:00:63:4D:08,-55,127,3.0,3.5,1.5
1783351057112,2026-07-06 17:17:37.112,C3:00:00:63:4D:0A,-62,127,3.0,3.5,1.5
1783351057114,2026-07-06 17:17:37.114,C3:00:00:63:4D:09,-61,127,3.0,3.5,1.5
1783351057128,2026-07-06 17:17:37.128,C3:00:00:63:4D:05,-55,127,3.0,3.5,1.5
1783351057161,2026-07-06 17:17:37.161,C3:00:00:63:4D:07,-58,127,3.0,3.5,1.5
1783351057168,2026-07-06 17:17:37.168,C3:00:00:63:4D:0D,-49,127,3.0,3.5,1.5
1783351057216,2026-07-06 17:17:37.216,C3:00:00:63:4C:D2,-53,127,3.0,3.5,1.5
1783351057219,2026-07-06 17:17:37.219,C3:00:00:63:4D:0A,-64,127,3.0,3.5,1.5
1783351057228,2026-07-06 17:17:37.228,C3:00:00:63:4D:05,-55,127,3.0,3.5,1.5
1783351057234,2026-07-06 17:17:37.234,C3:00:00:63:4D:09,-64,127,3.0,3.5,1.5
1783351057251,2026-07-06 17:17:37.251,C3:00:00:63:4D:04,-58,127,3.0,3.5,1.5
1783351057257,2026-07-06 17:17:37.257,C3:00:00:63:4D:07,-54,127,3.0,3.5,1.5
1783351057275,2026-07-06 17:17:37.275,C3:00:00:63:4D:0D,-57,127,3.0,3.5,1.5
1783351057294,2026-07-06 17:17:37.294,C3:00:00:63:4D:08,-61,127,3.0,3.5,1.5
1783351057314,2026-07-06 17:17:37.314,C3:00:00:63:4D:05,-62,127,3.0,3.5,1.5
1783351057323,2026-07-06 17:17:37.323,C3:00:00:63:4C:D2,-60,127,3.0,3.5,1.5
1783351057329,2026-07-06 17:17:37.329,C3:00:00:63:4D:0A,-61,127,3.0,3.5,1.5
1783351057356,2026-07-06 17:17:37.356,C3:00:00:63:4D:04,-54,127,3.0,3.5,1.5
1783351057360,2026-07-06 17:17:37.360,C3:00:00:63:4D:07,-57,127,3.0,3.5,1.5
1783351057383,2026-07-06 17:17:37.383,C3:00:00:63:4D:0D,-58,127,3.0,3.5,1.5
1783351057403,2026-07-06 17:17:37.403,C3:00:00:63:4D:0D,-58,127,3.0,3.5,1.5
1783351057408,2026-07-06 17:17:37.408,C3:00:00:63:4D:08,-56,127,3.0,3.5,1.5
1783351057423,2026-07-06 17:17:37.423,C3:00:00:63:4D:05,-58,127,3.0,3.5,1.5
1783351057429,2026-07-06 17:17:37.429,C3:00:00:63:4D:0A,-63,127,3.0,3.5,1.5
1783351057438,2026-07-06 17:17:37.438,C3:00:00:63:4D:07,-58,127,3.0,3.5,1.5
1783351057441,2026-07-06 17:17:37.441,C3:00:00:63:4C:D2,-54,127,3.0,3.5,1.5
1783351057449,2026-07-06 17:17:37.449,C3:00:00:63:4C:D2,-53,127,3.0,3.5,1.5
1783351057456,2026-07-06 17:17:37.456,C3:00:00:63:4D:09,-63,127,3.0,3.5,1.5
1783351057458,2026-07-06 17:17:37.458,C3:00:00:63:4D:08,-67,127,3.0,3.5,1.5
1783351057471,2026-07-06 17:17:37.471,C3:00:00:63:4D:0A,-70,127,3.0,3.5,1.5
1783351057521,2026-07-06 17:17:37.521,C3:00:00:63:4D:08,-67,127,3.0,3.5,1.5
1783351057530,2026-07-06 17:17:37.530,C3:00:00:63:4C:D2,-61,127,3.0,3.5,1.5
1783351057534,2026-07-06 17:17:37.534,C3:00:00:63:4D:0A,-61,127,3.0,3.5,1.5
1783351057561,2026-07-06 17:17:37.561,C3:00:00:63:4D:07,-54,127,3.0,3.5,1.5
1783351057573,2026-07-06 17:17:37.573,C3:00:00:63:4D:04,-59,127,3.0,3.5,1.5
1783351057587,2026-07-06 17:17:37.587,C3:00:00:63:4C:D2,-61,127,3.0,3.5,1.5
1783351057598,2026-07-06 17:17:37.598,C3:00:00:63:4D:0D,-56,127,3.0,3.5,1.5
1783351057625,2026-07-06 17:17:37.625,C3:00:00:63:4D:05,-55,127,3.0,3.5,1.5
1783351057631,2026-07-06 17:17:37.631,C3:00:00:63:4D:08,-56,127,3.0,3.5,1.5
1783351057633,2026-07-06 17:17:37.633,C3:00:00:63:4D:0A,-62,127,3.0,3.5,1.5
1783351057641,2026-07-06 17:17:37.641,C3:00:00:63:4C:D2,-60,127,3.0,3.5,1.5
1783351057669,2026-07-06 17:17:37.669,C3:00:00:63:4D:05,-58,127,3.0,3.5,1.5
1783351057672,2026-07-06 17:17:37.672,C3:00:00:63:4D:04,-55,127,3.0,3.5,1.5
1783351057685,2026-07-06 17:17:37.685,C3:00:00:63:4D:05,-58,127,3.0,3.5,1.5
1783351057706,2026-07-06 17:17:37.706,C3:00:00:63:4D:0D,-56,127,3.0,3.5,1.5
1783351057731,2026-07-06 17:17:37.731,C3:00:00:63:4D:05,-58,127,3.0,3.5,1.5
1783351057747,2026-07-06 17:17:37.747,C3:00:00:63:4D:0A,-63,127,3.0,3.5,1.5
1783351057751,2026-07-06 17:17:37.751,C3:00:00:63:4C:D2,-53,127,3.0,3.5,1.5
1783351057757,2026-07-06 17:17:37.757,C3:00:00:63:4D:08,-66,127,3.0,3.5,1.5
1783351057765,2026-07-06 17:17:37.765,C3:00:00:63:4D:07,-58,127,3.0,3.5,1.5
1783351057779,2026-07-06 17:17:37.779,C3:00:00:63:4D:04,-57,127,3.0,3.5,1.5
1783351057803,2026-07-06 17:17:37.803,C3:00:00:63:4D:09,-62,127,3.0,3.5,1.5
1783351057812,2026-07-06 17:17:37.812,C3:00:00:63:4D:0D,-49,127,3.0,3.5,1.5
1783351057827,2026-07-06 17:17:37.827,C3:00:00:63:4D:05,-55,127,3.0,3.5,1.5
1783351057840,2026-07-06 17:17:37.840,C3:00:00:63:4C:D2,-68,127,3.0,3.5,1.5
1783351057864,2026-07-06 17:17:37.864,C3:00:00:63:4D:07,-54,127,3.0,3.5,1.5
1783351057874,2026-07-06 17:17:37.874,C3:00:00:63:4D:04,-60,127,3.0,3.5,1.5
1783351057893,2026-07-06 17:17:37.893,C3:00:00:63:4D:0A,-61,127,3.0,3.5,1.5
1783351057900,2026-07-06 17:17:37.900,C3:00:00:63:4D:09,-65,127,3.0,3.5,1.5
1783351057917,2026-07-06 17:17:37.917,C3:00:00:63:4D:08,-61,127,3.0,3.5,1.5
1783351057936,2026-07-06 17:17:37.936,C3:00:00:63:4D:05,-58,127,3.0,3.5,1.5
1783351057969,2026-07-06 17:17:37.969,C3:00:00:63:4D:07,-57,127,3.0,3.5,1.5
1783351058010,2026-07-06 17:17:38.010,C3:00:00:63:4D:07,-57,127,3.0,3.5,1.5
1783351058031,2026-07-06 17:17:38.031,C3:00:00:63:4D:09,-62,127,3.0,3.5,1.5
1783351058038,2026-07-06 17:17:38.038,C3:00:00:63:4D:05,-58,127,3.0,3.5,1.5
1783351058060,2026-07-06 17:17:38.060,C3:00:00:63:4D:07,-58,127,3.0,3.5,1.5
1783351058064,2026-07-06 17:17:38.064,C3:00:00:63:4C:D2,-54,127,3.0,3.5,1.5
1783351058083,2026-07-06 17:17:38.083,C3:00:00:63:4D:04,-57,127,3.0,3.5,1.5
1783351058096,2026-07-06 17:17:38.096,C3:00:00:63:4D:08,-68,127,3.0,3.5,1.5
1783351058132,2026-07-06 17:17:38.132,C3:00:00:63:4D:05,-55,127,3.0,3.5,1.5
1783351058136,2026-07-06 17:17:38.136,C3:00:00:63:4D:0D,-57,127,3.0,3.5,1.5
1783351058140,2026-07-06 17:17:38.140,C3:00:00:63:4D:09,-65,127,3.0,3.5,1.5
1783351058150,2026-07-06 17:17:38.150,C3:00:00:63:4D:04,-60,127,3.0,3.5,1.5
1783351058158,2026-07-06 17:17:38.158,C3:00:00:63:4D:07,-54,127,3.0,3.5,1.5
1783351058182,2026-07-06 17:17:38.182,C3:00:00:63:4C:D2,-61,127,3.0,3.5,1.5
1783351058211,2026-07-06 17:17:38.211,C3:00:00:63:4D:08,-61,127,3.0,3.5,1.5
1783351058217,2026-07-06 17:17:38.217,C3:00:00:63:4D:09,-73,127,3.0,3.5,1.5
1783351058221,2026-07-06 17:17:38.221,C3:00:00:63:4D:04,-60,127,3.0,3.5,1.5
1783351058229,2026-07-06 17:17:38.229,C3:00:00:63:4D:05,-57,127,3.0,3.5,1.5
1783351058242,2026-07-06 17:17:38.242,C3:00:00:63:4D:08,-64,127,3.0,3.5,1.5
1783351058245,2026-07-06 17:17:38.245,C3:00:00:63:4D:0D,-56,127,3.0,3.5,1.5
1783351058259,2026-07-06 17:17:38.259,C3:00:00:63:4D:07,-57,127,3.0,3.5,1.5
1783351058260,2026-07-06 17:17:38.260,C3:00:00:63:4D:09,-61,127,3.0,3.5,1.5
1783351058270,2026-07-06 17:17:38.270,C3:00:00:63:4D:0A,-63,127,3.0,3.5,1.5
1783351058289,2026-07-06 17:17:38.289,C3:00:00:63:4D:04,-54,127,3.0,3.5,1.5
1783351058329,2026-07-06 17:17:38.329,C3:00:00:63:4D:08,-55,127,3.0,3.5,1.5
1783351058338,2026-07-06 17:17:38.338,C3:00:00:63:4D:05,-55,127,3.0,3.5,1.5
1783351058356,2026-07-06 17:17:38.356,C3:00:00:63:4D:0D,-50,127,3.0,3.5,1.5
1783351058370,2026-07-06 17:17:38.370,C3:00:00:63:4D:09,-61,127,3.0,3.5,1.5
1783351058375,2026-07-06 17:17:38.375,C3:00:00:63:4D:0A,-66,127,3.0,3.5,1.5
1783351058391,2026-07-06 17:17:38.391,C3:00:00:63:4C:D2,-53,127,3.0,3.5,1.5
1783351058432,2026-07-06 17:17:38.432,C3:00:00:63:4D:05,-54,127,3.0,3.5,1.5
1783351058440,2026-07-06 17:17:38.440,C3:00:00:63:4D:08,-62,127,3.0,3.5,1.5
1783351058466,2026-07-06 17:17:38.466,C3:00:00:63:4D:07,-54,127,3.0,3.5,1.5
1783351058472,2026-07-06 17:17:38.472,C3:00:00:63:4D:0D,-56,127,3.0,3.5,1.5
1783351058482,2026-07-06 17:17:38.482,C3:00:00:63:4D:0A,-61,127,3.0,3.5,1.5
1783351058496,2026-07-06 17:17:38.496,C3:00:00:63:4D:04,-59,127,3.0,3.5,1.5
1783351058539,2026-07-06 17:17:38.539,C3:00:00:63:4D:05,-56,127,3.0,3.5,1.5
1783351058575,2026-07-06 17:17:38.575,C3:00:00:63:4D:0D,-58,127,3.0,3.5,1.5
1783351058590,2026-07-06 17:17:38.590,C3:00:00:63:4D:0A,-63,127,3.0,3.5,1.5
1783351058605,2026-07-06 17:17:38.605,C3:00:00:63:4D:09,-61,127,3.0,3.5,1.5
1783351058608,2026-07-06 17:17:38.608,C3:00:00:63:4C:D2,-60,127,3.0,3.5,1.5
1783351058665,2026-07-06 17:17:38.665,C3:00:00:63:4D:07,-58,127,3.0,3.5,1.5
1783351058675,2026-07-06 17:17:38.675,C3:00:00:63:4D:08,-70,127,3.0,3.5,1.5
1783351058691,2026-07-06 17:17:38.691,C3:00:00:63:4D:0D,-50,127,3.0,3.5,1.5
1783351058694,2026-07-06 17:17:38.694,C3:00:00:63:4D:0A,-65,127,3.0,3.5,1.5
1783351058700,2026-07-06 17:17:38.700,C3:00:00:63:4D:04,-56,127,3.0,3.5,1.5
1783351058714,2026-07-06 17:17:38.714,C3:00:00:63:4C:D2,-53,127,3.0,3.5,1.5
1783351058716,2026-07-06 17:17:38.716,C3:00:00:63:4D:09,-61,127,3.0,3.5,1.5
1783351058741,2026-07-06 17:17:38.741,C3:00:00:63:4D:05,-54,127,3.0,3.5,1.5
1783351058756,2026-07-06 17:17:38.756,C3:00:00:63:4D:07,-55,127,3.0,3.5,1.5
1783351058797,2026-07-06 17:17:38.797,C3:00:00:63:4D:0A,-61,127,3.0,3.5,1.5
1783351058817,2026-07-06 17:17:38.817,C3:00:00:63:4C:D2,-61,127,3.0,3.5,1.5
1783351058826,2026-07-06 17:17:38.826,C3:00:00:63:4D:09,-66,127,3.0,3.5,1.5
1783351058852,2026-07-06 17:17:38.852,C3:00:00:63:4D:09,-61,127,3.0,3.5,1.5
1783351058865,2026-07-06 17:17:38.865,C3:00:00:63:4D:07,-56,127,3.0,3.5,1.5
1783351058914,2026-07-06 17:17:38.914,C3:00:00:63:4C:D2,-60,127,3.0,3.5,1.5
1783351058962,2026-07-06 17:17:38.962,C3:00:00:63:4D:0D,-49,127,3.0,3.5,1.5
1783351058983,2026-07-06 17:17:38.983,C3:00:00:63:4D:0D,-58,127,3.0,3.5,1.5
1783351058998,2026-07-06 17:17:38.998,C3:00:00:63:4D:09,-62,127,3.0,3.5,1.5
1783351059005,2026-07-06 17:17:39.005,C3:00:00:63:4D:0A,-62,127,3.0,3.5,1.5
1783351059016,2026-07-06 17:17:39.016,C3:00:00:63:4D:0D,-49,127,3.0,3.5,1.5
1783351059017,2026-07-06 17:17:39.017,C3:00:00:63:4D:04,-58,127,3.0,3.5,1.5
1783351059023,2026-07-06 17:17:39.023,C3:00:00:63:4C:D2,-53,127,3.0,3.5,1.5
1783351059026,2026-07-06 17:17:39.026,C3:00:00:63:4D:08,-65,127,3.0,3.5,1.5
1783351059038,2026-07-06 17:17:39.038,C3:00:00:63:4D:05,-55,127,3.0,3.5,1.5
1783351059048,2026-07-06 17:17:39.048,C3:00:00:63:4D:09,-65,127,3.0,3.5,1.5
1783351059057,2026-07-06 17:17:39.057,C3:00:00:63:4D:07,-54,127,3.0,3.5,1.5
1783351059110,2026-07-06 17:17:39.110,C3:00:00:63:4D:0A,-60,127,3.0,3.5,1.5
1783351059123,2026-07-06 17:17:39.123,C3:00:00:63:4C:D2,-61,127,3.0,3.5,1.5
1783351059143,2026-07-06 17:17:39.143,C3:00:00:63:4D:08,-56,127,3.0,3.5,1.5
1783351059152,2026-07-06 17:17:39.152,C3:00:00:63:4D:05,-58,127,3.0,3.5,1.5
1783351059166,2026-07-06 17:17:39.166,C3:00:00:63:4D:09,-60,127,3.0,3.5,1.5
1783351059213,2026-07-06 17:17:39.213,C3:00:00:63:4D:04,-55,127,3.0,3.5,1.5
1783351059217,2026-07-06 17:17:39.217,C3:00:00:63:4D:0A,-63,127,3.0,3.5,1.5
1783351059221,2026-07-06 17:17:39.221,C3:00:00:63:4D:0D,-57,127,3.0,3.5,1.5
1783351059238,2026-07-06 17:17:39.238,C3:00:00:63:4C:D2,-54,127,3.0,3.5,1.5
1783351059244,2026-07-06 17:17:39.244,C3:00:00:63:4D:05,-58,127,3.0,3.5,1.5
1783351059314,2026-07-06 17:17:39.314,C3:00:00:63:4D:04,-58,127,3.0,3.5,1.5
1783351059323,2026-07-06 17:17:39.323,C3:00:00:63:4D:0A,-64,127,3.0,3.5,1.5
1783351059343,2026-07-06 17:17:39.343,C3:00:00:63:4C:D2,-60,127,3.0,3.5,1.5
1783351059352,2026-07-06 17:17:39.352,C3:00:00:63:4D:05,-54,127,3.0,3.5,1.5
1783351059361,2026-07-06 17:17:39.361,C3:00:00:63:4D:08,-62,127,3.0,3.5,1.5
1783351059364,2026-07-06 17:17:39.364,C3:00:00:63:4D:07,-55,127,3.0,3.5,1.5
1783351059382,2026-07-06 17:17:39.382,C3:00:00:63:4D:0D,-60,127,3.0,3.5,1.5
1783351059395,2026-07-06 17:17:39.395,C3:00:00:63:4D:09,-64,127,3.0,3.5,1.5
1783351059404,2026-07-06 17:17:39.404,C3:00:00:63:4D:07,-55,127,3.0,3.5,1.5
1783351059421,2026-07-06 17:17:39.421,C3:00:00:63:4D:04,-58,127,3.0,3.5,1.5
1783351059429,2026-07-06 17:17:39.429,C3:00:00:63:4D:0A,-61,127,3.0,3.5,1.5
1783351059438,2026-07-06 17:17:39.438,C3:00:00:63:4D:07,-57,127,3.0,3.5,1.5
1783351059463,2026-07-06 17:17:39.463,C3:00:00:63:4D:08,-55,127,3.0,3.5,1.5
1783351059488,2026-07-06 17:17:39.488,C3:00:00:63:4D:08,-55,127,3.0,3.5,1.5
1783351059514,2026-07-06 17:17:39.514,C3:00:00:63:4D:09,-60,127,3.0,3.5,1.5
1783351059531,2026-07-06 17:17:39.531,C3:00:00:63:4D:04,-54,127,3.0,3.5,1.5
1783351059533,2026-07-06 17:17:39.533,C3:00:00:63:4D:0A,-64,127,3.0,3.5,1.5
1783351059546,2026-07-06 17:17:39.546,C3:00:00:63:4D:0D,-49,127,3.0,3.5,1.5
1783351059552,2026-07-06 17:17:39.552,C3:00:00:63:4C:D2,-53,127,3.0,3.5,1.5
1783351059564,2026-07-06 17:17:39.564,C3:00:00:63:4D:05,-55,127,3.0,3.5,1.5
1783351059566,2026-07-06 17:17:39.566,C3:00:00:63:4D:07,-58,127,3.0,3.5,1.5
1783351059592,2026-07-06 17:17:39.592,C3:00:00:63:4D:08,-69,127,3.0,3.5,1.5
1783351059604,2026-07-06 17:17:39.604,C3:00:00:63:4C:D2,-53,127,3.0,3.5,1.5
1783351059622,2026-07-06 17:17:39.622,C3:00:00:63:4D:09,-62,127,3.0,3.5,1.5
1783351059629,2026-07-06 17:17:39.629,C3:00:00:63:4D:0A,-61,127,3.0,3.5,1.5
1783351059651,2026-07-06 17:17:39.651,C3:00:00:63:4D:05,-54,127,3.0,3.5,1.5
1783351059657,2026-07-06 17:17:39.657,C3:00:00:63:4D:0D,-56,127,3.0,3.5,1.5
1783351059662,2026-07-06 17:17:39.662,C3:00:00:63:4C:D2,-60,127,3.0,3.5,1.5
1783351059673,2026-07-06 17:17:39.673,C3:00:00:63:4D:05,-54,127,3.0,3.5,1.5
1783351059699,2026-07-06 17:17:39.699,C3:00:00:63:4D:05,-54,127,3.0,3.5,1.5
1783351059710,2026-07-06 17:17:39.710,C3:00:00:63:4D:08,-63,127,3.0,3.5,1.5
1783351059723,2026-07-06 17:17:39.723,C3:00:00:63:4D:04,-58,127,3.0,3.5,1.5
1783351059737,2026-07-06 17:17:39.737,C3:00:00:63:4D:0A,-63,127,3.0,3.5,1.5
1783351059741,2026-07-06 17:17:39.741,C3:00:00:63:4D:09,-61,127,3.0,3.5,1.5
1783351059748,2026-07-06 17:17:39.748,C3:00:00:63:4D:05,-58,127,3.0,3.5,1.5
1783351059754,2026-07-06 17:17:39.754,C3:00:00:63:4D:04,-55,127,3.0,3.5,1.5
1783351059757,2026-07-06 17:17:39.757,C3:00:00:63:4C:D2,-60,127,3.0,3.5,1.5
1783351059762,2026-07-06 17:17:39.762,C3:00:00:63:4D:0D,-58,127,3.0,3.5,1.5
1783351059765,2026-07-06 17:17:39.765,C3:00:00:63:4D:07,-58,127,3.0,3.5,1.5
1783351059821,2026-07-06 17:17:39.821,C3:00:00:63:4D:08,-56,127,3.0,3.5,1.5
1783351059842,2026-07-06 17:17:39.842,C3:00:00:63:4D:04,-58,127,3.0,3.5,1.5
1783351059847,2026-07-06 17:17:39.847,C3:00:00:63:4D:0A,-65,127,3.0,3.5,1.5
1783351059854,2026-07-06 17:17:39.854,C3:00:00:63:4D:09,-62,127,3.0,3.5,1.5
1783351059862,2026-07-06 17:17:39.862,C3:00:00:63:4D:05,-55,127,3.0,3.5,1.5
1783351059863,2026-07-06 17:17:39.863,C3:00:00:63:4D:07,-58,127,3.0,3.5,1.5
1783351059868,2026-07-06 17:17:39.868,C3:00:00:63:4C:D2,-53,127,3.0,3.5,1.5
1783351059870,2026-07-06 17:17:39.870,C3:00:00:63:4D:0D,-49,127,3.0,3.5,1.5
1783351059897,2026-07-06 17:17:39.897,C3:00:00:63:4D:0A,-64,127,3.0,3.5,1.5
1783351059905,2026-07-06 17:17:39.905,C3:00:00:63:4D:09,-62,127,3.0,3.5,1.5
1783351059936,2026-07-06 17:17:39.936,C3:00:00:63:4D:04,-58,127,3.0,3.5,1.5
1783351059945,2026-07-06 17:17:39.945,C3:00:00:63:4D:08,-63,127,3.0,3.5,1.5
1783351059964,2026-07-06 17:17:39.964,C3:00:00:63:4D:07,-55,127,3.0,3.5,1.5
1783351059970,2026-07-06 17:17:39.970,C3:00:00:63:4D:09,-65,127,3.0,3.5,1.5
1783351059978,2026-07-06 17:17:39.978,C3:00:00:63:4D:08,-63,127,3.0,3.5,1.5
1783351060027,2026-07-06 17:17:40.027,C3:00:00:63:4D:07,-55,127,3.0,3.5,1.5
1783351060044,2026-07-06 17:17:40.044,C3:00:00:63:4D:04,-54,127,3.0,3.5,1.5
1783351060052,2026-07-06 17:17:40.052,C3:00:00:63:4D:05,-58,127,3.0,3.5,1.5
1783351060057,2026-07-06 17:17:40.057,C3:00:00:63:4D:08,-59,127,3.0,3.5,1.5
1783351060068,2026-07-06 17:17:40.068,C3:00:00:63:4D:07,-57,127,3.0,3.5,1.5
1783351060079,2026-07-06 17:17:40.079,C3:00:00:63:4C:D2,-60,127,3.0,3.5,1.5
1783351060145,2026-07-06 17:17:40.145,C3:00:00:63:4D:04,-58,127,3.0,3.5,1.5
1783351060165,2026-07-06 17:17:40.165,C3:00:00:63:4D:07,-58,127,3.0,3.5,1.5
1783351060168,2026-07-06 17:17:40.168,C3:00:00:63:4D:04,-58,127,3.0,3.5,1.5
1783351060173,2026-07-06 17:17:40.173,C3:00:00:63:4D:08,-66,127,3.0,3.5,1.5
1783351060185,2026-07-06 17:17:40.185,C3:00:00:63:4C:D2,-54,127,3.0,3.5,1.5
1783351060189,2026-07-06 17:17:40.189,C3:00:00:63:4D:0D,-49,127,3.0,3.5,1.5
1783351060197,2026-07-06 17:17:40.197,C3:00:00:63:4D:09,-63,127,3.0,3.5,1.5
1783351060202,2026-07-06 17:17:40.202,C3:00:00:63:4C:D2,-54,127,3.0,3.5,1.5
1783351060218,2026-07-06 17:17:40.218,C3:00:00:63:4D:04,-58,127,3.0,3.5,1.5
1783351060255,2026-07-06 17:17:40.255,C3:00:00:63:4D:05,-55,127,3.0,3.5,1.5
1783351060276,2026-07-06 17:17:40.276,C3:00:00:63:4D:0A,-61,127,3.0,3.5,1.5
1783351060278,2026-07-06 17:17:40.278,C3:00:00:63:4D:04,-58,127,3.0,3.5,1.5
1783351060285,2026-07-06 17:17:40.285,C3:00:00:63:4D:08,-62,127,3.0,3.5,1.5
1783351060295,2026-07-06 17:17:40.295,C3:00:00:63:4C:D2,-61,127,3.0,3.5,1.5
1783351060302,2026-07-06 17:17:40.302,C3:00:00:63:4D:0D,-57,127,3.0,3.5,1.5
1783351060312,2026-07-06 17:17:40.312,C3:00:00:63:4D:09,-64,127,3.0,3.5,1.5
1783351060351,2026-07-06 17:17:40.351,C3:00:00:63:4D:04,-54,127,3.0,3.5,1.5
1783351060354,2026-07-06 17:17:40.354,C3:00:00:63:4D:05,-58,127,3.0,3.5,1.5
1783351060375,2026-07-06 17:17:40.375,C3:00:00:63:4D:0A,-63,127,3.0,3.5,1.5
1783351060402,2026-07-06 17:17:40.402,C3:00:00:63:4D:08,-56,127,3.0,3.5,1.5
1783351060406,2026-07-06 17:17:40.406,C3:00:00:63:4D:0D,-58,127,3.0,3.5,1.5
1783351060429,2026-07-06 17:17:40.429,C3:00:00:63:4D:09,-61,127,3.0,3.5,1.5
1783351060460,2026-07-06 17:17:40.460,C3:00:00:63:4D:05,-58,127,3.0,3.5,1.5
1783351060468,2026-07-06 17:17:40.468,C3:00:00:63:4D:07,-58,127,3.0,3.5,1.5
1783351060480,2026-07-06 17:17:40.480,C3:00:00:63:4D:0A,-62,127,3.0,3.5,1.5
1783351060500,2026-07-06 17:17:40.500,C3:00:00:63:4D:07,-64,127,3.0,3.5,1.5
1783351060514,2026-07-06 17:17:40.514,C3:00:00:63:4D:08,-66,127,3.0,3.5,1.5
1783351060519,2026-07-06 17:17:40.519,C3:00:00:63:4D:0D,-49,127,3.0,3.5,1.5
1783351060535,2026-07-06 17:17:40.535,C3:00:00:63:4D:09,-64,127,3.0,3.5,1.5
1783351060558,2026-07-06 17:17:40.558,C3:00:00:63:4D:07,-54,127,3.0,3.5,1.5
1783351060578,2026-07-06 17:17:40.578,C3:00:00:63:4D:0A,-61,127,3.0,3.5,1.5
1783351060648,2026-07-06 17:17:40.648,C3:00:00:63:4D:09,-61,127,3.0,3.5,1.5
1783351060666,2026-07-06 17:17:40.666,C3:00:00:63:4D:04,-54,127,3.0,3.5,1.5
1783351060690,2026-07-06 17:17:40.690,C3:00:00:63:4D:0A,-63,127,3.0,3.5,1.5
1783351060714,2026-07-06 17:17:40.714,C3:00:00:63:4C:D2,-60,127,3.0,3.5,1.5
1783351060761,2026-07-06 17:17:40.761,C3:00:00:63:4D:05,-57,127,3.0,3.5,1.5
1783351060769,2026-07-06 17:17:40.769,C3:00:00:63:4D:09,-63,127,3.0,3.5,1.5
1783351060833,2026-07-06 17:17:40.833,C3:00:00:63:4D:0D,-57,127,3.0,3.5,1.5
1783351060839,2026-07-06 17:17:40.839,C3:00:00:63:4D:09,-65,127,3.0,3.5,1.5
1783351060864,2026-07-06 17:17:40.864,C3:00:00:63:4D:08,-62,127,3.0,3.5,1.5
1783351060866,2026-07-06 17:17:40.866,C3:00:00:63:4D:04,-58,127,3.0,3.5,1.5
1783351060881,2026-07-06 17:17:40.881,C3:00:00:63:4D:09,-65,127,3.0,3.5,1.5
1783351060884,2026-07-06 17:17:40.884,C3:00:00:63:4D:0A,-61,127,3.0,3.5,1.5
1783351060905,2026-07-06 17:17:40.905,C3:00:00:63:4D:05,-54,127,3.0,3.5,1.5
1783351060910,2026-07-06 17:17:40.910,C3:00:00:63:4D:0A,-61,127,3.0,3.5,1.5
1783351060924,2026-07-06 17:17:40.924,C3:00:00:63:4C:D2,-61,127,3.0,3.5,1.5
1783351060949,2026-07-06 17:17:40.949,C3:00:00:63:4D:0D,-58,127,3.0,3.5,1.5
1783351060972,2026-07-06 17:17:40.972,C3:00:00:63:4D:08,-56,127,3.0,3.5,1.5
1783351060975,2026-07-06 17:17:40.975,C3:00:00:63:4D:0D,-58,127,3.0,3.5,1.5
1783351060991,2026-07-06 17:17:40.991,C3:00:00:63:4D:09,-61,127,3.0,3.5,1.5
1783351060996,2026-07-06 17:17:40.996,C3:00:00:63:4D:0A,-63,127,3.0,3.5,1.5
1783351061039,2026-07-06 17:17:41.039,C3:00:00:63:4C:D2,-53,127,3.0,3.5,1.5
1783351061065,2026-07-06 17:17:41.065,C3:00:00:63:4D:0D,-49,127,3.0,3.5,1.5
1783351061071,2026-07-06 17:17:41.071,C3:00:00:63:4D:07,-58,127,3.0,3.5,1.5
1783351061074,2026-07-06 17:17:41.074,C3:00:00:63:4D:05,-58,127,3.0,3.5,1.5
1783351061085,2026-07-06 17:17:41.085,C3:00:00:63:4D:08,-67,127,3.0,3.5,1.5
1783351061111,2026-07-06 17:17:41.111,C3:00:00:63:4D:09,-63,127,3.0,3.5,1.5
1783351061135,2026-07-06 17:17:41.135,C3:00:00:63:4C:D2,-61,127,3.0,3.5,1.5
1783351061157,2026-07-06 17:17:41.157,C3:00:00:63:4D:07,-54,127,3.0,3.5,1.5
1783351061167,2026-07-06 17:17:41.167,C3:00:00:63:4D:0D,-56,127,3.0,3.5,1.5
1783351061172,2026-07-06 17:17:41.172,C3:00:00:63:4D:05,-55,127,3.0,3.5,1.5
1783351061177,2026-07-06 17:17:41.177,C3:00:00:63:4D:04,-58,127,3.0,3.5,1.5
1783351061206,2026-07-06 17:17:41.206,C3:00:00:63:4D:08,-62,127,3.0,3.5,1.5
1783351061223,2026-07-06 17:17:41.223,C3:00:00:63:4D:09,-64,127,3.0,3.5,1.5
1783351061248,2026-07-06 17:17:41.248,C3:00:00:63:4C:D2,-60,127,3.0,3.5,1.5
1783351061268,2026-07-06 17:17:41.268,C3:00:00:63:4D:07,-57,127,3.0,3.5,1.5
1783351061273,2026-07-06 17:17:41.273,C3:00:00:63:4D:05,-58,127,3.0,3.5,1.5
1783351061279,2026-07-06 17:17:41.279,C3:00:00:63:4D:0D,-58,127,3.0,3.5,1.5
1783351061285,2026-07-06 17:17:41.285,C3:00:00:63:4D:04,-54,127,3.0,3.5,1.5
1783351061319,2026-07-06 17:17:41.319,C3:00:00:63:4D:08,-56,127,3.0,3.5,1.5
1783351061321,2026-07-06 17:17:41.321,C3:00:00:63:4D:0A,-63,127,3.0,3.5,1.5
1783351061326,2026-07-06 17:17:41.326,C3:00:00:63:4D:05,-65,127,3.0,3.5,1.5
1783351061335,2026-07-06 17:17:41.335,C3:00:00:63:4D:09,-63,127,3.0,3.5,1.5
1783351061360,2026-07-06 17:17:41.360,C3:00:00:63:4D:07,-58,127,3.0,3.5,1.5
1783351061371,2026-07-06 17:17:41.371,C3:00:00:63:4D:05,-58,127,3.0,3.5,1.5
1783351061376,2026-07-06 17:17:41.376,C3:00:00:63:4D:0D,-49,127,3.0,3.5,1.5
1783351061385,2026-07-06 17:17:41.385,C3:00:00:63:4D:04,-58,127,3.0,3.5,1.5
1783351061401,2026-07-06 17:17:41.401,C3:00:00:63:4D:0D,-49,127,3.0,3.5,1.5
1783351061427,2026-07-06 17:17:41.427,C3:00:00:63:4D:0A,-62,127,3.0,3.5,1.5
1783351061436,2026-07-06 17:17:41.436,C3:00:00:63:4D:08,-62,127,3.0,3.5,1.5
1783351061450,2026-07-06 17:17:41.450,C3:00:00:63:4C:D2,-62,127,3.0,3.5,1.5
1783351061457,2026-07-06 17:17:41.457,C3:00:00:63:4D:07,-54,127,3.0,3.5,1.5
1783351061467,2026-07-06 17:17:41.467,C3:00:00:63:4D:09,-64,127,3.0,3.5,1.5
1783351061470,2026-07-06 17:17:41.470,C3:00:00:63:4C:D2,-61,127,3.0,3.5,1.5
1783351061475,2026-07-06 17:17:41.475,C3:00:00:63:4D:07,-56,127,3.0,3.5,1.5
1783351061478,2026-07-06 17:17:41.478,C3:00:00:63:4D:05,-55,127,3.0,3.5,1.5
1783351061486,2026-07-06 17:17:41.486,C3:00:00:63:4D:0D,-57,127,3.0,3.5,1.5
1783351061545,2026-07-06 17:17:41.545,C3:00:00:63:4D:08,-56,127,3.0,3.5,1.5
1783351061570,2026-07-06 17:17:41.570,C3:00:00:63:4D:09,-60,127,3.0,3.5,1.5
1783351061575,2026-07-06 17:17:41.575,C3:00:00:63:4D:05,-57,127,3.0,3.5,1.5
1783351061586,2026-07-06 17:17:41.586,C3:00:00:63:4D:04,-54,127,3.0,3.5,1.5
1783351061602,2026-07-06 17:17:41.602,C3:00:00:63:4D:0D,-58,127,3.0,3.5,1.5
1783351061607,2026-07-06 17:17:41.607,C3:00:00:63:4C:D2,-59,127,3.0,3.5,1.5
1783351061623,2026-07-06 17:17:41.623,C3:00:00:63:4D:0A,-63,127,3.0,3.5,1.5
1783351061668,2026-07-06 17:17:41.668,C3:00:00:63:4D:08,-67,127,3.0,3.5,1.5
1783351061671,2026-07-06 17:17:41.671,C3:00:00:63:4C:D2,-54,127,3.0,3.5,1.5
1783351061679,2026-07-06 17:17:41.679,C3:00:00:63:4D:05,-58,127,3.0,3.5,1.5
1783351061687,2026-07-06 17:17:41.687,C3:00:00:63:4D:09,-61,127,3.0,3.5,1.5
1783351061689,2026-07-06 17:17:41.689,C3:00:00:63:4D:04,-58,127,3.0,3.5,1.5
1783351061690,2026-07-06 17:17:41.690,C3:00:00:63:4D:05,-55,127,3.0,3.5,1.5
1783351061709,2026-07-06 17:17:41.709,C3:00:00:63:4D:05,-56,127,3.0,3.5,1.5
1783351061742,2026-07-06 17:17:41.742,C3:00:00:63:4D:0A,-61,127,3.0,3.5,1.5
1783351061768,2026-07-06 17:17:41.768,C3:00:00:63:4D:07,-55,127,3.0,3.5,1.5
1783351061773,2026-07-06 17:17:41.773,C3:00:00:63:4D:05,-54,127,3.0,3.5,1.5
1783351061779,2026-07-06 17:17:41.779,C3:00:00:63:4D:08,-63,127,3.0,3.5,1.5
1783351061797,2026-07-06 17:17:41.797,C3:00:00:63:4D:04,-58,127,3.0,3.5,1.5
1783351061799,2026-07-06 17:17:41.799,C3:00:00:63:4D:09,-64,127,3.0,3.5,1.5
1783351061803,2026-07-06 17:17:41.803,C3:00:00:63:4D:0A,-61,127,3.0,3.5,1.5
1783351061810,2026-07-06 17:17:41.810,C3:00:00:63:4D:0D,-56,127,3.0,3.5,1.5
1783351061838,2026-07-06 17:17:41.838,C3:00:00:63:4D:0A,-63,127,3.0,3.5,1.5
1783351061852,2026-07-06 17:17:41.852,C3:00:00:63:4C:D2,-67,127,3.0,3.5,1.5
1783351061866,2026-07-06 17:17:41.866,C3:00:00:63:4D:07,-58,127,3.0,3.5,1.5
1783351061871,2026-07-06 17:17:41.871,C3:00:00:63:4D:05,-57,127,3.0,3.5,1.5
1783351061886,2026-07-06 17:17:41.886,C3:00:00:63:4C:D2,-60,127,3.0,3.5,1.5
1783351061889,2026-07-06 17:17:41.889,C3:00:00:63:4D:08,-56,127,3.0,3.5,1.5
1783351061892,2026-07-06 17:17:41.892,C3:00:00:63:4D:04,-56,127,3.0,3.5,1.5
1783351061901,2026-07-06 17:17:41.901,C3:00:00:63:4D:0A,-63,127,3.0,3.5,1.5
1783351061909,2026-07-06 17:17:41.909,C3:00:00:63:4D:09,-60,127,3.0,3.5,1.5
1783351061926,2026-07-06 17:17:41.926,C3:00:00:63:4D:0D,-58,127,3.0,3.5,1.5
1783351061932,2026-07-06 17:17:41.932,C3:00:00:63:4D:08,-56,127,3.0,3.5,1.5
1783351061943,2026-07-06 17:17:41.943,C3:00:00:63:4D:0A,-64,127,3.0,3.5,1.5
1783351061961,2026-07-06 17:17:41.961,C3:00:00:63:4D:07,-58,127,3.0,3.5,1.5
1783351061977,2026-07-06 17:17:41.977,C3:00:00:63:4D:05,-58,127,3.0,3.5,1.5
1783351061993,2026-07-06 17:17:41.993,C3:00:00:63:4C:D2,-54,127,3.0,3.5,1.5
1783351061998,2026-07-06 17:17:41.998,C3:00:00:63:4D:04,-58,127,3.0,3.5,1.5
1783351062029,2026-07-06 17:17:42.029,C3:00:00:63:4D:09,-63,127,3.0,3.5,1.5
1783351062048,2026-07-06 17:17:42.048,C3:00:00:63:4D:07,-54,127,3.0,3.5,1.5
1783351062052,2026-07-06 17:17:42.052,C3:00:00:63:4D:0A,-61,127,3.0,3.5,1.5
1783351062062,2026-07-06 17:17:42.062,C3:00:00:63:4D:07,-54,127,3.0,3.5,1.5
1783351062086,2026-07-06 17:17:42.086,C3:00:00:63:4D:05,-54,127,3.0,3.5,1.5
1783351062096,2026-07-06 17:17:42.096,C3:00:00:63:4D:04,-59,127,3.0,3.5,1.5
1783351062118,2026-07-06 17:17:42.118,C3:00:00:63:4D:08,-62,127,3.0,3.5,1.5
1783351062136,2026-07-06 17:17:42.136,C3:00:00:63:4D:0D,-57,127,3.0,3.5,1.5
1783351062139,2026-07-06 17:17:42.139,C3:00:00:63:4D:09,-61,127,3.0,3.5,1.5
1783351062160,2026-07-06 17:17:42.160,C3:00:00:63:4D:07,-57,127,3.0,3.5,1.5
1783351062166,2026-07-06 17:17:42.166,C3:00:00:63:4D:0A,-63,127,3.0,3.5,1.5
1783351062171,2026-07-06 17:17:42.171,C3:00:00:63:4D:04,-55,127,3.0,3.5,1.5
1783351062180,2026-07-06 17:17:42.180,C3:00:00:63:4D:05,-58,127,3.0,3.5,1.5
1783351062196,2026-07-06 17:17:42.196,C3:00:00:63:4C:D2,-60,127,3.0,3.5,1.5
1783351062218,2026-07-06 17:17:42.218,C3:00:00:63:4C:D2,-60,127,3.0,3.5,1.5
1783351062228,2026-07-06 17:17:42.228,C3:00:00:63:4D:04,-58,127,3.0,3.5,1.5
1783351062234,2026-07-06 17:17:42.234,C3:00:00:63:4D:09,-71,127,3.0,3.5,1.5
1783351062238,2026-07-06 17:17:42.238,C3:00:00:63:4D:08,-66,127,3.0,3.5,1.5
1783351062246,2026-07-06 17:17:42.246,C3:00:00:63:4D:0D,-49,127,3.0,3.5,1.5
1783351062254,2026-07-06 17:17:42.254,C3:00:00:63:4D:09,-63,127,3.0,3.5,1.5
1783351062260,2026-07-06 17:17:42.260,C3:00:00:63:4D:0A,-62,127,3.0,3.5,1.5
1783351062262,2026-07-06 17:17:42.262,C3:00:00:63:4D:08,-74,127,3.0,3.5,1.5
1783351062268,2026-07-06 17:17:42.268,C3:00:00:63:4D:07,-58,127,3.0,3.5,1.5
1783351062276,2026-07-06 17:17:42.276,C3:00:00:63:4D:05,-58,127,3.0,3.5,1.5
1783351062310,2026-07-06 17:17:42.310,C3:00:00:63:4D:04,-58,127,3.0,3.5,1.5
1783351062345,2026-07-06 17:17:42.345,C3:00:00:63:4D:0D,-57,127,3.0,3.5,1.5
1783351062349,2026-07-06 17:17:42.349,C3:00:00:63:4D:08,-62,127,3.0,3.5,1.5
1783351062357,2026-07-06 17:17:42.357,C3:00:00:63:4D:0A,-61,127,3.0,3.5,1.5
1783351062373,2026-07-06 17:17:42.373,C3:00:00:63:4D:07,-54,127,3.0,3.5,1.5
1783351062377,2026-07-06 17:17:42.377,C3:00:00:63:4D:05,-54,127,3.0,3.5,1.5
1783351062409,2026-07-06 17:17:42.409,C3:00:00:63:4D:04,-58,127,3.0,3.5,1.5
1783351062411,2026-07-06 17:17:42.411,C3:00:00:63:4C:D2,-61,127,3.0,3.5,1.5
1783351062458,2026-07-06 17:17:42.458,C3:00:00:63:4D:0D,-58,127,3.0,3.5,1.5
1783351062468,2026-07-06 17:17:42.468,C3:00:00:63:4D:07,-57,127,3.0,3.5,1.5
1783351062471,2026-07-06 17:17:42.471,C3:00:00:63:4D:0A,-63,127,3.0,3.5,1.5
1783351062477,2026-07-06 17:17:42.477,C3:00:00:63:4D:05,-58,127,3.0,3.5,1.5
1783351062507,2026-07-06 17:17:42.507,C3:00:00:63:4D:04,-54,127,3.0,3.5,1.5
1783351062515,2026-07-06 17:17:42.515,C3:00:00:63:4C:D2,-60,127,3.0,3.5,1.5
1783351062571,2026-07-06 17:17:42.571,C3:00:00:63:4D:07,-58,127,3.0,3.5,1.5
1783351062577,2026-07-06 17:17:42.577,C3:00:00:63:4D:0D,-49,127,3.0,3.5,1.5
1783351062582,2026-07-06 17:17:42.582,C3:00:00:63:4D:05,-55,127,3.0,3.5,1.5
1783351062588,2026-07-06 17:17:42.588,C3:00:00:63:4D:0A,-65,127,3.0,3.5,1.5
1783351062590,2026-07-06 17:17:42.590,C3:00:00:63:4D:08,-69,127,3.0,3.5,1.5
1783351062597,2026-07-06 17:17:42.597,C3:00:00:63:4D:09,-61,127,3.0,3.5,1.5
1783351062616,2026-07-06 17:17:42.616,C3:00:00:63:4D:04,-58,127,3.0,3.5,1.5
1783351062625,2026-07-06 17:17:42.625,C3:00:00:63:4C:D2,-54,127,3.0,3.5,1.5
1783351062659,2026-07-06 17:17:42.659,C3:00:00:63:4D:07,-55,127,3.0,3.5,1.5
1783351062678,2026-07-06 17:17:42.678,C3:00:00:63:4D:0A,-61,127,3.0,3.5,1.5
1783351062699,2026-07-06 17:17:42.699,C3:00:00:63:4D:05,-54,127,3.0,3.5,1.5
1783351062737,2026-07-06 17:17:42.737,C3:00:00:63:4C:D2,-60,127,3.0,3.5,1.5
1783351062764,2026-07-06 17:17:42.764,C3:00:00:63:4D:07,-58,127,3.0,3.5,1.5
1783351062790,2026-07-06 17:17:42.790,C3:00:00:63:4D:0A,-63,127,3.0,3.5,1.5
1783351062796,2026-07-06 17:17:42.796,C3:00:00:63:4D:05,-57,127,3.0,3.5,1.5
1783351062800,2026-07-06 17:17:42.800,C3:00:00:63:4D:0D,-58,127,3.0,3.5,1.5
1783351062824,2026-07-06 17:17:42.824,C3:00:00:63:4D:08,-56,127,3.0,3.5,1.5
1783351062827,2026-07-06 17:17:42.827,C3:00:00:63:4D:09,-60,127,3.0,3.5,1.5
1783351062830,2026-07-06 17:17:42.830,C3:00:00:63:4D:04,-54,127,3.0,3.5,1.5
1783351062840,2026-07-06 17:17:42.840,C3:00:00:63:4C:D2,-53,127,3.0,3.5,1.5
1783351062849,2026-07-06 17:17:42.849,C3:00:00:63:4D:09,-61,127,3.0,3.5,1.5
1783351062860,2026-07-06 17:17:42.860,C3:00:00:63:4D:07,-58,127,3.0,3.5,1.5
1783351062879,2026-07-06 17:17:42.879,C3:00:00:63:4D:05,-55,127,3.0,3.5,1.5
1783351062914,2026-07-06 17:17:42.914,C3:00:00:63:4D:0A,-64,127,3.0,3.5,1.5
1783351062920,2026-07-06 17:17:42.920,C3:00:00:63:4D:04,-58,127,3.0,3.5,1.5
1783351062928,2026-07-06 17:17:42.928,C3:00:00:63:4D:08,-69,127,3.0,3.5,1.5
1783351062939,2026-07-06 17:17:42.939,C3:00:00:63:4D:09,-64,127,3.0,3.5,1.5
1783351062946,2026-07-06 17:17:42.946,C3:00:00:63:4C:D2,-61,127,3.0,3.5,1.5
1783351062960,2026-07-06 17:17:42.960,C3:00:00:63:4D:07,-54,127,3.0,3.5,1.5
1783351062968,2026-07-06 17:17:42.968,C3:00:00:63:4D:0D,-58,127,3.0,3.5,1.5
1783351063010,2026-07-06 17:17:43.010,C3:00:00:63:4D:0D,-54,127,3.0,3.5,1.5
1783351063027,2026-07-06 17:17:43.027,C3:00:00:63:4D:04,-59,127,3.0,3.5,1.5
1783351063042,2026-07-06 17:17:43.042,C3:00:00:63:4D:08,-56,127,3.0,3.5,1.5
1783351063047,2026-07-06 17:17:43.047,C3:00:00:63:4D:09,-61,127,3.0,3.5,1.5
1783351063051,2026-07-06 17:17:43.051,C3:00:00:63:4C:D2,-60,127,3.0,3.5,1.5
1783351063060,2026-07-06 17:17:43.060,C3:00:00:63:4D:07,-57,127,3.0,3.5,1.5
1783351063079,2026-07-06 17:17:43.079,C3:00:00:63:4D:05,-58,127,3.0,3.5,1.5
1783351063096,2026-07-06 17:17:43.096,C3:00:00:63:4D:0A,-63,127,3.0,3.5,1.5
1783351063108,2026-07-06 17:17:43.108,C3:00:00:63:4D:0D,-58,127,3.0,3.5,1.5
1783351063132,2026-07-06 17:17:43.132,C3:00:00:63:4D:04,-58,127,3.0,3.5,1.5
1783351063157,2026-07-06 17:17:43.157,C3:00:00:63:4D:08,-65,127,3.0,3.5,1.5
1783351063171,2026-07-06 17:17:43.171,C3:00:00:63:4C:D2,-54,127,3.0,3.5,1.5
1783351063173,2026-07-06 17:17:43.173,C3:00:00:63:4D:07,-58,127,3.0,3.5,1.5
1783351063186,2026-07-06 17:17:43.186,C3:00:00:63:4D:05,-58,127,3.0,3.5,1.5
1783351063209,2026-07-06 17:17:43.209,C3:00:00:63:4D:0A,-62,127,3.0,3.5,1.5
1783351063214,2026-07-06 17:17:43.214,C3:00:00:63:4D:0D,-49,127,3.0,3.5,1.5
1783351063264,2026-07-06 17:17:43.264,C3:00:00:63:4D:07,-54,127,3.0,3.5,1.5
1783351063269,2026-07-06 17:17:43.269,C3:00:00:63:4D:08,-62,127,3.0,3.5,1.5
1783351063286,2026-07-06 17:17:43.286,C3:00:00:63:4D:09,-64,127,3.0,3.5,1.5
1783351063305,2026-07-06 17:17:43.305,C3:00:00:63:4D:0A,-61,127,3.0,3.5,1.5
1783351063319,2026-07-06 17:17:43.319,C3:00:00:63:4D:0D,-56,127,3.0,3.5,1.5
1783351063338,2026-07-06 17:17:43.338,C3:00:00:63:4D:04,-54,127,3.0,3.5,1.5
1783351063374,2026-07-06 17:17:43.374,C3:00:00:63:4C:D2,-60,127,3.0,3.5,1.5
1783351063384,2026-07-06 17:17:43.384,C3:00:00:63:4D:08,-56,127,3.0,3.5,1.5
1783351063389,2026-07-06 17:17:43.389,C3:00:00:63:4D:09,-61,127,3.0,3.5,1.5
1783351063402,2026-07-06 17:17:43.402,C3:00:00:63:4D:05,-58,127,3.0,3.5,1.5
1783351063414,2026-07-06 17:17:43.414,C3:00:00:63:4D:0D,-58,127,3.0,3.5,1.5
1783351063420,2026-07-06 17:17:43.420,C3:00:00:63:4D:07,-57,127,3.0,3.5,1.5
1783351063428,2026-07-06 17:17:43.428,C3:00:00:63:4D:0D,-58,127,3.0,3.5,1.5
1783351063435,2026-07-06 17:17:43.435,C3:00:00:63:4D:04,-58,127,3.0,3.5,1.5
1783351063449,2026-07-06 17:17:43.449,C3:00:00:63:4D:07,-58,127,3.0,3.5,1.5
1783351063471,2026-07-06 17:17:43.471,C3:00:00:63:4D:08,-66,127,3.0,3.5,1.5
1783351063477,2026-07-06 17:17:43.477,C3:00:00:63:4D:07,-58,127,3.0,3.5,1.5
1783351063482,2026-07-06 17:17:43.482,C3:00:00:63:4C:D2,-54,127,3.0,3.5,1.5
1783351063502,2026-07-06 17:17:43.502,C3:00:00:63:4D:09,-63,127,3.0,3.5,1.5
1783351063507,2026-07-06 17:17:43.507,C3:00:00:63:4D:08,-66,127,3.0,3.5,1.5
1783351063522,2026-07-06 17:17:43.522,C3:00:00:63:4D:0A,-62,127,3.0,3.5,1.5
1783351063538,2026-07-06 17:17:43.538,C3:00:00:63:4D:0D,-57,127,3.0,3.5,1.5
1783351063543,2026-07-06 17:17:43.543,C3:00:00:63:4D:04,-59,127,3.0,3.5,1.5
1783351063573,2026-07-06 17:17:43.573,C3:00:00:63:4C:D2,-61,127,3.0,3.5,1.5
1783351063584,2026-07-06 17:17:43.584,C3:00:00:63:4D:05,-55,127,3.0,3.5,1.5
1783351063617,2026-07-06 17:17:43.617,C3:00:00:63:4D:09,-64,127,3.0,3.5,1.5
1783351063627,2026-07-06 17:17:43.627,C3:00:00:63:4D:0A,-61,127,3.0,3.5,1.5
1783351063643,2026-07-06 17:17:43.643,C3:00:00:63:4D:04,-54,127,3.0,3.5,1.5
1783351063664,2026-07-06 17:17:43.664,C3:00:00:63:4D:07,-57,127,3.0,3.5,1.5
1783351063710,2026-07-06 17:17:43.710,C3:00:00:63:4D:05,-58,127,3.0,3.5,1.5
1783351063737,2026-07-06 17:17:43.737,C3:00:00:63:4D:09,-63,127,3.0,3.5,1.5
1783351063758,2026-07-06 17:17:43.758,C3:00:00:63:4D:0D,-49,127,3.0,3.5,1.5
1783351063763,2026-07-06 17:17:43.763,C3:00:00:63:4D:07,-58,127,3.0,3.5,1.5
1783351063789,2026-07-06 17:17:43.789,C3:00:00:63:4C:D2,-54,127,3.0,3.5,1.5
1783351063798,2026-07-06 17:17:43.798,C3:00:00:63:4D:05,-58,127,3.0,3.5,1.5
1783351063837,2026-07-06 17:17:43.837,C3:00:00:63:4D:0A,-61,127,3.0,3.5,1.5
1783351063842,2026-07-06 17:17:43.842,C3:00:00:63:4D:09,-64,127,3.0,3.5,1.5
1783351063847,2026-07-06 17:17:43.847,C3:00:00:63:4D:08,-62,127,3.0,3.5,1.5
1783351063853,2026-07-06 17:17:43.853,C3:00:00:63:4D:04,-58,127,3.0,3.5,1.5
1783351063861,2026-07-06 17:17:43.861,C3:00:00:63:4D:0D,-57,127,3.0,3.5,1.5
1783351063866,2026-07-06 17:17:43.866,C3:00:00:63:4D:07,-54,127,3.0,3.5,1.5
1783351063895,2026-07-06 17:17:43.895,C3:00:00:63:4D:05,-54,127,3.0,3.5,1.5
1783351063901,2026-07-06 17:17:43.901,C3:00:00:63:4C:D2,-61,127,3.0,3.5,1.5
1783351063907,2026-07-06 17:17:43.907,C3:00:00:63:4D:0A,-61,127,3.0,3.5,1.5
1783351063915,2026-07-06 17:17:43.915,C3:00:00:63:4D:09,-65,127,3.0,3.5,1.5
1783351063932,2026-07-06 17:17:43.932,C3:00:00:63:4D:08,-57,127,3.0,3.5,1.5
1783351063941,2026-07-06 17:17:43.941,C3:00:00:63:4D:0A,-63,127,3.0,3.5,1.5
1783351063958,2026-07-06 17:17:43.958,C3:00:00:63:4D:09,-60,127,3.0,3.5,1.5
1783351063964,2026-07-06 17:17:43.964,C3:00:00:63:4D:07,-58,127,3.0,3.5,1.5
1783351063977,2026-07-06 17:17:43.977,C3:00:00:63:4D:0D,-58,127,3.0,3.5,1.5
1783351063989,2026-07-06 17:17:43.989,C3:00:00:63:4D:08,-56,127,3.0,3.5,1.5
1783351064006,2026-07-06 17:17:44.006,C3:00:00:63:4D:05,-57,127,3.0,3.5,1.5
1783351064013,2026-07-06 17:17:44.013,C3:00:00:63:4C:D2,-60,127,3.0,3.5,1.5
1783351064046,2026-07-06 17:17:44.046,C3:00:00:63:4D:0A,-65,127,3.0,3.5,1.5
1783351064059,2026-07-06 17:17:44.059,C3:00:00:63:4D:04,-58,127,3.0,3.5,1.5
1783351064066,2026-07-06 17:17:44.066,C3:00:00:63:4D:07,-58,127,3.0,3.5,1.5
1783351064075,2026-07-06 17:17:44.075,C3:00:00:63:4D:08,-68,127,3.0,3.5,1.5
1783351064084,2026-07-06 17:17:44.084,C3:00:00:63:4D:0D,-49,127,3.0,3.5,1.5
1783351064093,2026-07-06 17:17:44.093,C3:00:00:63:4D:09,-61,127,3.0,3.5,1.5
1783351064095,2026-07-06 17:17:44.095,C3:00:00:63:4D:07,-58,127,3.0,3.5,1.5
1783351064097,2026-07-06 17:17:44.097,C3:00:00:63:4D:05,-55,127,3.0,3.5,1.5
1783351064111,2026-07-06 17:17:44.111,C3:00:00:63:4C:D2,-53,127,3.0,3.5,1.5
1783351064147,2026-07-06 17:17:44.147,C3:00:00:63:4D:0A,-61,127,3.0,3.5,1.5
1783351064162,2026-07-06 17:17:44.162,C3:00:00:63:4D:04,-58,127,3.0,3.5,1.5
1783351064170,2026-07-06 17:17:44.170,C3:00:00:63:4D:07,-55,127,3.0,3.5,1.5
1783351064186,2026-07-06 17:17:44.186,C3:00:00:63:4D:09,-64,127,3.0,3.5,1.5
1783351064193,2026-07-06 17:17:44.193,C3:00:00:63:4D:04,-58,127,3.0,3.5,1.5
1783351064209,2026-07-06 17:17:44.209,C3:00:00:63:4C:D2,-61,127,3.0,3.5,1.5
1783351064226,2026-07-06 17:17:44.226,C3:00:00:63:4D:04,-58,127,3.0,3.5,1.5
1783351064233,2026-07-06 17:17:44.233,C3:00:00:63:4C:D2,-60,127,3.0,3.5,1.5
1783351064243,2026-07-06 17:17:44.243,C3:00:00:63:4D:04,-61,127,3.0,3.5,1.5
1783351064251,2026-07-06 17:17:44.251,C3:00:00:63:4D:0A,-63,127,3.0,3.5,1.5
1783351064264,2026-07-06 17:17:44.264,C3:00:00:63:4D:07,-57,127,3.0,3.5,1.5
1783351064271,2026-07-06 17:17:44.271,C3:00:00:63:4D:04,-54,127,3.0,3.5,1.5
1783351064296,2026-07-06 17:17:44.296,C3:00:00:63:4D:05,-58,127,3.0,3.5,1.5
1783351064299,2026-07-06 17:17:44.299,C3:00:00:63:4D:0D,-58,127,3.0,3.5,1.5
1783351064303,2026-07-06 17:17:44.303,C3:00:00:63:4D:09,-61,127,3.0,3.5,1.5
1783351064308,2026-07-06 17:17:44.308,C3:00:00:63:4D:08,-57,127,3.0,3.5,1.5
1783351064325,2026-07-06 17:17:44.325,C3:00:00:63:4C:D2,-61,127,3.0,3.5,1.5
1783351064361,2026-07-06 17:17:44.361,C3:00:00:63:4D:07,-58,127,3.0,3.5,1.5
1783351064367,2026-07-06 17:17:44.367,C3:00:00:63:4D:0A,-62,127,3.0,3.5,1.5
1783351064372,2026-07-06 17:17:44.372,C3:00:00:63:4D:04,-58,127,3.0,3.5,1.5
1783351064398,2026-07-06 17:17:44.398,C3:00:00:63:4D:05,-58,127,3.0,3.5,1.5
1783351064407,2026-07-06 17:17:44.407,C3:00:00:63:4D:0D,-49,127,3.0,3.5,1.5
1783351064420,2026-07-06 17:17:44.420,C3:00:00:63:4D:09,-63,127,3.0,3.5,1.5
1783351064461,2026-07-06 17:17:44.461,C3:00:00:63:4D:07,-54,127,3.0,3.5,1.5
1783351064466,2026-07-06 17:17:44.466,C3:00:00:63:4D:0A,-61,127,3.0,3.5,1.5
1783351064473,2026-07-06 17:17:44.473,C3:00:00:63:4D:04,-59,127,3.0,3.5,1.5
1783351064497,2026-07-06 17:17:44.497,C3:00:00:63:4D:05,-55,127,3.0,3.5,1.5
1783351064507,2026-07-06 17:17:44.507,C3:00:00:63:4D:0D,-57,127,3.0,3.5,1.5
1783351064517,2026-07-06 17:17:44.517,C3:00:00:63:4D:07,-61,127,3.0,3.5,1.5
1783351064533,2026-07-06 17:17:44.533,C3:00:00:63:4D:09,-61,127,3.0,3.5,1.5
1783351064540,2026-07-06 17:17:44.540,C3:00:00:63:4D:08,-57,127,3.0,3.5,1.5
1783351064557,2026-07-06 17:17:44.557,C3:00:00:63:4D:07,-57,127,3.0,3.5,1.5
1783351064626,2026-07-06 17:17:44.626,C3:00:00:63:4D:0D,-58,127,3.0,3.5,1.5
1783351064653,2026-07-06 17:17:44.653,C3:00:00:63:4D:08,-65,127,3.0,3.5,1.5
1783351064661,2026-07-06 17:17:44.661,C3:00:00:63:4D:07,-58,127,3.0,3.5,1.5
1783351064677,2026-07-06 17:17:44.677,C3:00:00:63:4D:0A,-62,127,3.0,3.5,1.5
1783351064681,2026-07-06 17:17:44.681,C3:00:00:63:4D:04,-58,127,3.0,3.5,1.5
1783351064704,2026-07-06 17:17:44.704,C3:00:00:63:4D:05,-58,127,3.0,3.5,1.5
1783351064729,2026-07-06 17:17:44.729,C3:00:00:63:4D:0D,-49,127,3.0,3.5,1.5
1783351064742,2026-07-06 17:17:44.742,C3:00:00:63:4C:D2,-61,127,3.0,3.5,1.5
1783351064769,2026-07-06 17:17:44.769,C3:00:00:63:4D:08,-62,127,3.0,3.5,1.5
1783351064776,2026-07-06 17:17:44.776,C3:00:00:63:4D:04,-58,127,3.0,3.5,1.5
1783351064783,2026-07-06 17:17:44.783,C3:00:00:63:4D:0A,-61,127,3.0,3.5,1.5
1783351064804,2026-07-06 17:17:44.804,C3:00:00:63:4D:05,-55,127,3.0,3.5,1.5
1783351064834,2026-07-06 17:17:44.834,C3:00:00:63:4D:0D,-58,127,3.0,3.5,1.5
1783351064865,2026-07-06 17:17:44.865,C3:00:00:63:4D:07,-57,127,3.0,3.5,1.5
1783351064870,2026-07-06 17:17:44.870,C3:00:00:63:4D:09,-61,127,3.0,3.5,1.5
1783351064881,2026-07-06 17:17:44.881,C3:00:00:63:4D:04,-54,127,3.0,3.5,1.5
1783351064883,2026-07-06 17:17:44.883,C3:00:00:63:4D:08,-56,127,3.0,3.5,1.5
1783351064888,2026-07-06 17:17:44.888,C3:00:00:63:4D:09,-61,127,3.0,3.5,1.5
1783351064906,2026-07-06 17:17:44.906,C3:00:00:63:4D:05,-58,127,3.0,3.5,1.5
1783351064932,2026-07-06 17:17:44.932,C3:00:00:63:4D:05,-58,127,3.0,3.5,1.5
1783351064940,2026-07-06 17:17:44.940,C3:00:00:63:4D:0D,-49,127,3.0,3.5,1.5
1783351064957,2026-07-06 17:17:44.957,C3:00:00:63:4C:D2,-53,127,3.0,3.5,1.5
1783351064963,2026-07-06 17:17:44.963,C3:00:00:63:4D:07,-58,127,3.0,3.5,1.5
1783351064974,2026-07-06 17:17:44.974,C3:00:00:63:4D:0D,-49,127,3.0,3.5,1.5
1783351064995,2026-07-06 17:17:44.995,C3:00:00:63:4D:04,-58,127,3.0,3.5,1.5
1783351065001,2026-07-06 17:17:45.001,C3:00:00:63:4D:08,-68,127,3.0,3.5,1.5
1783351065008,2026-07-06 17:17:45.008,C3:00:00:63:4D:05,-55,127,3.0,3.5,1.5
1783351065090,2026-07-06 17:17:45.090,C3:00:00:63:4D:04,-58,127,3.0,3.5,1.5
1783351065100,2026-07-06 17:17:45.100,C3:00:00:63:4D:05,-54,127,3.0,3.5,1.5
1783351065119,2026-07-06 17:17:45.119,C3:00:00:63:4D:08,-63,127,3.0,3.5,1.5
1783351065161,2026-07-06 17:17:45.161,C3:00:00:63:4D:07,-58,127,3.0,3.5,1.5
1783351065173,2026-07-06 17:17:45.173,C3:00:00:63:4C:D2,-61,127,3.0,3.5,1.5
1783351065196,2026-07-06 17:17:45.196,C3:00:00:63:4D:04,-54,127,3.0,3.5,1.5
1783351065201,2026-07-06 17:17:45.201,C3:00:00:63:4D:0A,-63,127,3.0,3.5,1.5
1783351065205,2026-07-06 17:17:45.205,C3:00:00:63:4D:05,-58,127,3.0,3.5,1.5
1783351065207,2026-07-06 17:17:45.207,C3:00:00:63:4D:09,-61,127,3.0,3.5,1.5
1783351065228,2026-07-06 17:17:45.228,C3:00:00:63:4D:08,-56,127,3.0,3.5,1.5
1783351065259,2026-07-06 17:17:45.259,C3:00:00:63:4D:07,-58,127,3.0,3.5,1.5
1783351065276,2026-07-06 17:17:45.276,C3:00:00:63:4D:0D,-49,127,3.0,3.5,1.5
1783351065283,2026-07-06 17:17:45.283,C3:00:00:63:4C:D2,-54,127,3.0,3.5,1.5
1783351065303,2026-07-06 17:17:45.303,C3:00:00:63:4D:04,-58,127,3.0,3.5,1.5
1783351065309,2026-07-06 17:17:45.309,C3:00:00:63:4D:05,-58,127,3.0,3.5,1.5
1783351065324,2026-07-06 17:17:45.324,C3:00:00:63:4D:09,-62,127,3.0,3.5,1.5
1783351065328,2026-07-06 17:17:45.328,C3:00:00:63:4D:05,-62,127,3.0,3.5,1.5
1783351065344,2026-07-06 17:17:45.344,C3:00:00:63:4D:08,-62,127,3.0,3.5,1.5
1783351065359,2026-07-06 17:17:45.359,C3:00:00:63:4D:07,-54,127,3.0,3.5,1.5
1783351065374,2026-07-06 17:17:45.374,C3:00:00:63:4D:0D,-57,127,3.0,3.5,1.5
1783351065378,2026-07-06 17:17:45.378,C3:00:00:63:4C:D2,-61,127,3.0,3.5,1.5
1783351065398,2026-07-06 17:17:45.398,C3:00:00:63:4D:04,-59,127,3.0,3.5,1.5
1783351065445,2026-07-06 17:17:45.445,C3:00:00:63:4D:09,-61,127,3.0,3.5,1.5
1783351065451,2026-07-06 17:17:45.451,C3:00:00:63:4C:D2,-61,127,3.0,3.5,1.5
1783351065474,2026-07-06 17:17:45.474,C3:00:00:63:4D:08,-57,127,3.0,3.5,1.5
1783351065482,2026-07-06 17:17:45.482,C3:00:00:63:4D:07,-57,127,3.0,3.5,1.5
1783351065498,2026-07-06 17:17:45.498,C3:00:00:63:4D:0D,-58,127,3.0,3.5,1.5
1783351065500,2026-07-06 17:17:45.500,C3:00:00:63:4C:D2,-60,127,3.0,3.5,1.5
1783351065516,2026-07-06 17:17:45.516,C3:00:00:63:4D:0A,-63,127,3.0,3.5,1.5
1783351065518,2026-07-06 17:17:45.518,C3:00:00:63:4D:05,-58,127,3.0,3.5,1.5
1783351065555,2026-07-06 17:17:45.555,C3:00:00:63:4D:09,-63,127,3.0,3.5,1.5
1783351065588,2026-07-06 17:17:45.588,C3:00:00:63:4D:0D,-49,127,3.0,3.5,1.5
1783351065599,2026-07-06 17:17:45.599,C3:00:00:63:4C:D2,-54,127,3.0,3.5,1.5
1783351065620,2026-07-06 17:17:45.620,C3:00:00:63:4D:0A,-62,127,3.0,3.5,1.5
1783351065661,2026-07-06 17:17:45.661,C3:00:00:63:4D:07,-54,127,3.0,3.5,1.5
1783351065667,2026-07-06 17:17:45.667,C3:00:00:63:4D:09,-64,127,3.0,3.5,1.5
1783351065688,2026-07-06 17:17:45.688,C3:00:00:63:4D:08,-62,127,3.0,3.5,1.5
1783351065699,2026-07-06 17:17:45.699,C3:00:00:63:4D:0D,-57,127,3.0,3.5,1.5
1783351065712,2026-07-06 17:17:45.712,C3:00:00:63:4D:04,-59,127,3.0,3.5,1.5
1783351065725,2026-07-06 17:17:45.725,C3:00:00:63:4D:0A,-61,127,3.0,3.5,1.5
1783351065739,2026-07-06 17:17:45.739,C3:00:00:63:4D:05,-58,127,3.0,3.5,1.5
1783351065758,2026-07-06 17:17:45.758,C3:00:00:63:4D:07,-57,127,3.0,3.5,1.5
1783351065762,2026-07-06 17:17:45.762,C3:00:00:63:4D:05,-59,127,3.0,3.5,1.5
1783351065783,2026-07-06 17:17:45.783,C3:00:00:63:4D:09,-61,127,3.0,3.5,1.5
1783351065801,2026-07-06 17:17:45.801,C3:00:00:63:4D:08,-57,127,3.0,3.5,1.5
1783351065808,2026-07-06 17:17:45.808,C3:00:00:63:4D:0A,-63,127,3.0,3.5,1.5
1783351065828,2026-07-06 17:17:45.828,C3:00:00:63:4D:0A,-62,127,3.0,3.5,1.5
1783351065870,2026-07-06 17:17:45.870,C3:00:00:63:4C:D2,-60,127,3.0,3.5,1.5
1783351065897,2026-07-06 17:17:45.897,C3:00:00:63:4D:09,-63,127,3.0,3.5,1.5
1783351065908,2026-07-06 17:17:45.908,C3:00:00:63:4C:D2,-54,127,3.0,3.5,1.5
1783351065923,2026-07-06 17:17:45.923,C3:00:00:63:4D:04,-58,127,3.0,3.5,1.5
1783351065926,2026-07-06 17:17:45.926,C3:00:00:63:4D:09,-63,127,3.0,3.5,1.5
1783351065940,2026-07-06 17:17:45.940,C3:00:00:63:4D:08,-62,127,3.0,3.5,1.5
1783351065957,2026-07-06 17:17:45.957,C3:00:00:63:4D:07,-54,127,3.0,3.5,1.5
1783351066012,2026-07-06 17:17:46.012,C3:00:00:63:4D:05,-54,127,3.0,3.5,1.5
1783351066015,2026-07-06 17:17:46.015,C3:00:00:63:4D:04,-59,127,3.0,3.5,1.5
1783351066020,2026-07-06 17:17:46.020,C3:00:00:63:4D:0D,-57,127,3.0,3.5,1.5
1783351066035,2026-07-06 17:17:46.035,C3:00:00:63:4D:08,-57,127,3.0,3.5,1.5
1783351066051,2026-07-06 17:17:46.051,C3:00:00:63:4D:0A,-63,127,3.0,3.5,1.5
1783351066066,2026-07-06 17:17:46.066,C3:00:00:63:4D:07,-57,127,3.0,3.5,1.5
1783351066082,2026-07-06 17:17:46.082,C3:00:00:63:4D:07,-57,127,3.0,3.5,1.5
1783351066112,2026-07-06 17:17:46.112,C3:00:00:63:4D:05,-58,127,3.0,3.5,1.5
1783351066117,2026-07-06 17:17:46.117,C3:00:00:63:4D:04,-54,127,3.0,3.5,1.5
1783351066124,2026-07-06 17:17:46.124,C3:00:00:63:4C:D2,-61,127,3.0,3.5,1.5
1783351066130,2026-07-06 17:17:46.130,C3:00:00:63:4D:09,-61,127,3.0,3.5,1.5
1783351066132,2026-07-06 17:17:46.132,C3:00:00:63:4D:0D,-49,127,3.0,3.5,1.5
1783351066148,2026-07-06 17:17:46.148,C3:00:00:63:4D:08,-65,127,3.0,3.5,1.5
1783351066153,2026-07-06 17:17:46.153,C3:00:00:63:4D:0A,-62,127,3.0,3.5,1.5
1783351066157,2026-07-06 17:17:46.157,C3:00:00:63:4D:07,-58,127,3.0,3.5,1.5
1783351066189,2026-07-06 17:17:46.189,C3:00:00:63:4D:04,-58,127,3.0,3.5,1.5
1783351066215,2026-07-06 17:17:46.215,C3:00:00:63:4D:05,-58,127,3.0,3.5,1.5
1783351066222,2026-07-06 17:17:46.222,C3:00:00:63:4D:04,-58,127,3.0,3.5,1.5
1783351066228,2026-07-06 17:17:46.228,C3:00:00:63:4C:D2,-54,127,3.0,3.5,1.5
1783351066235,2026-07-06 17:17:46.235,C3:00:00:63:4D:0D,-57,127,3.0,3.5,1.5
1783351066241,2026-07-06 17:17:46.241,C3:00:00:63:4D:09,-64,127,3.0,3.5,1.5
1783351066249,2026-07-06 17:17:46.249,C3:00:00:63:4D:04,-59,127,3.0,3.5,1.5
1783351066258,2026-07-06 17:17:46.258,C3:00:00:63:4D:09,-72,127,3.0,3.5,1.5
1783351066272,2026-07-06 17:17:46.272,C3:00:00:63:4D:08,-62,127,3.0,3.5,1.5
1783351066273,2026-07-06 17:17:46.273,C3:00:00:63:4D:07,-54,127,3.0,3.5,1.5
1783351066281,2026-07-06 17:17:46.281,C3:00:00:63:4D:08,-70,127,3.0,3.5,1.5
1783351066321,2026-07-06 17:17:46.321,C3:00:00:63:4D:05,-54,127,3.0,3.5,1.5
1783351066329,2026-07-06 17:17:46.329,C3:00:00:63:4C:D2,-60,127,3.0,3.5,1.5
1783351066351,2026-07-06 17:17:46.351,C3:00:00:63:4D:0D,-58,127,3.0,3.5,1.5
1783351066359,2026-07-06 17:17:46.359,C3:00:00:63:4D:09,-61,127,3.0,3.5,1.5
1783351066365,2026-07-06 17:17:46.365,C3:00:00:63:4D:07,-57,127,3.0,3.5,1.5
1783351066378,2026-07-06 17:17:46.378,C3:00:00:63:4D:08,-56,127,3.0,3.5,1.5
1783351066415,2026-07-06 17:17:46.415,C3:00:00:63:4D:05,-58,127,3.0,3.5,1.5
1783351066435,2026-07-06 17:17:46.435,C3:00:00:63:4D:04,-58,127,3.0,3.5,1.5
1783351066440,2026-07-06 17:17:46.440,C3:00:00:63:4C:D2,-54,127,3.0,3.5,1.5
1783351066449,2026-07-06 17:17:46.449,C3:00:00:63:4D:0D,-49,127,3.0,3.5,1.5
1783351066456,2026-07-06 17:17:46.456,C3:00:00:63:4D:0A,-62,127,3.0,3.5,1.5
1783351066458,2026-07-06 17:17:46.458,C3:00:00:63:4D:07,-58,127,3.0,3.5,1.5
1783351066469,2026-07-06 17:17:46.469,C3:00:00:63:4D:09,-63,127,3.0,3.5,1.5
1783351066494,2026-07-06 17:17:46.494,C3:00:00:63:4D:08,-66,127,3.0,3.5,1.5
1783351066527,2026-07-06 17:17:46.527,C3:00:00:63:4D:05,-55,127,3.0,3.5,1.5
1783351066546,2026-07-06 17:17:46.546,C3:00:00:63:4C:D2,-61,127,3.0,3.5,1.5
1783351066569,2026-07-06 17:17:46.569,C3:00:00:63:4D:0A,-61,127,3.0,3.5,1.5
1783351066590,2026-07-06 17:17:46.590,C3:00:00:63:4D:09,-64,127,3.0,3.5,1.5
1783351066610,2026-07-06 17:17:46.610,C3:00:00:63:4D:08,-62,127,3.0,3.5,1.5
1783351066619,2026-07-06 17:17:46.619,C3:00:00:63:4D:05,-54,127,3.0,3.5,1.5
1783351066630,2026-07-06 17:17:46.630,C3:00:00:63:4D:04,-59,127,3.0,3.5,1.5
1783351066672,2026-07-06 17:17:46.672,C3:00:00:63:4D:0D,-55,127,3.0,3.5,1.5
1783351066758,2026-07-06 17:17:46.758,C3:00:00:63:4C:D2,-53,127,3.0,3.5,1.5
1783351066763,2026-07-06 17:17:46.763,C3:00:00:63:4D:07,-58,127,3.0,3.5,1.5
1783351066770,2026-07-06 17:17:46.770,C3:00:00:63:4D:0A,-62,127,3.0,3.5,1.5
1783351066826,2026-07-06 17:17:46.826,C3:00:00:63:4D:05,-55,127,3.0,3.5,1.5
1783351066842,2026-07-06 17:17:46.842,C3:00:00:63:4D:04,-58,127,3.0,3.5,1.5
1783351066849,2026-07-06 17:17:46.849,C3:00:00:63:4D:08,-63,127,3.0,3.5,1.5
1783351066873,2026-07-06 17:17:46.873,C3:00:00:63:4D:09,-65,127,3.0,3.5,1.5
1783351066893,2026-07-06 17:17:46.893,C3:00:00:63:4D:0A,-61,127,3.0,3.5,1.5
1783351066896,2026-07-06 17:17:46.896,C3:00:00:63:4D:0D,-56,127,3.0,3.5,1.5
1783351066899,2026-07-06 17:17:46.899,C3:00:00:63:4D:0A,-61,127,3.0,3.5,1.5
1783351066919,2026-07-06 17:17:46.919,C3:00:00:63:4D:05,-55,127,3.0,3.5,1.5
1783351066944,2026-07-06 17:17:46.944,C3:00:00:63:4D:04,-54,127,3.0,3.5,1.5
1783351066966,2026-07-06 17:17:46.966,C3:00:00:63:4D:07,-58,127,3.0,3.5,1.5
1783351066971,2026-07-06 17:17:46.971,C3:00:00:63:4C:D2,-60,127,3.0,3.5,1.5
1783351066975,2026-07-06 17:17:46.975,C3:00:00:63:4D:0D,-59,127,3.0,3.5,1.5
1783351066988,2026-07-06 17:17:46.988,C3:00:00:63:4D:0A,-64,127,3.0,3.5,1.5
1783351066994,2026-07-06 17:17:46.994,C3:00:00:63:4D:0D,-66,127,3.0,3.5,1.5
1783351067016,2026-07-06 17:17:47.016,C3:00:00:63:4D:09,-60,127,3.0,3.5,1.5
1783351067020,2026-07-06 17:17:47.020,C3:00:00:63:4D:0D,-58,127,3.0,3.5,1.5
1783351067026,2026-07-06 17:17:47.026,C3:00:00:63:4D:05,-57,127,3.0,3.5,1.5
1783351067043,2026-07-06 17:17:47.043,C3:00:00:63:4D:09,-61,127,3.0,3.5,1.5
1783351067050,2026-07-06 17:17:47.050,C3:00:00:63:4D:04,-58,127,3.0,3.5,1.5
1783351067068,2026-07-06 17:17:47.068,C3:00:00:63:4D:08,-68,127,3.0,3.5,1.5
1783351067074,2026-07-06 17:17:47.074,C3:00:00:63:4C:D2,-53,127,3.0,3.5,1.5
1783351067091,2026-07-06 17:17:47.091,C3:00:00:63:4D:0A,-62,127,3.0,3.5,1.5
1783351067105,2026-07-06 17:17:47.105,C3:00:00:63:4D:0D,-49,127,3.0,3.5,1.5
1783351067156,2026-07-06 17:17:47.156,C3:00:00:63:4D:07,-54,127,3.0,3.5,1.5
1783351067178,2026-07-06 17:17:47.178,C3:00:00:63:4D:08,-62,127,3.0,3.5,1.5
1783351067183,2026-07-06 17:17:47.183,C3:00:00:63:4C:D2,-61,127,3.0,3.5,1.5
1783351067201,2026-07-06 17:17:47.201,C3:00:00:63:4D:0A,-61,127,3.0,3.5,1.5
1783351067207,2026-07-06 17:17:47.207,C3:00:00:63:4D:0D,-57,127,3.0,3.5,1.5
1783351067222,2026-07-06 17:17:47.222,C3:00:00:63:4D:05,-54,127,3.0,3.5,1.5
1783351067251,2026-07-06 17:17:47.251,C3:00:00:63:4D:04,-54,127,3.0,3.5,1.5
1783351067256,2026-07-06 17:17:47.256,C3:00:00:63:4D:07,-57,127,3.0,3.5,1.5
1783351067275,2026-07-06 17:17:47.275,C3:00:00:63:4D:09,-61,127,3.0,3.5,1.5
1783351067288,2026-07-06 17:17:47.288,C3:00:00:63:4C:D2,-60,127,3.0,3.5,1.5
1783351067298,2026-07-06 17:17:47.298,C3:00:00:63:4D:08,-56,127,3.0,3.5,1.5
1783351067304,2026-07-06 17:17:47.304,C3:00:00:63:4D:0A,-63,127,3.0,3.5,1.5
1783351067320,2026-07-06 17:17:47.320,C3:00:00:63:4D:0D,-58,127,3.0,3.5,1.5
1783351067324,2026-07-06 17:17:47.324,C3:00:00:63:4D:05,-58,127,3.0,3.5,1.5
1783351067352,2026-07-06 17:17:47.352,C3:00:00:63:4D:04,-58,127,3.0,3.5,1.5
1783351067363,2026-07-06 17:17:47.363,C3:00:00:63:4D:07,-58,127,3.0,3.5,1.5
1783351067393,2026-07-06 17:17:47.393,C3:00:00:63:4C:D2,-54,127,3.0,3.5,1.5
1783351067408,2026-07-06 17:17:47.408,C3:00:00:63:4D:0A,-62,127,3.0,3.5,1.5
1783351067422,2026-07-06 17:17:47.422,C3:00:00:63:4D:08,-66,127,3.0,3.5,1.5
1783351067430,2026-07-06 17:17:47.430,C3:00:00:63:4D:0D,-49,127,3.0,3.5,1.5
1783351067434,2026-07-06 17:17:47.434,C3:00:00:63:4D:07,-58,127,3.0,3.5,1.5
1783351067442,2026-07-06 17:17:47.442,C3:00:00:63:4D:05,-55,127,3.0,3.5,1.5
1783351067450,2026-07-06 17:17:47.450,C3:00:00:63:4D:0D,-57,127,3.0,3.5,1.5
1783351067460,2026-07-06 17:17:47.460,C3:00:00:63:4D:08,-62,127,3.0,3.5,1.5
1783351067471,2026-07-06 17:17:47.471,C3:00:00:63:4D:07,-54,127,3.0,3.5,1.5
1783351067494,2026-07-06 17:17:47.494,C3:00:00:63:4D:09,-64,127,3.0,3.5,1.5
1783351067502,2026-07-06 17:17:47.502,C3:00:00:63:4C:D2,-61,127,3.0,3.5,1.5
1783351067507,2026-07-06 17:17:47.507,C3:00:00:63:4D:0A,-61,127,3.0,3.5,1.5
1783351067560,2026-07-06 17:17:47.560,C3:00:00:63:4D:04,-54,127,3.0,3.5,1.5
1783351067565,2026-07-06 17:17:47.565,C3:00:00:63:4D:07,-57,127,3.0,3.5,1.5
1783351067610,2026-07-06 17:17:47.610,C3:00:00:63:4D:09,-61,127,3.0,3.5,1.5
1783351067612,2026-07-06 17:17:47.612,C3:00:00:63:4C:D2,-61,127,3.0,3.5,1.5
1783351067619,2026-07-06 17:17:47.619,C3:00:00:63:4D:0A,-63,127,3.0,3.5,1.5
1783351067630,2026-07-06 17:17:47.630,C3:00:00:63:4C:D2,-61,127,3.0,3.5,1.5
1783351067647,2026-07-06 17:17:47.647,C3:00:00:63:4D:08,-66,127,3.0,3.5,1.5
1783351067651,2026-07-06 17:17:47.651,C3:00:00:63:4D:0D,-49,127,3.0,3.5,1.5
1783351067666,2026-07-06 17:17:47.666,C3:00:00:63:4D:07,-58,127,3.0,3.5,1.5
1783351067667,2026-07-06 17:17:47.667,C3:00:00:63:4D:04,-58,127,3.0,3.5,1.5
1783351067716,2026-07-06 17:17:47.716,C3:00:00:63:4C:D2,-54,127,3.0,3.5,1.5
1783351067722,2026-07-06 17:17:47.722,C3:00:00:63:4D:05,-58,127,3.0,3.5,1.5
1783351067730,2026-07-06 17:17:47.730,C3:00:00:63:4D:0A,-62,127,3.0,3.5,1.5
1783351067736,2026-07-06 17:17:47.736,C3:00:00:63:4D:09,-63,127,3.0,3.5,1.5
1783351067748,2026-07-06 17:17:47.748,C3:00:00:63:4D:04,-60,127,3.0,3.5,1.5
1783351067762,2026-07-06 17:17:47.762,C3:00:00:63:4D:08,-63,127,3.0,3.5,1.5
1783351067825,2026-07-06 17:17:47.825,C3:00:00:63:4C:D2,-60,127,3.0,3.5,1.5
1783351067830,2026-07-06 17:17:47.830,C3:00:00:63:4D:0A,-61,127,3.0,3.5,1.5
1783351067836,2026-07-06 17:17:47.836,C3:00:00:63:4D:05,-57,127,3.0,3.5,1.5
1783351067843,2026-07-06 17:17:47.843,C3:00:00:63:4D:09,-61,127,3.0,3.5,1.5
1783351067860,2026-07-06 17:17:47.860,C3:00:00:63:4D:07,-58,127,3.0,3.5,1.5
1783351067867,2026-07-06 17:17:47.867,C3:00:00:63:4D:0D,-58,127,3.0,3.5,1.5
1783351067873,2026-07-06 17:17:47.873,C3:00:00:63:4D:04,-54,127,3.0,3.5,1.5
1783351067878,2026-07-06 17:17:47.878,C3:00:00:63:4D:08,-56,127,3.0,3.5,1.5
1783351067927,2026-07-06 17:17:47.927,C3:00:00:63:4D:0A,-64,127,3.0,3.5,1.5
1783351067932,2026-07-06 17:17:47.932,C3:00:00:63:4D:05,-55,127,3.0,3.5,1.5
1783351067938,2026-07-06 17:17:47.938,C3:00:00:63:4D:08,-68,127,3.0,3.5,1.5
1783351067971,2026-07-06 17:17:47.971,C3:00:00:63:4D:0D,-49,127,3.0,3.5,1.5
1783351067977,2026-07-06 17:17:47.977,C3:00:00:63:4D:04,-58,127,3.0,3.5,1.5
1783351067988,2026-07-06 17:17:47.988,C3:00:00:63:4D:08,-68,127,3.0,3.5,1.5
1783351068006,2026-07-06 17:17:48.006,C3:00:00:63:4D:08,-69,127,3.0,3.5,1.5
1783351068029,2026-07-06 17:17:48.029,C3:00:00:63:4D:05,-54,127,3.0,3.5,1.5
1783351068035,2026-07-06 17:17:48.035,C3:00:00:63:4C:D2,-60,127,3.0,3.5,1.5
1783351068039,2026-07-06 17:17:48.039,C3:00:00:63:4D:0A,-61,127,3.0,3.5,1.5
1783351068074,2026-07-06 17:17:48.074,C3:00:00:63:4D:04,-58,127,3.0,3.5,1.5
1783351068079,2026-07-06 17:17:48.079,C3:00:00:63:4D:0D,-57,127,3.0,3.5,1.5
1783351068100,2026-07-06 17:17:48.100,C3:00:00:63:4D:07,-54,127,3.0,3.5,1.5
1783351068106,2026-07-06 17:17:48.106,C3:00:00:63:4D:08,-62,127,3.0,3.5,1.5
1783351068135,2026-07-06 17:17:48.135,C3:00:00:63:4D:05,-58,127,3.0,3.5,1.5
1783351068164,2026-07-06 17:17:48.164,C3:00:00:63:4D:07,-57,127,3.0,3.5,1.5
1783351068178,2026-07-06 17:17:48.178,C3:00:00:63:4D:0D,-58,127,3.0,3.5,1.5
1783351068197,2026-07-06 17:17:48.197,C3:00:00:63:4D:04,-54,127,3.0,3.5,1.5
1783351068220,2026-07-06 17:17:48.220,C3:00:00:63:4D:08,-56,127,3.0,3.5,1.5
1783351068238,2026-07-06 17:17:48.238,C3:00:00:63:4D:05,-58,127,3.0,3.5,1.5
1783351068241,2026-07-06 17:17:48.241,C3:00:00:63:4D:04,-58,127,3.0,3.5,1.5
1783351068255,2026-07-06 17:17:48.255,C3:00:00:63:4D:0A,-62,127,3.0,3.5,1.5
1783351068257,2026-07-06 17:17:48.257,C3:00:00:63:4D:04,-65,127,3.0,3.5,1.5
1783351068268,2026-07-06 17:17:48.268,C3:00:00:63:4C:D2,-54,127,3.0,3.5,1.5
1783351068285,2026-07-06 17:17:48.285,C3:00:00:63:4D:04,-58,127,3.0,3.5,1.5
1783351068298,2026-07-06 17:17:48.298,C3:00:00:63:4D:0D,-49,127,3.0,3.5,1.5
1783351068301,2026-07-06 17:17:48.301,C3:00:00:63:4D:09,-63,127,3.0,3.5,1.5
1783351068349,2026-07-06 17:17:48.349,C3:00:00:63:4C:D2,-61,127,3.0,3.5,1.5
1783351068352,2026-07-06 17:17:48.352,C3:00:00:63:4D:0A,-61,127,3.0,3.5,1.5
1783351068366,2026-07-06 17:17:48.366,C3:00:00:63:4D:07,-54,127,3.0,3.5,1.5
1783351068388,2026-07-06 17:17:48.388,C3:00:00:63:4D:04,-58,127,3.0,3.5,1.5
1783351068398,2026-07-06 17:17:48.398,C3:00:00:63:4D:0D,-57,127,3.0,3.5,1.5
1783351068441,2026-07-06 17:17:48.441,C3:00:00:63:4D:05,-58,127,3.0,3.5,1.5
1783351068457,2026-07-06 17:17:48.457,C3:00:00:63:4D:08,-56,127,3.0,3.5,1.5
1783351068462,2026-07-06 17:17:48.462,C3:00:00:63:4D:07,-57,127,3.0,3.5,1.5
1783351068488,2026-07-06 17:17:48.488,C3:00:00:63:4D:04,-55,127,3.0,3.5,1.5
1783351068507,2026-07-06 17:17:48.507,C3:00:00:63:4D:0D,-58,127,3.0,3.5,1.5
1783351068524,2026-07-06 17:17:48.524,C3:00:00:63:4D:07,-65,127,3.0,3.5,1.5
1783351068526,2026-07-06 17:17:48.526,C3:00:00:63:4D:09,-61,127,3.0,3.5,1.5
1783351068536,2026-07-06 17:17:48.536,C3:00:00:63:4D:05,-55,127,3.0,3.5,1.5
1783351068559,2026-07-06 17:17:48.559,C3:00:00:63:4D:0A,-65,127,3.0,3.5,1.5
1783351068566,2026-07-06 17:17:48.566,C3:00:00:63:4D:07,-56,127,3.0,3.5,1.5
1783351068615,2026-07-06 17:17:48.615,C3:00:00:63:4D:0D,-49,127,3.0,3.5,1.5
1783351068637,2026-07-06 17:17:48.637,C3:00:00:63:4D:05,-54,127,3.0,3.5,1.5
1783351068641,2026-07-06 17:17:48.641,C3:00:00:63:4D:09,-65,127,3.0,3.5,1.5
1783351068656,2026-07-06 17:17:48.656,C3:00:00:63:4D:07,-55,127,3.0,3.5,1.5
1783351068672,2026-07-06 17:17:48.672,C3:00:00:63:4C:D2,-60,127,3.0,3.5,1.5
1783351068699,2026-07-06 17:17:48.699,C3:00:00:63:4D:04,-60,127,3.0,3.5,1.5
1783351068726,2026-07-06 17:17:48.726,C3:00:00:63:4D:0D,-56,127,3.0,3.5,1.5
1783351068749,2026-07-06 17:17:48.749,C3:00:00:63:4D:05,-56,127,3.0,3.5,1.5
1783351068755,2026-07-06 17:17:48.755,C3:00:00:63:4D:09,-61,127,3.0,3.5,1.5
1783351068760,2026-07-06 17:17:48.760,C3:00:00:63:4D:07,-58,127,3.0,3.5,1.5
1783351068777,2026-07-06 17:17:48.777,C3:00:00:63:4D:0A,-63,127,3.0,3.5,1.5
1783351068779,2026-07-06 17:17:48.779,C3:00:00:63:4C:D2,-59,127,3.0,3.5,1.5
1783351068795,2026-07-06 17:17:48.795,C3:00:00:63:4D:04,-55,127,3.0,3.5,1.5
1783351068833,2026-07-06 17:17:48.833,C3:00:00:63:4D:0D,-50,127,3.0,3.5,1.5
1783351068849,2026-07-06 17:17:48.849,C3:00:00:63:4D:05,-55,127,3.0,3.5,1.5
1783351068867,2026-07-06 17:17:48.867,C3:00:00:63:4D:07,-58,127,3.0,3.5,1.5
1783351068870,2026-07-06 17:17:48.870,C3:00:00:63:4D:09,-61,127,3.0,3.5,1.5
1783351068878,2026-07-06 17:17:48.878,C3:00:00:63:4D:0A,-65,127,3.0,3.5,1.5
1783351068891,2026-07-06 17:17:48.891,C3:00:00:63:4D:09,-61,127,3.0,3.5,1.5
1783351068913,2026-07-06 17:17:48.913,C3:00:00:63:4D:05,-56,127,3.0,3.5,1.5
1783351068939,2026-07-06 17:17:48.939,C3:00:00:63:4D:0D,-57,127,3.0,3.5,1.5
1783351068944,2026-07-06 17:17:48.944,C3:00:00:63:4D:05,-54,127,3.0,3.5,1.5
1783351068970,2026-07-06 17:17:48.970,C3:00:00:63:4D:07,-55,127,3.0,3.5,1.5
1783351068978,2026-07-06 17:17:48.978,C3:00:00:63:4D:09,-66,127,3.0,3.5,1.5
1783351068985,2026-07-06 17:17:48.985,C3:00:00:63:4D:0A,-61,127,3.0,3.5,1.5
1783351068995,2026-07-06 17:17:48.995,C3:00:00:63:4D:0D,-57,127,3.0,3.5,1.5
1783351068999,2026-07-06 17:17:48.999,C3:00:00:63:4D:04,-58,127,3.0,3.5,1.5
1783351069019,2026-07-06 17:17:49.019,C3:00:00:63:4D:08,-61,127,3.0,3.5,1.5
1783351069058,2026-07-06 17:17:49.058,C3:00:00:63:4D:07,-57,127,3.0,3.5,1.5
1783351069079,2026-07-06 17:17:49.079,C3:00:00:63:4D:0A,-63,127,3.0,3.5,1.5
1783351069099,2026-07-06 17:17:49.099,C3:00:00:63:4D:09,-60,127,3.0,3.5,1.5
1783351069105,2026-07-06 17:17:49.105,C3:00:00:63:4C:D2,-60,127,3.0,3.5,1.5
1783351069112,2026-07-06 17:17:49.112,C3:00:00:63:4D:04,-55,127,3.0,3.5,1.5
1783351069147,2026-07-06 17:17:49.147,C3:00:00:63:4D:05,-58,127,3.0,3.5,1.5
1783351069154,2026-07-06 17:17:49.154,C3:00:00:63:4D:0D,-50,127,3.0,3.5,1.5
1783351069195,2026-07-06 17:17:49.195,C3:00:00:63:4D:0A,-62,127,3.0,3.5,1.5
1783351069201,2026-07-06 17:17:49.201,C3:00:00:63:4C:D2,-53,127,3.0,3.5,1.5
1783351069208,2026-07-06 17:17:49.208,C3:00:00:63:4D:09,-62,127,3.0,3.5,1.5
1783351069216,2026-07-06 17:17:49.216,C3:00:00:63:4D:04,-57,127,3.0,3.5,1.5
1783351069247,2026-07-06 17:17:49.247,C3:00:00:63:4D:05,-54,127,3.0,3.5,1.5
1783351069254,2026-07-06 17:17:49.254,C3:00:00:63:4D:08,-60,127,3.0,3.5,1.5
1783351069261,2026-07-06 17:17:49.261,C3:00:00:63:4D:0D,-57,127,3.0,3.5,1.5
1783351069268,2026-07-06 17:17:49.268,C3:00:00:63:4D:07,-54,127,3.0,3.5,1.5
1783351069285,2026-07-06 17:17:49.285,C3:00:00:63:4D:0A,-61,127,3.0,3.5,1.5
1783351069305,2026-07-06 17:17:49.305,C3:00:00:63:4C:D2,-61,127,3.0,3.5,1.5
1783351069308,2026-07-06 17:17:49.308,C3:00:00:63:4D:04,-58,127,3.0,3.5,1.5
1783351069322,2026-07-06 17:17:49.322,C3:00:00:63:4D:09,-66,127,3.0,3.5,1.5
1783351069346,2026-07-06 17:17:49.346,C3:00:00:63:4D:05,-66,127,3.0,3.5,1.5
1783351069360,2026-07-06 17:17:49.360,C3:00:00:63:4D:07,-57,127,3.0,3.5,1.5
1783351069369,2026-07-06 17:17:49.369,C3:00:00:63:4D:0D,-58,127,3.0,3.5,1.5
1783351069404,2026-07-06 17:17:49.404,C3:00:00:63:4D:0A,-63,127,3.0,3.5,1.5
1783351069409,2026-07-06 17:17:49.409,C3:00:00:63:4C:D2,-60,127,3.0,3.5,1.5
1783351069415,2026-07-06 17:17:49.415,C3:00:00:63:4D:04,-55,127,3.0,3.5,1.5
1783351069418,2026-07-06 17:17:49.418,C3:00:00:63:4D:0D,-58,127,3.0,3.5,1.5
1783351069437,2026-07-06 17:17:49.437,C3:00:00:63:4D:09,-62,127,3.0,3.5,1.5
1783351069451,2026-07-06 17:17:49.451,C3:00:00:63:4D:05,-58,127,3.0,3.5,1.5
1783351069456,2026-07-06 17:17:49.456,C3:00:00:63:4C:D2,-53,127,3.0,3.5,1.5
1783351069464,2026-07-06 17:17:49.464,C3:00:00:63:4D:07,-58,127,3.0,3.5,1.5
1783351069471,2026-07-06 17:17:49.471,C3:00:00:63:4D:08,-67,127,3.0,3.5,1.5
1783351069479,2026-07-06 17:17:49.479,C3:00:00:63:4D:0D,-48,127,3.0,3.5,1.5
1783351069511,2026-07-06 17:17:49.511,C3:00:00:63:4C:D2,-53,127,3.0,3.5,1.5
1783351069526,2026-07-06 17:17:49.526,C3:00:00:63:4D:04,-57,127,3.0,3.5,1.5
1783351069550,2026-07-06 17:17:49.550,C3:00:00:63:4D:09,-66,127,3.0,3.5,1.5
1783351069553,2026-07-06 17:17:49.553,C3:00:00:63:4D:05,-54,127,3.0,3.5,1.5
1783351069587,2026-07-06 17:17:49.587,C3:00:00:63:4D:0D,-58,127,3.0,3.5,1.5
1783351069600,2026-07-06 17:17:49.600,C3:00:00:63:4D:08,-61,127,3.0,3.5,1.5
1783351069608,2026-07-06 17:17:49.608,C3:00:00:63:4D:0A,-60,127,3.0,3.5,1.5
1783351069625,2026-07-06 17:17:49.625,C3:00:00:63:4C:D2,-61,127,3.0,3.5,1.5
1783351069645,2026-07-06 17:17:49.645,C3:00:00:63:4C:D2,-60,127,3.0,3.5,1.5
1783351069648,2026-07-06 17:17:49.648,C3:00:00:63:4D:05,-58,127,3.0,3.5,1.5
1783351069652,2026-07-06 17:17:49.652,C3:00:00:63:4D:07,-57,127,3.0,3.5,1.5
1783351069662,2026-07-06 17:17:49.662,C3:00:00:63:4D:09,-60,127,3.0,3.5,1.5
1783351069715,2026-07-06 17:17:49.715,C3:00:00:63:4D:08,-56,127,3.0,3.5,1.5
1783351069721,2026-07-06 17:17:49.721,C3:00:00:63:4D:0A,-63,127,3.0,3.5,1.5
1783351069727,2026-07-06 17:17:49.727,C3:00:00:63:4D:04,-55,127,3.0,3.5,1.5
1783351069744,2026-07-06 17:17:49.744,C3:00:00:63:4C:D2,-53,127,3.0,3.5,1.5
1783351069760,2026-07-06 17:17:49.760,C3:00:00:63:4D:05,-58,127,3.0,3.5,1.5
1783351069763,2026-07-06 17:17:49.763,C3:00:00:63:4D:07,-58,127,3.0,3.5,1.5
1783351069777,2026-07-06 17:17:49.777,C3:00:00:63:4D:09,-62,127,3.0,3.5,1.5
1783351069783,2026-07-06 17:17:49.783,C3:00:00:63:4D:05,-58,127,3.0,3.5,1.5
1783351069801,2026-07-06 17:17:49.801,C3:00:00:63:4D:0D,-50,127,3.0,3.5,1.5
1783351069824,2026-07-06 17:17:49.824,C3:00:00:63:4D:0A,-62,127,3.0,3.5,1.5
1783351069830,2026-07-06 17:17:49.830,C3:00:00:63:4D:04,-57,127,3.0,3.5,1.5
1783351069846,2026-07-06 17:17:49.846,C3:00:00:63:4D:0A,-61,127,3.0,3.5,1.5
1783351069852,2026-07-06 17:17:49.852,C3:00:00:63:4D:05,-54,127,3.0,3.5,1.5
1783351069858,2026-07-06 17:17:49.858,C3:00:00:63:4D:07,-54,127,3.0,3.5,1.5
1783351069874,2026-07-06 17:17:49.874,C3:00:00:63:4C:D2,-69,127,3.0,3.5,1.5
1783351069887,2026-07-06 17:17:49.887,C3:00:00:63:4D:09,-66,127,3.0,3.5,1.5
1783351069909,2026-07-06 17:17:49.909,C3:00:00:63:4D:0D,-57,127,3.0,3.5,1.5
1783351069923,2026-07-06 17:17:49.923,C3:00:00:63:4D:0A,-61,127,3.0,3.5,1.5
1783351069927,2026-07-06 17:17:49.927,C3:00:00:63:4D:09,-66,127,3.0,3.5,1.5
1783351069941,2026-07-06 17:17:49.941,C3:00:00:63:4D:08,-56,127,3.0,3.5,1.5
1783351069945,2026-07-06 17:17:49.945,C3:00:00:63:4C:D2,-60,127,3.0,3.5,1.5
1783351069952,2026-07-06 17:17:49.952,C3:00:00:63:4D:0A,-63,127,3.0,3.5,1.5
1783351069954,2026-07-06 17:17:49.954,C3:00:00:63:4D:05,-58,127,3.0,3.5,1.5
1783351069960,2026-07-06 17:17:49.960,C3:00:00:63:4D:08,-56,127,3.0,3.5,1.5
1783351070006,2026-07-06 17:17:50.006,C3:00:00:63:4D:09,-60,127,3.0,3.5,1.5
1783351070022,2026-07-06 17:17:50.022,C3:00:00:63:4D:0D,-57,127,3.0,3.5,1.5
1783351070029,2026-07-06 17:17:50.029,C3:00:00:63:4D:04,-57,127,3.0,3.5,1.5
1783351070033,2026-07-06 17:17:50.033,C3:00:00:63:4D:0A,-62,127,3.0,3.5,1.5
1783351070042,2026-07-06 17:17:50.042,C3:00:00:63:4C:D2,-52,127,3.0,3.5,1.5
1783351070059,2026-07-06 17:17:50.059,C3:00:00:63:4D:08,-71,127,3.0,3.5,1.5
1783351070099,2026-07-06 17:17:50.099,C3:00:00:63:4D:07,-58,127,3.0,3.5,1.5
1783351070121,2026-07-06 17:17:50.121,C3:00:00:63:4D:09,-61,127,3.0,3.5,1.5
1783351070130,2026-07-06 17:17:50.130,C3:00:00:63:4D:0D,-57,127,3.0,3.5,1.5
1783351070133,2026-07-06 17:17:50.133,C3:00:00:63:4D:04,-58,127,3.0,3.5,1.5
1783351070140,2026-07-06 17:17:50.140,C3:00:00:63:4D:0A,-61,127,3.0,3.5,1.5
1783351070164,2026-07-06 17:17:50.164,C3:00:00:63:4C:D2,-61,127,3.0,3.5,1.5
1783351070174,2026-07-06 17:17:50.174,C3:00:00:63:4D:07,-55,127,3.0,3.5,1.5
1783351070183,2026-07-06 17:17:50.183,C3:00:00:63:4D:08,-62,127,3.0,3.5,1.5
1783351070195,2026-07-06 17:17:50.195,C3:00:00:63:4D:04,-58,127,3.0,3.5,1.5
1783351070231,2026-07-06 17:17:50.231,C3:00:00:63:4D:09,-66,127,3.0,3.5,1.5
1783351070240,2026-07-06 17:17:50.240,C3:00:00:63:4D:0A,-63,127,3.0,3.5,1.5
1783351070257,2026-07-06 17:17:50.257,C3:00:00:63:4D:05,-56,127,3.0,3.5,1.5
1783351070261,2026-07-06 17:17:50.261,C3:00:00:63:4D:07,-58,127,3.0,3.5,1.5
1783351070267,2026-07-06 17:17:50.267,C3:00:00:63:4D:09,-68,127,3.0,3.5,1.5
1783351070271,2026-07-06 17:17:50.271,C3:00:00:63:4C:D2,-60,127,3.0,3.5,1.5
1783351070284,2026-07-06 17:17:50.284,C3:00:00:63:4D:08,-63,127,3.0,3.5,1.5
1783351070300,2026-07-06 17:17:50.300,C3:00:00:63:4D:08,-56,127,3.0,3.5,1.5
1783351070338,2026-07-06 17:17:50.338,C3:00:00:63:4D:0D,-50,127,3.0,3.5,1.5
1783351070340,2026-07-06 17:17:50.340,C3:00:00:63:4D:09,-62,127,3.0,3.5,1.5
1783351070342,2026-07-06 17:17:50.342,C3:00:00:63:4D:04,-57,127,3.0,3.5,1.5
1783351070344,2026-07-06 17:17:50.344,C3:00:00:63:4D:0A,-62,127,3.0,3.5,1.5
1783351070352,2026-07-06 17:17:50.352,C3:00:00:63:4D:07,-58,127,3.0,3.5,1.5
1783351070360,2026-07-06 17:17:50.360,C3:00:00:63:4D:05,-58,127,3.0,3.5,1.5
1783351070394,2026-07-06 17:17:50.394,C3:00:00:63:4D:08,-67,127,3.0,3.5,1.5
1783351070445,2026-07-06 17:17:50.445,C3:00:00:63:4D:04,-58,127,3.0,3.5,1.5
1783351070464,2026-07-06 17:17:50.464,C3:00:00:63:4D:09,-66,127,3.0,3.5,1.5
1783351070470,2026-07-06 17:17:50.470,C3:00:00:63:4D:05,-54,127,3.0,3.5,1.5
1783351070475,2026-07-06 17:17:50.475,C3:00:00:63:4D:07,-54,127,3.0,3.5,1.5
1783351070478,2026-07-06 17:17:50.478,C3:00:00:63:4C:D2,-60,127,3.0,3.5,1.5
1783351070511,2026-07-06 17:17:50.511,C3:00:00:63:4D:08,-61,127,3.0,3.5,1.5
1783351070546,2026-07-06 17:17:50.546,C3:00:00:63:4D:0A,-63,127,3.0,3.5,1.5
1783351070551,2026-07-06 17:17:50.551,C3:00:00:63:4D:04,-55,127,3.0,3.5,1.5
1783351070560,2026-07-06 17:17:50.560,C3:00:00:63:4D:07,-57,127,3.0,3.5,1.5
1783351070569,2026-07-06 17:17:50.569,C3:00:00:63:4D:09,-60,127,3.0,3.5,1.5
1783351070575,2026-07-06 17:17:50.575,C3:00:00:63:4C:D2,-60,127,3.0,3.5,1.5
1783351070631,2026-07-06 17:17:50.631,C3:00:00:63:4D:08,-67,127,3.0,3.5,1.5
1783351070653,2026-07-06 17:17:50.653,C3:00:00:63:4D:04,-57,127,3.0,3.5,1.5
1783351070661,2026-07-06 17:17:50.661,C3:00:00:63:4D:0D,-50,127,3.0,3.5,1.5
1783351070685,2026-07-06 17:17:50.685,C3:00:00:63:4C:D2,-53,127,3.0,3.5,1.5
1783351070693,2026-07-06 17:17:50.693,C3:00:00:63:4D:09,-62,127,3.0,3.5,1.5
1783351070762,2026-07-06 17:17:50.762,C3:00:00:63:4D:0A,-61,127,3.0,3.5,1.5
1783351070768,2026-07-06 17:17:50.768,C3:00:00:63:4D:05,-54,127,3.0,3.5,1.5
1783351070774,2026-07-06 17:17:50.774,C3:00:00:63:4D:07,-55,127,3.0,3.5,1.5
1783351070781,2026-07-06 17:17:50.781,C3:00:00:63:4D:0D,-57,127,3.0,3.5,1.5
1783351070792,2026-07-06 17:17:50.792,C3:00:00:63:4C:D2,-61,127,3.0,3.5,1.5
1783351070800,2026-07-06 17:17:50.800,C3:00:00:63:4D:09,-66,127,3.0,3.5,1.5
1783351070859,2026-07-06 17:17:50.859,C3:00:00:63:4D:05,-56,127,3.0,3.5,1.5
1783351070863,2026-07-06 17:17:50.863,C3:00:00:63:4D:04,-55,127,3.0,3.5,1.5
1783351070866,2026-07-06 17:17:50.866,C3:00:00:63:4D:0A,-63,127,3.0,3.5,1.5
1783351070884,2026-07-06 17:17:50.884,C3:00:00:63:4D:0D,-58,127,3.0,3.5,1.5
1783351070891,2026-07-06 17:17:50.891,C3:00:00:63:4C:D2,-59,127,3.0,3.5,1.5
1783351070893,2026-07-06 17:17:50.893,C3:00:00:63:4D:09,-60,127,3.0,3.5,1.5
1783351070899,2026-07-06 17:17:50.899,C3:00:00:63:4D:0A,-65,127,3.0,3.5,1.5
1783351070920,2026-07-06 17:17:50.920,C3:00:00:63:4D:09,-60,127,3.0,3.5,1.5
1783351071003,2026-07-06 17:17:51.003,C3:00:00:63:4D:0D,-58,127,3.0,3.5,1.5
1783351071009,2026-07-06 17:17:51.009,C3:00:00:63:4C:D2,-53,127,3.0,3.5,1.5
1783351071026,2026-07-06 17:17:51.026,C3:00:00:63:4D:0D,-50,127,3.0,3.5,1.5
1783351071052,2026-07-06 17:17:51.052,C3:00:00:63:4D:09,-65,127,3.0,3.5,1.5
1783351071062,2026-07-06 17:17:51.062,C3:00:00:63:4D:07,-54,127,3.0,3.5,1.5
1783351071065,2026-07-06 17:17:51.065,C3:00:00:63:4D:05,-54,127,3.0,3.5,1.5
1783351071074,2026-07-06 17:17:51.074,C3:00:00:63:4D:0A,-60,127,3.0,3.5,1.5
1783351071089,2026-07-06 17:17:51.089,C3:00:00:63:4D:08,-61,127,3.0,3.5,1.5
1783351071092,2026-07-06 17:17:51.092,C3:00:00:63:4D:0D,-58,127,3.0,3.5,1.5
1783351071102,2026-07-06 17:17:51.102,C3:00:00:63:4C:D2,-61,127,3.0,3.5,1.5
1783351071146,2026-07-06 17:17:51.146,C3:00:00:63:4D:09,-61,127,3.0,3.5,1.5
1783351071184,2026-07-06 17:17:51.184,C3:00:00:63:4D:07,-57,127,3.0,3.5,1.5
1783351071189,2026-07-06 17:17:51.189,C3:00:00:63:4D:04,-55,127,3.0,3.5,1.5
1783351071191,2026-07-06 17:17:51.191,C3:00:00:63:4D:0A,-63,127,3.0,3.5,1.5
1783351071203,2026-07-06 17:17:51.203,C3:00:00:63:4D:0D,-57,127,3.0,3.5,1.5
1783351071208,2026-07-06 17:17:51.208,C3:00:00:63:4D:08,-56,127,3.0,3.5,1.5
1783351071210,2026-07-06 17:17:51.210,C3:00:00:63:4C:D2,-60,127,3.0,3.5,1.5
1783351071260,2026-07-06 17:17:51.260,C3:00:00:63:4D:09,-63,127,3.0,3.5,1.5
1783351071263,2026-07-06 17:17:51.263,C3:00:00:63:4D:07,-58,127,3.0,3.5,1.5
1783351071266,2026-07-06 17:17:51.266,C3:00:00:63:4D:04,-56,127,3.0,3.5,1.5
1783351071281,2026-07-06 17:17:51.281,C3:00:00:63:4D:0D,-49,127,3.0,3.5,1.5
1783351071288,2026-07-06 17:17:51.288,C3:00:00:63:4D:0A,-62,127,3.0,3.5,1.5
1783351071316,2026-07-06 17:17:51.316,C3:00:00:63:4D:0D,-49,127,3.0,3.5,1.5
1783351071325,2026-07-06 17:17:51.325,C3:00:00:63:4C:D2,-53,127,3.0,3.5,1.5
1783351071333,2026-07-06 17:17:51.333,C3:00:00:63:4D:08,-68,127,3.0,3.5,1.5
1783351071360,2026-07-06 17:17:51.360,C3:00:00:63:4D:07,-54,127,3.0,3.5,1.5
1783351071374,2026-07-06 17:17:51.374,C3:00:00:63:4D:09,-65,127,3.0,3.5,1.5
1783351071391,2026-07-06 17:17:51.391,C3:00:00:63:4D:0A,-61,127,3.0,3.5,1.5
1783351071423,2026-07-06 17:17:51.423,C3:00:00:63:4D:0D,-57,127,3.0,3.5,1.5
1783351071436,2026-07-06 17:17:51.436,C3:00:00:63:4D:07,-57,127,3.0,3.5,1.5
1783351071444,2026-07-06 17:17:51.444,C3:00:00:63:4D:0D,-57,127,3.0,3.5,1.5
1783351071478,2026-07-06 17:17:51.478,C3:00:00:63:4D:07,-57,127,3.0,3.5,1.5
1783351071483,2026-07-06 17:17:51.483,C3:00:00:63:4D:08,-56,127,3.0,3.5,1.5
1783351071490,2026-07-06 17:17:51.490,C3:00:00:63:4D:05,-58,127,3.0,3.5,1.5
1783351071493,2026-07-06 17:17:51.493,C3:00:00:63:4D:04,-56,127,3.0,3.5,1.5
1783351071494,2026-07-06 17:17:51.494,C3:00:00:63:4D:09,-61,127,3.0,3.5,1.5
1783351071499,2026-07-06 17:17:51.499,C3:00:00:63:4D:07,-57,127,3.0,3.5,1.5
1783351071501,2026-07-06 17:17:51.501,C3:00:00:63:4D:0A,-63,127,3.0,3.5,1.5
1783351071524,2026-07-06 17:17:51.524,C3:00:00:63:4D:0D,-57,127,3.0,3.5,1.5
1783351071526,2026-07-06 17:17:51.526,C3:00:00:63:4C:D2,-54,127,3.0,3.5,1.5
1783351071552,2026-07-06 17:17:51.552,C3:00:00:63:4D:08,-66,127,3.0,3.5,1.5
1783351071555,2026-07-06 17:17:51.555,C3:00:00:63:4D:07,-58,127,3.0,3.5,1.5
1783351071598,2026-07-06 17:17:51.598,C3:00:00:63:4D:09,-63,127,3.0,3.5,1.5
1783351071605,2026-07-06 17:17:51.605,C3:00:00:63:4D:0A,-62,127,3.0,3.5,1.5
1783351071634,2026-07-06 17:17:51.634,C3:00:00:63:4C:D2,-61,127,3.0,3.5,1.5
1783351071639,2026-07-06 17:17:51.639,C3:00:00:63:4D:0D,-57,127,3.0,3.5,1.5
1783351071669,2026-07-06 17:17:51.669,C3:00:00:63:4D:08,-62,127,3.0,3.5,1.5
1783351071676,2026-07-06 17:17:51.676,C3:00:00:63:4D:05,-55,127,3.0,3.5,1.5
1783351071682,2026-07-06 17:17:51.682,C3:00:00:63:4D:04,-59,127,3.0,3.5,1.5
1783351071706,2026-07-06 17:17:51.706,C3:00:00:63:4D:0A,-59,127,3.0,3.5,1.5
1783351071709,2026-07-06 17:17:51.709,C3:00:00:63:4D:09,-64,127,3.0,3.5,1.5
1783351071739,2026-07-06 17:17:51.739,C3:00:00:63:4D:05,-59,127,3.0,3.5,1.5
1783351071768,2026-07-06 17:17:51.768,C3:00:00:63:4D:05,-58,127,3.0,3.5,1.5
1783351071790,2026-07-06 17:17:51.790,C3:00:00:63:4D:05,-59,127,3.0,3.5,1.5
1783351071851,2026-07-06 17:17:51.851,C3:00:00:63:4C:D2,-54,127,3.0,3.5,1.5
1783351071856,2026-07-06 17:17:51.856,C3:00:00:63:4D:0D,-50,127,3.0,3.5,1.5
1783351071859,2026-07-06 17:17:51.859,C3:00:00:63:4D:07,-58,127,3.0,3.5,1.5
1783351071940,2026-07-06 17:17:51.940,C3:00:00:63:4D:0A,-61,127,3.0,3.5,1.5
1783351071946,2026-07-06 17:17:51.946,C3:00:00:63:4D:08,-62,127,3.0,3.5,1.5
1783351071954,2026-07-06 17:17:51.954,C3:00:00:63:4D:09,-64,127,3.0,3.5,1.5
1783351071964,2026-07-06 17:17:51.964,C3:00:00:63:4D:07,-54,127,3.0,3.5,1.5
1783351072032,2026-07-06 17:17:52.032,C3:00:00:63:4D:0A,-61,127,3.0,3.5,1.5
1783351072036,2026-07-06 17:17:52.036,C3:00:00:63:4D:08,-58,127,3.0,3.5,1.5
1783351072056,2026-07-06 17:17:52.056,C3:00:00:63:4D:09,-61,127,3.0,3.5,1.5
1783351072128,2026-07-06 17:17:52.128,C3:00:00:63:4D:08,-58,127,3.0,3.5,1.5
1783351072134,2026-07-06 17:17:52.134,C3:00:00:63:4D:0A,-63,127,3.0,3.5,1.5
1783351072214,2026-07-06 17:17:52.214,C3:00:00:63:4D:04,-59,127,3.0,3.5,1.5
1783351072238,2026-07-06 17:17:52.238,C3:00:00:63:4D:0A,-63,127,3.0,3.5,1.5
1783351072246,2026-07-06 17:17:52.246,C3:00:00:63:4D:04,-59,127,3.0,3.5,1.5
1783351072296,2026-07-06 17:17:52.296,C3:00:00:63:4C:D2,-61,127,3.0,3.5,1.5
1783351072338,2026-07-06 17:17:52.338,C3:00:00:63:4D:0A,-63,127,3.0,3.5,1.5
1783351072367,2026-07-06 17:17:52.367,C3:00:00:63:4D:07,-57,127,3.0,3.5,1.5
1783351072381,2026-07-06 17:17:52.381,C3:00:00:63:4D:08,-57,127,3.0,3.5,1.5
1783351072387,2026-07-06 17:17:52.387,C3:00:00:63:4C:D2,-61,127,3.0,3.5,1.5
1783351072391,2026-07-06 17:17:52.391,C3:00:00:63:4D:0D,-57,127,3.0,3.5,1.5
1783351072393,2026-07-06 17:17:52.393,C3:00:00:63:4D:09,-62,127,3.0,3.5,1.5
1783351072397,2026-07-06 17:17:52.397,C3:00:00:63:4D:04,-55,127,3.0,3.5,1.5
1783351072445,2026-07-06 17:17:52.445,C3:00:00:63:4D:0A,-63,127,3.0,3.5,1.5
1783351072475,2026-07-06 17:17:52.475,C3:00:00:63:4D:08,-67,127,3.0,3.5,1.5
1783351072500,2026-07-06 17:17:52.500,C3:00:00:63:4D:0D,-50,127,3.0,3.5,1.5
1783351072519,2026-07-06 17:17:52.519,C3:00:00:63:4D:04,-58,127,3.0,3.5,1.5
1783351072530,2026-07-06 17:17:52.530,C3:00:00:63:4D:07,-62,127,3.0,3.5,1.5
1783351072546,2026-07-06 17:17:52.546,C3:00:00:63:4D:0A,-59,127,3.0,3.5,1.5
1783351072558,2026-07-06 17:17:52.558,C3:00:00:63:4D:07,-55,127,3.0,3.5,1.5
1783351072587,2026-07-06 17:17:52.587,C3:00:00:63:4D:05,-54,127,3.0,3.5,1.5
1783351072589,2026-07-06 17:17:52.589,C3:00:00:63:4D:08,-60,127,3.0,3.5,1.5
1783351072593,2026-07-06 17:17:52.593,C3:00:00:63:4C:D2,-60,127,3.0,3.5,1.5
1783351072609,2026-07-06 17:17:52.609,C3:00:00:63:4D:0D,-55,127,3.0,3.5,1.5
1783351072617,2026-07-06 17:17:52.617,C3:00:00:63:4D:04,-59,127,3.0,3.5,1.5
1783351072624,2026-07-06 17:17:52.624,C3:00:00:63:4D:09,-64,127,3.0,3.5,1.5
1783351072657,2026-07-06 17:17:52.657,C3:00:00:63:4D:0A,-63,127,3.0,3.5,1.5
1783351072662,2026-07-06 17:17:52.662,C3:00:00:63:4D:07,-56,127,3.0,3.5,1.5
1783351072687,2026-07-06 17:17:52.687,C3:00:00:63:4D:05,-58,127,3.0,3.5,1.5
1783351072709,2026-07-06 17:17:52.709,C3:00:00:63:4C:D2,-60,127,3.0,3.5,1.5
1783351072719,2026-07-06 17:17:52.719,C3:00:00:63:4D:08,-57,127,3.0,3.5,1.5
1783351072724,2026-07-06 17:17:52.724,C3:00:00:63:4D:04,-55,127,3.0,3.5,1.5
1783351072729,2026-07-06 17:17:52.729,C3:00:00:63:4D:0D,-57,127,3.0,3.5,1.5
1783351072748,2026-07-06 17:17:52.748,C3:00:00:63:4D:09,-63,127,3.0,3.5,1.5
1783351072759,2026-07-06 17:17:52.759,C3:00:00:63:4D:0A,-66,127,3.0,3.5,1.5
1783351072766,2026-07-06 17:17:52.766,C3:00:00:63:4D:07,-58,127,3.0,3.5,1.5
1783351072781,2026-07-06 17:17:52.781,C3:00:00:63:4D:05,-55,127,3.0,3.5,1.5
1783351072805,2026-07-06 17:17:52.805,C3:00:00:63:4C:D2,-53,127,3.0,3.5,1.5
1783351072823,2026-07-06 17:17:52.823,C3:00:00:63:4D:08,-70,127,3.0,3.5,1.5
1783351072825,2026-07-06 17:17:52.825,C3:00:00:63:4D:0D,-50,127,3.0,3.5,1.5
1783351072856,2026-07-06 17:17:52.856,C3:00:00:63:4D:09,-64,127,3.0,3.5,1.5
1783351072906,2026-07-06 17:17:52.906,C3:00:00:63:4C:D2,-59,127,3.0,3.5,1.5
1783351072923,2026-07-06 17:17:52.923,C3:00:00:63:4D:04,-59,127,3.0,3.5,1.5
1783351072924,2026-07-06 17:17:52.924,C3:00:00:63:4D:05,-54,127,3.0,3.5,1.5
1783351072937,2026-07-06 17:17:52.937,C3:00:00:63:4D:0D,-57,127,3.0,3.5,1.5
1783351072961,2026-07-06 17:17:52.961,C3:00:00:63:4D:07,-56,127,3.0,3.5,1.5
1783351072982,2026-07-06 17:17:52.982,C3:00:00:63:4D:05,-58,127,3.0,3.5,1.5
1783351072988,2026-07-06 17:17:52.988,C3:00:00:63:4D:0D,-57,127,3.0,3.5,1.5
1783351073014,2026-07-06 17:17:53.014,C3:00:00:63:4C:D2,-61,127,3.0,3.5,1.5
1783351073021,2026-07-06 17:17:53.021,C3:00:00:63:4D:04,-55,127,3.0,3.5,1.5
1783351073045,2026-07-06 17:17:53.045,C3:00:00:63:4D:0D,-50,127,3.0,3.5,1.5
1783351073055,2026-07-06 17:17:53.055,C3:00:00:63:4D:08,-68,127,3.0,3.5,1.5
1783351073069,2026-07-06 17:17:53.069,C3:00:00:63:4D:0A,-63,127,3.0,3.5,1.5
1783351073085,2026-07-06 17:17:53.085,C3:00:00:63:4D:09,-63,127,3.0,3.5,1.5
1783351073092,2026-07-06 17:17:53.092,C3:00:00:63:4D:05,-58,127,3.0,3.5,1.5
1783351073120,2026-07-06 17:17:53.120,C3:00:00:63:4C:D2,-54,127,3.0,3.5,1.5
1783351073125,2026-07-06 17:17:53.125,C3:00:00:63:4D:04,-58,127,3.0,3.5,1.5
1783351073153,2026-07-06 17:17:53.153,C3:00:00:63:4D:0D,-56,127,3.0,3.5,1.5
1783351073165,2026-07-06 17:17:53.165,C3:00:00:63:4D:07,-55,127,3.0,3.5,1.5
1783351073170,2026-07-06 17:17:53.170,C3:00:00:63:4D:08,-60,127,3.0,3.5,1.5
1783351073179,2026-07-06 17:17:53.179,C3:00:00:63:4D:0A,-59,127,3.0,3.5,1.5
1783351073192,2026-07-06 17:17:53.192,C3:00:00:63:4D:05,-54,127,3.0,3.5,1.5
1783351073195,2026-07-06 17:17:53.195,C3:00:00:63:4D:09,-64,127,3.0,3.5,1.5
1783351073222,2026-07-06 17:17:53.222,C3:00:00:63:4D:04,-59,127,3.0,3.5,1.5
1783351073225,2026-07-06 17:17:53.225,C3:00:00:63:4C:D2,-61,127,3.0,3.5,1.5
1783351073264,2026-07-06 17:17:53.264,C3:00:00:63:4D:07,-56,127,3.0,3.5,1.5
1783351073285,2026-07-06 17:17:53.285,C3:00:00:63:4D:08,-57,127,3.0,3.5,1.5
1783351073290,2026-07-06 17:17:53.290,C3:00:00:63:4D:05,-58,127,3.0,3.5,1.5
1783351073314,2026-07-06 17:17:53.314,C3:00:00:63:4D:09,-61,127,3.0,3.5,1.5
1783351073336,2026-07-06 17:17:53.336,C3:00:00:63:4C:D2,-55,127,3.0,3.5,1.5
1783351073359,2026-07-06 17:17:53.359,C3:00:00:63:4D:05,-65,127,3.0,3.5,1.5
1783351073367,2026-07-06 17:17:53.367,C3:00:00:63:4D:07,-58,127,3.0,3.5,1.5
1783351073372,2026-07-06 17:17:53.372,C3:00:00:63:4D:0D,-50,127,3.0,3.5,1.5
1783351073389,2026-07-06 17:17:53.389,C3:00:00:63:4D:0A,-63,127,3.0,3.5,1.5
1783351073431,2026-07-06 17:17:53.431,C3:00:00:63:4D:04,-59,127,3.0,3.5,1.5
1783351073437,2026-07-06 17:17:53.437,C3:00:00:63:4C:D2,-60,127,3.0,3.5,1.5
1783351073443,2026-07-06 17:17:53.443,C3:00:00:63:4D:0D,-56,127,3.0,3.5,1.5
1783351073462,2026-07-06 17:17:53.462,C3:00:00:63:4D:07,-55,127,3.0,3.5,1.5
1783351073470,2026-07-06 17:17:53.470,C3:00:00:63:4C:D2,-61,127,3.0,3.5,1.5
1783351073472,2026-07-06 17:17:53.472,C3:00:00:63:4D:08,-60,127,3.0,3.5,1.5
1783351073497,2026-07-06 17:17:53.497,C3:00:00:63:4D:07,-55,127,3.0,3.5,1.5
1783351073507,2026-07-06 17:17:53.507,C3:00:00:63:4D:08,-60,127,3.0,3.5,1.5
1783351073547,2026-07-06 17:17:53.547,C3:00:00:63:4C:D2,-61,127,3.0,3.5,1.5
1783351073558,2026-07-06 17:17:53.558,C3:00:00:63:4D:07,-57,127,3.0,3.5,1.5
1783351073585,2026-07-06 17:17:53.585,C3:00:00:63:4D:0D,-58,127,3.0,3.5,1.5
1783351073601,2026-07-06 17:17:53.601,C3:00:00:63:4D:05,-57,127,3.0,3.5,1.5
1783351073615,2026-07-06 17:17:53.615,C3:00:00:63:4D:0A,-64,127,3.0,3.5,1.5
1783351073629,2026-07-06 17:17:53.629,C3:00:00:63:4D:08,-56,127,3.0,3.5,1.5
1783351073644,2026-07-06 17:17:53.644,C3:00:00:63:4D:04,-58,127,3.0,3.5,1.5
1783351073649,2026-07-06 17:17:53.649,C3:00:00:63:4C:D2,-53,127,3.0,3.5,1.5
1783351073651,2026-07-06 17:17:53.651,C3:00:00:63:4D:09,-61,127,3.0,3.5,1.5
1783351073665,2026-07-06 17:17:53.665,C3:00:00:63:4C:D2,-54,127,3.0,3.5,1.5
1783351073697,2026-07-06 17:17:53.697,C3:00:00:63:4D:0D,-50,127,3.0,3.5,1.5
1783351073699,2026-07-06 17:17:53.699,C3:00:00:63:4D:05,-55,127,3.0,3.5,1.5
1783351073702,2026-07-06 17:17:53.702,C3:00:00:63:4D:0A,-65,127,3.0,3.5,1.5
1783351073749,2026-07-06 17:17:53.749,C3:00:00:63:4D:05,-54,127,3.0,3.5,1.5
1783351073771,2026-07-06 17:17:53.771,C3:00:00:63:4D:07,-55,127,3.0,3.5,1.5
1783351073773,2026-07-06 17:17:53.773,C3:00:00:63:4D:09,-64,127,3.0,3.5,1.5
1783351073790,2026-07-06 17:17:53.790,C3:00:00:63:4D:05,-54,127,3.0,3.5,1.5
1783351073806,2026-07-06 17:17:53.806,C3:00:00:63:4D:0A,-59,127,3.0,3.5,1.5
1783351073834,2026-07-06 17:17:53.834,C3:00:00:63:4D:0A,-64,127,3.0,3.5,1.5
1783351073864,2026-07-06 17:17:53.864,C3:00:00:63:4C:D2,-61,127,3.0,3.5,1.5
1783351073870,2026-07-06 17:17:53.870,C3:00:00:63:4D:07,-57,127,3.0,3.5,1.5
1783351073875,2026-07-06 17:17:53.875,C3:00:00:63:4D:09,-62,127,3.0,3.5,1.5
1783351073880,2026-07-06 17:17:53.880,C3:00:00:63:4C:D2,-68,127,3.0,3.5,1.5
1783351073900,2026-07-06 17:17:53.900,C3:00:00:63:4D:05,-58,127,3.0,3.5,1.5
1783351073907,2026-07-06 17:17:53.907,C3:00:00:63:4D:0D,-57,127,3.0,3.5,1.5
1783351073912,2026-07-06 17:17:53.912,C3:00:00:63:4D:0A,-63,127,3.0,3.5,1.5
1783351073935,2026-07-06 17:17:53.935,C3:00:00:63:4D:0A,-63,127,3.0,3.5,1.5
1783351073938,2026-07-06 17:17:53.938,C3:00:00:63:4D:09,-63,127,3.0,3.5,1.5
1783351073940,2026-07-06 17:17:53.940,C3:00:00:63:4D:08,-67,127,3.0,3.5,1.5
1783351073946,2026-07-06 17:17:53.946,C3:00:00:63:4D:04,-58,127,3.0,3.5,1.5
1783351073965,2026-07-06 17:17:53.965,C3:00:00:63:4D:07,-58,127,3.0,3.5,1.5
1783351073969,2026-07-06 17:17:53.969,C3:00:00:63:4C:D2,-54,127,3.0,3.5,1.5
1783351073991,2026-07-06 17:17:53.991,C3:00:00:63:4D:09,-63,127,3.0,3.5,1.5
1783351074004,2026-07-06 17:17:54.004,C3:00:00:63:4D:05,-58,127,3.0,3.5,1.5
1783351074016,2026-07-06 17:17:54.016,C3:00:00:63:4D:0D,-50,127,3.0,3.5,1.5
1783351074023,2026-07-06 17:17:54.023,C3:00:00:63:4D:0A,-63,127,3.0,3.5,1.5
1783351074054,2026-07-06 17:17:54.054,C3:00:00:63:4D:04,-59,127,3.0,3.5,1.5
1783351074061,2026-07-06 17:17:54.061,C3:00:00:63:4D:07,-54,127,3.0,3.5,1.5
1783351074079,2026-07-06 17:17:54.079,C3:00:00:63:4D:08,-60,127,3.0,3.5,1.5
1783351074122,2026-07-06 17:17:54.122,C3:00:00:63:4D:0D,-56,127,3.0,3.5,1.5
1783351074127,2026-07-06 17:17:54.127,C3:00:00:63:4D:0A,-59,127,3.0,3.5,1.5
1783351074140,2026-07-06 17:17:54.140,C3:00:00:63:4D:07,-57,127,3.0,3.5,1.5
1783351074147,2026-07-06 17:17:54.147,C3:00:00:63:4D:04,-55,127,3.0,3.5,1.5
1783351074169,2026-07-06 17:17:54.169,C3:00:00:63:4D:07,-56,127,3.0,3.5,1.5
1783351074181,2026-07-06 17:17:54.181,C3:00:00:63:4C:D2,-61,127,3.0,3.5,1.5
1783351074198,2026-07-06 17:17:54.198,C3:00:00:63:4D:05,-58,127,3.0,3.5,1.5
1783351074204,2026-07-06 17:17:54.204,C3:00:00:63:4D:08,-57,127,3.0,3.5,1.5
1783351074217,2026-07-06 17:17:54.217,C3:00:00:63:4D:09,-62,127,3.0,3.5,1.5
1783351074231,2026-07-06 17:17:54.231,C3:00:00:63:4D:0D,-57,127,3.0,3.5,1.5
1783351074234,2026-07-06 17:17:54.234,C3:00:00:63:4D:0A,-64,127,3.0,3.5,1.5
1783351074238,2026-07-06 17:17:54.238,C3:00:00:63:4D:04,-58,127,3.0,3.5,1.5
1783351074261,2026-07-06 17:17:54.261,C3:00:00:63:4D:07,-58,127,3.0,3.5,1.5
1783351074263,2026-07-06 17:17:54.263,C3:00:00:63:4D:04,-58,127,3.0,3.5,1.5
1783351074273,2026-07-06 17:17:54.273,C3:00:00:63:4D:09,-71,127,3.0,3.5,1.5
1783351074300,2026-07-06 17:17:54.300,C3:00:00:63:4C:D2,-54,127,3.0,3.5,1.5
1783351074302,2026-07-06 17:17:54.302,C3:00:00:63:4D:08,-75,127,3.0,3.5,1.5
1783351074305,2026-07-06 17:17:54.305,C3:00:00:63:4D:05,-58,127,3.0,3.5,1.5
1783351074309,2026-07-06 17:17:54.309,C3:00:00:63:4C:D2,-54,127,3.0,3.5,1.5
1783351074321,2026-07-06 17:17:54.321,C3:00:00:63:4D:08,-67,127,3.0,3.5,1.5
1783351074330,2026-07-06 17:17:54.330,C3:00:00:63:4D:0A,-59,127,3.0,3.5,1.5
1783351074335,2026-07-06 17:17:54.335,C3:00:00:63:4D:09,-64,127,3.0,3.5,1.5
1783351074354,2026-07-06 17:17:54.354,C3:00:00:63:4D:07,-55,127,3.0,3.5,1.5
1783351074395,2026-07-06 17:17:54.395,C3:00:00:63:4C:D2,-60,127,3.0,3.5,1.5
1783351074401,2026-07-06 17:17:54.401,C3:00:00:63:4D:05,-54,127,3.0,3.5,1.5
1783351074439,2026-07-06 17:17:54.439,C3:00:00:63:4D:0A,-63,127,3.0,3.5,1.5
1783351074446,2026-07-06 17:17:54.446,C3:00:00:63:4D:0D,-57,127,3.0,3.5,1.5
1783351074450,2026-07-06 17:17:54.450,C3:00:00:63:4D:09,-62,127,3.0,3.5,1.5
1783351074468,2026-07-06 17:17:54.468,C3:00:00:63:4D:07,-56,127,3.0,3.5,1.5
1783351074474,2026-07-06 17:17:54.474,C3:00:00:63:4D:04,-55,127,3.0,3.5,1.5
1783351074494,2026-07-06 17:17:54.494,C3:00:00:63:4C:D2,-61,127,3.0,3.5,1.5
1783351074505,2026-07-06 17:17:54.505,C3:00:00:63:4D:05,-58,127,3.0,3.5,1.5
1783351074545,2026-07-06 17:17:54.545,C3:00:00:63:4D:0A,-63,127,3.0,3.5,1.5
1783351074552,2026-07-06 17:17:54.552,C3:00:00:63:4D:08,-67,127,3.0,3.5,1.5
1783351074560,2026-07-06 17:17:54.560,C3:00:00:63:4D:0D,-49,127,3.0,3.5,1.5
1783351074566,2026-07-06 17:17:54.566,C3:00:00:63:4D:09,-63,127,3.0,3.5,1.5
1783351074605,2026-07-06 17:17:54.605,C3:00:00:63:4D:05,-58,127,3.0,3.5,1.5
1783351074655,2026-07-06 17:17:54.655,C3:00:00:63:4D:08,-62,127,3.0,3.5,1.5
1783351074661,2026-07-06 17:17:54.661,C3:00:00:63:4D:0D,-57,127,3.0,3.5,1.5
1783351074666,2026-07-06 17:17:54.666,C3:00:00:63:4D:07,-54,127,3.0,3.5,1.5
1783351074674,2026-07-06 17:17:54.674,C3:00:00:63:4D:04,-59,127,3.0,3.5,1.5
1783351074681,2026-07-06 17:17:54.681,C3:00:00:63:4D:09,-64,127,3.0,3.5,1.5
1783351074708,2026-07-06 17:17:54.708,C3:00:00:63:4D:05,-55,127,3.0,3.5,1.5
1783351074713,2026-07-06 17:17:54.713,C3:00:00:63:4C:D2,-61,127,3.0,3.5,1.5
1783351074762,2026-07-06 17:17:54.762,C3:00:00:63:4D:07,-57,127,3.0,3.5,1.5
1783351074767,2026-07-06 17:17:54.767,C3:00:00:63:4D:0D,-58,127,3.0,3.5,1.5
1783351074774,2026-07-06 17:17:54.774,C3:00:00:63:4D:04,-55,127,3.0,3.5,1.5
1783351074783,2026-07-06 17:17:54.783,C3:00:00:63:4D:08,-56,127,3.0,3.5,1.5
1783351074789,2026-07-06 17:17:54.789,C3:00:00:63:4D:09,-61,127,3.0,3.5,1.5
1783351074865,2026-07-06 17:17:54.865,C3:00:00:63:4D:07,-58,127,3.0,3.5,1.5
1783351074870,2026-07-06 17:17:54.870,C3:00:00:63:4D:0A,-62,127,3.0,3.5,1.5
1783351074875,2026-07-06 17:17:54.875,C3:00:00:63:4D:0D,-49,127,3.0,3.5,1.5
1783351074892,2026-07-06 17:17:54.892,C3:00:00:63:4D:08,-65,127,3.0,3.5,1.5
1783351074900,2026-07-06 17:17:54.900,C3:00:00:63:4D:0A,-62,127,3.0,3.5,1.5
1783351074908,2026-07-06 17:17:54.908,C3:00:00:63:4D:09,-63,127,3.0,3.5,1.5
1783351074930,2026-07-06 17:17:54.930,C3:00:00:63:4D:09,-63,127,3.0,3.5,1.5
1783351074931,2026-07-06 17:17:54.931,C3:00:00:63:4C:D2,-54,127,3.0,3.5,1.5
1783351074959,2026-07-06 17:17:54.959,C3:00:00:63:4D:07,-54,127,3.0,3.5,1.5
1783351074964,2026-07-06 17:17:54.964,C3:00:00:63:4D:0A,-61,127,3.0,3.5,1.5
1783351074986,2026-07-06 17:17:54.986,C3:00:00:63:4D:0D,-58,127,3.0,3.5,1.5
1783351075009,2026-07-06 17:17:55.009,C3:00:00:63:4D:08,-61,127,3.0,3.5,1.5
1783351075012,2026-07-06 17:17:55.012,C3:00:00:63:4D:05,-56,127,3.0,3.5,1.5
1783351075026,2026-07-06 17:17:55.026,C3:00:00:63:4D:0D,-58,127,3.0,3.5,1.5
1783351075031,2026-07-06 17:17:55.031,C3:00:00:63:4C:D2,-60,127,3.0,3.5,1.5
1783351075039,2026-07-06 17:17:55.039,C3:00:00:63:4D:09,-61,127,3.0,3.5,1.5
1783351075056,2026-07-06 17:17:55.056,C3:00:00:63:4D:07,-57,127,3.0,3.5,1.5
1783351075070,2026-07-06 17:17:55.070,C3:00:00:63:4D:0A,-63,127,3.0,3.5,1.5
1783351075089,2026-07-06 17:17:55.089,C3:00:00:63:4D:04,-55,127,3.0,3.5,1.5
1783351075094,2026-07-06 17:17:55.094,C3:00:00:63:4D:0D,-58,127,3.0,3.5,1.5
1783351075104,2026-07-06 17:17:55.104,C3:00:00:63:4D:05,-58,127,3.0,3.5,1.5
1783351075115,2026-07-06 17:17:55.115,C3:00:00:63:4D:08,-56,127,3.0,3.5,1.5
1783351075131,2026-07-06 17:17:55.131,C3:00:00:63:4D:09,-63,127,3.0,3.5,1.5
1783351075168,2026-07-06 17:17:55.168,C3:00:00:63:4D:07,-58,127,3.0,3.5,1.5
1783351075172,2026-07-06 17:17:55.172,C3:00:00:63:4D:0A,-62,127,3.0,3.5,1.5
1783351075189,2026-07-06 17:17:55.189,C3:00:00:63:4D:04,-58,127,3.0,3.5,1.5
1783351075209,2026-07-06 17:17:55.209,C3:00:00:63:4D:05,-57,127,3.0,3.5,1.5
1783351075246,2026-07-06 17:17:55.246,C3:00:00:63:4C:D2,-61,127,3.0,3.5,1.5
1783351075251,2026-07-06 17:17:55.251,C3:00:00:63:4D:09,-64,127,3.0,3.5,1.5
1783351075255,2026-07-06 17:17:55.255,C3:00:00:63:4D:07,-54,127,3.0,3.5,1.5
1783351075283,2026-07-06 17:17:55.283,C3:00:00:63:4D:0A,-61,127,3.0,3.5,1.5
1783351075290,2026-07-06 17:17:55.290,C3:00:00:63:4D:04,-59,127,3.0,3.5,1.5
1783351075295,2026-07-06 17:17:55.295,C3:00:00:63:4D:0D,-58,127,3.0,3.5,1.5
1783351075306,2026-07-06 17:17:55.306,C3:00:00:63:4D:05,-54,127,3.0,3.5,1.5
1783351075315,2026-07-06 17:17:55.315,C3:00:00:63:4D:0D,-57,127,3.0,3.5,1.5
1783351075349,2026-07-06 17:17:55.349,C3:00:00:63:4D:08,-56,127,3.0,3.5,1.5
1783351075361,2026-07-06 17:17:55.361,C3:00:00:63:4D:07,-58,127,3.0,3.5,1.5
1783351075364,2026-07-06 17:17:55.364,C3:00:00:63:4D:09,-61,127,3.0,3.5,1.5
1783351075387,2026-07-06 17:17:55.387,C3:00:00:63:4D:0A,-64,127,3.0,3.5,1.5
1783351075392,2026-07-06 17:17:55.392,C3:00:00:63:4D:04,-55,127,3.0,3.5,1.5
1783351075414,2026-07-06 17:17:55.414,C3:00:00:63:4D:05,-58,127,3.0,3.5,1.5
1783351075420,2026-07-06 17:17:55.420,C3:00:00:63:4D:0D,-58,127,3.0,3.5,1.5
1783351075445,2026-07-06 17:17:55.445,C3:00:00:63:4D:07,-58,127,3.0,3.5,1.5
1783351075450,2026-07-06 17:17:55.450,C3:00:00:63:4D:0D,-49,127,3.0,3.5,1.5
1783351075468,2026-07-06 17:17:55.468,C3:00:00:63:4C:D2,-54,127,3.0,3.5,1.5
1783351075473,2026-07-06 17:17:55.473,C3:00:00:63:4D:09,-62,127,3.0,3.5,1.5
1783351075485,2026-07-06 17:17:55.485,C3:00:00:63:4D:08,-66,127,3.0,3.5,1.5
1783351075489,2026-07-06 17:17:55.489,C3:00:00:63:4D:0A,-62,127,3.0,3.5,1.5
1783351075509,2026-07-06 17:17:55.509,C3:00:00:63:4D:04,-58,127,3.0,3.5,1.5
1783351075513,2026-07-06 17:17:55.513,C3:00:00:63:4D:05,-55,127,3.0,3.5,1.5
1783351075514,2026-07-06 17:17:55.514,C3:00:00:63:4D:07,-58,127,3.0,3.5,1.5
1783351075520,2026-07-06 17:17:55.520,C3:00:00:63:4D:0D,-49,127,3.0,3.5,1.5
1783351075563,2026-07-06 17:17:55.563,C3:00:00:63:4D:07,-55,127,3.0,3.5,1.5
1783351075566,2026-07-06 17:17:55.566,C3:00:00:63:4C:D2,-60,127,3.0,3.5,1.5
1783351075578,2026-07-06 17:17:55.578,C3:00:00:63:4D:08,-63,127,3.0,3.5,1.5
1783351075605,2026-07-06 17:17:55.605,C3:00:00:63:4D:04,-58,127,3.0,3.5,1.5
1783351075610,2026-07-06 17:17:55.610,C3:00:00:63:4D:05,-54,127,3.0,3.5,1.5
1783351075633,2026-07-06 17:17:55.633,C3:00:00:63:4D:0D,-58,127,3.0,3.5,1.5
1783351075654,2026-07-06 17:17:55.654,C3:00:00:63:4C:D2,-59,127,3.0,3.5,1.5
1783351075662,2026-07-06 17:17:55.662,C3:00:00:63:4D:07,-57,127,3.0,3.5,1.5
1783351075680,2026-07-06 17:17:55.680,C3:00:00:63:4C:D2,-59,127,3.0,3.5,1.5
1783351075703,2026-07-06 17:17:55.703,C3:00:00:63:4D:04,-55,127,3.0,3.5,1.5
1783351075709,2026-07-06 17:17:55.709,C3:00:00:63:4D:0A,-64,127,3.0,3.5,1.5
1783351075713,2026-07-06 17:17:55.713,C3:00:00:63:4D:09,-61,127,3.0,3.5,1.5
1783351075719,2026-07-06 17:17:55.719,C3:00:00:63:4D:05,-57,127,3.0,3.5,1.5
1783351075742,2026-07-06 17:17:55.742,C3:00:00:63:4D:0D,-49,127,3.0,3.5,1.5
1783351075753,2026-07-06 17:17:55.753,C3:00:00:63:4D:04,-58,127,3.0,3.5,1.5
1783351075760,2026-07-06 17:17:55.760,C3:00:00:63:4D:07,-58,127,3.0,3.5,1.5
1783351075762,2026-07-06 17:17:55.762,C3:00:00:63:4D:05,-58,127,3.0,3.5,1.5
1783351075771,2026-07-06 17:17:55.771,C3:00:00:63:4C:D2,-54,127,3.0,3.5,1.5
1783351075809,2026-07-06 17:17:55.809,C3:00:00:63:4D:04,-58,127,3.0,3.5,1.5
1783351075820,2026-07-06 17:17:55.820,C3:00:00:63:4D:05,-58,127,3.0,3.5,1.5
1783351075822,2026-07-06 17:17:55.822,C3:00:00:63:4D:09,-62,127,3.0,3.5,1.5
1783351075839,2026-07-06 17:17:55.839,C3:00:00:63:4D:05,-54,127,3.0,3.5,1.5
1783351075845,2026-07-06 17:17:55.845,C3:00:00:63:4D:0D,-57,127,3.0,3.5,1.5
1783351075876,2026-07-06 17:17:55.876,C3:00:00:63:4C:D2,-60,127,3.0,3.5,1.5
1783351075917,2026-07-06 17:17:55.917,C3:00:00:63:4D:05,-54,127,3.0,3.5,1.5
1783351075924,2026-07-06 17:17:55.924,C3:00:00:63:4D:08,-63,127,3.0,3.5,1.5
1783351075931,2026-07-06 17:17:55.931,C3:00:00:63:4D:0A,-65,127,3.0,3.5,1.5
1783351075937,2026-07-06 17:17:55.937,C3:00:00:63:4D:09,-61,127,3.0,3.5,1.5
1783351075950,2026-07-06 17:17:55.950,C3:00:00:63:4D:08,-56,127,3.0,3.5,1.5
1783351075959,2026-07-06 17:17:55.959,C3:00:00:63:4D:07,-58,127,3.0,3.5,1.5
1783351075964,2026-07-06 17:17:55.964,C3:00:00:63:4D:0D,-58,127,3.0,3.5,1.5
1783351075983,2026-07-06 17:17:55.983,C3:00:00:63:4C:D2,-59,127,3.0,3.5,1.5
1783351076004,2026-07-06 17:17:56.004,C3:00:00:63:4D:04,-54,127,3.0,3.5,1.5
1783351076010,2026-07-06 17:17:56.010,C3:00:00:63:4D:0A,-64,127,3.0,3.5,1.5
1783351076012,2026-07-06 17:17:56.012,C3:00:00:63:4D:05,-57,127,3.0,3.5,1.5
1783351076032,2026-07-06 17:17:56.032,C3:00:00:63:4D:08,-69,127,3.0,3.5,1.5
1783351076054,2026-07-06 17:17:56.054,C3:00:00:63:4D:08,-66,127,3.0,3.5,1.5
1783351076060,2026-07-06 17:17:56.060,C3:00:00:63:4D:0D,-49,127,3.0,3.5,1.5
1783351076068,2026-07-06 17:17:56.068,C3:00:00:63:4D:07,-58,127,3.0,3.5,1.5
1783351076117,2026-07-06 17:17:56.117,C3:00:00:63:4D:05,-58,127,3.0,3.5,1.5
1783351076121,2026-07-06 17:17:56.121,C3:00:00:63:4D:04,-58,127,3.0,3.5,1.5
1783351076153,2026-07-06 17:17:56.153,C3:00:00:63:4D:08,-62,127,3.0,3.5,1.5
1783351076157,2026-07-06 17:17:56.157,C3:00:00:63:4D:07,-54,127,3.0,3.5,1.5
1783351076159,2026-07-06 17:17:56.159,C3:00:00:63:4D:09,-64,127,3.0,3.5,1.5
1783351076171,2026-07-06 17:17:56.171,C3:00:00:63:4D:07,-54,127,3.0,3.5,1.5
1783351076177,2026-07-06 17:17:56.177,C3:00:00:63:4D:0D,-58,127,3.0,3.5,1.5
1783351076201,2026-07-06 17:17:56.201,C3:00:00:63:4C:D2,-61,127,3.0,3.5,1.5
1783351076212,2026-07-06 17:17:56.212,C3:00:00:63:4D:04,-59,127,3.0,3.5,1.5
1783351076216,2026-07-06 17:17:56.216,C3:00:00:63:4D:05,-55,127,3.0,3.5,1.5
1783351076221,2026-07-06 17:17:56.221,C3:00:00:63:4D:0A,-61,127,3.0,3.5,1.5
1783351076230,2026-07-06 17:17:56.230,C3:00:00:63:4D:04,-54,127,3.0,3.5,1.5
1783351076250,2026-07-06 17:17:56.250,C3:00:00:63:4D:04,-54,127,3.0,3.5,1.5
1783351076261,2026-07-06 17:17:56.261,C3:00:00:63:4D:07,-57,127,3.0,3.5,1.5
1783351076271,2026-07-06 17:17:56.271,C3:00:00:63:4D:08,-56,127,3.0,3.5,1.5
1783351076278,2026-07-06 17:17:56.278,C3:00:00:63:4D:09,-61,127,3.0,3.5,1.5
1783351076280,2026-07-06 17:17:56.280,C3:00:00:63:4D:0D,-58,127,3.0,3.5,1.5
1783351076297,2026-07-06 17:17:56.297,C3:00:00:63:4C:D2,-60,127,3.0,3.5,1.5
1783351076313,2026-07-06 17:17:56.313,C3:00:00:63:4C:D2,-61,127,3.0,3.5,1.5
1783351076333,2026-07-06 17:17:56.333,C3:00:00:63:4D:0A,-62,127,3.0,3.5,1.5
1783351076360,2026-07-06 17:17:56.360,C3:00:00:63:4D:07,-58,127,3.0,3.5,1.5
1783351076384,2026-07-06 17:17:56.384,C3:00:00:63:4D:0D,-49,127,3.0,3.5,1.5
1783351076409,2026-07-06 17:17:56.409,C3:00:00:63:4C:D2,-54,127,3.0,3.5,1.5
1783351076421,2026-07-06 17:17:56.421,C3:00:00:63:4D:04,-58,127,3.0,3.5,1.5
1783351076437,2026-07-06 17:17:56.437,C3:00:00:63:4D:05,-58,127,3.0,3.5,1.5
1783351076445,2026-07-06 17:17:56.445,C3:00:00:63:4D:0A,-61,127,3.0,3.5,1.5
1783351076460,2026-07-06 17:17:56.460,C3:00:00:63:4D:07,-54,127,3.0,3.5,1.5
1783351076498,2026-07-06 17:17:56.498,C3:00:00:63:4D:0D,-56,127,3.0,3.5,1.5
1783351076501,2026-07-06 17:17:56.501,C3:00:00:63:4D:09,-64,127,3.0,3.5,1.5
1783351076521,2026-07-06 17:17:56.521,C3:00:00:63:4D:05,-55,127,3.0,3.5,1.5
1783351076525,2026-07-06 17:17:56.525,C3:00:00:63:4D:04,-59,127,3.0,3.5,1.5
1783351076545,2026-07-06 17:17:56.545,C3:00:00:63:4D:0A,-63,127,3.0,3.5,1.5
1783351076550,2026-07-06 17:17:56.550,C3:00:00:63:4D:07,-63,127,3.0,3.5,1.5
1783351076561,2026-07-06 17:17:56.561,C3:00:00:63:4D:07,-57,127,3.0,3.5,1.5
1783351076604,2026-07-06 17:17:56.604,C3:00:00:63:4D:0D,-58,127,3.0,3.5,1.5
1783351076613,2026-07-06 17:17:56.613,C3:00:00:63:4D:08,-56,127,3.0,3.5,1.5
1783351076633,2026-07-06 17:17:56.633,C3:00:00:63:4D:04,-55,127,3.0,3.5,1.5
1783351076646,2026-07-06 17:17:56.646,C3:00:00:63:4D:0A,-62,127,3.0,3.5,1.5
1783351076655,2026-07-06 17:17:56.655,C3:00:00:63:4D:07,-58,127,3.0,3.5,1.5
1783351076717,2026-07-06 17:17:56.717,C3:00:00:63:4D:0D,-49,127,3.0,3.5,1.5
1783351076740,2026-07-06 17:17:56.740,C3:00:00:63:4D:09,-64,127,3.0,3.5,1.5
1783351076745,2026-07-06 17:17:56.745,C3:00:00:63:4D:04,-59,127,3.0,3.5,1.5
1783351076751,2026-07-06 17:17:56.751,C3:00:00:63:4D:0A,-61,127,3.0,3.5,1.5
1783351076757,2026-07-06 17:17:56.757,C3:00:00:63:4D:07,-54,127,3.0,3.5,1.5
1783351076824,2026-07-06 17:17:56.824,C3:00:00:63:4D:0D,-57,127,3.0,3.5,1.5
1783351076831,2026-07-06 17:17:56.831,C3:00:00:63:4C:D2,-60,127,3.0,3.5,1.5
1783351076836,2026-07-06 17:17:56.836,C3:00:00:63:4D:04,-55,127,3.0,3.5,1.5
1783351076841,2026-07-06 17:17:56.841,C3:00:00:63:4D:08,-56,127,3.0,3.5,1.5
1783351076853,2026-07-06 17:17:56.853,C3:00:00:63:4D:09,-60,127,3.0,3.5,1.5
1783351076854,2026-07-06 17:17:56.854,C3:00:00:63:4D:0A,-64,127,3.0,3.5,1.5
1783351076860,2026-07-06 17:17:56.860,C3:00:00:63:4D:07,-58,127,3.0,3.5,1.5
1783351076901,2026-07-06 17:17:56.901,C3:00:00:63:4D:0A,-65,127,3.0,3.5,1.5
1783351076926,2026-07-06 17:17:56.926,C3:00:00:63:4D:05,-57,127,3.0,3.5,1.5
1783351076931,2026-07-06 17:17:56.931,C3:00:00:63:4D:0D,-58,127,3.0,3.5,1.5
1783351076936,2026-07-06 17:17:56.936,C3:00:00:63:4D:09,-62,127,3.0,3.5,1.5
1783351076943,2026-07-06 17:17:56.943,C3:00:00:63:4C:D2,-53,127,3.0,3.5,1.5
1783351076948,2026-07-06 17:17:56.948,C3:00:00:63:4D:04,-58,127,3.0,3.5,1.5
1783351076950,2026-07-06 17:17:56.950,C3:00:00:63:4D:05,-55,127,3.0,3.5,1.5
1783351076960,2026-07-06 17:17:56.960,C3:00:00:63:4D:07,-58,127,3.0,3.5,1.5
1783351076985,2026-07-06 17:17:56.985,C3:00:00:63:4D:0D,-49,127,3.0,3.5,1.5
1783351077028,2026-07-06 17:17:57.028,C3:00:00:63:4D:05,-58,127,3.0,3.5,1.5
1783351077031,2026-07-06 17:17:57.031,C3:00:00:63:4D:0D,-58,127,3.0,3.5,1.5
1783351077048,2026-07-06 17:17:57.048,C3:00:00:63:4C:D2,-61,127,3.0,3.5,1.5
1783351077066,2026-07-06 17:17:57.066,C3:00:00:63:4D:07,-54,127,3.0,3.5,1.5
1783351077070,2026-07-06 17:17:57.070,C3:00:00:63:4D:0A,-61,127,3.0,3.5,1.5
1783351077073,2026-07-06 17:17:57.073,C3:00:00:63:4D:08,-62,127,3.0,3.5,1.5
1783351077133,2026-07-06 17:17:57.133,C3:00:00:63:4D:05,-58,127,3.0,3.5,1.5
1783351077142,2026-07-06 17:17:57.142,C3:00:00:63:4D:04,-55,127,3.0,3.5,1.5
1783351077156,2026-07-06 17:17:57.156,C3:00:00:63:4D:0D,-58,127,3.0,3.5,1.5
1783351077160,2026-07-06 17:17:57.160,C3:00:00:63:4C:D2,-60,127,3.0,3.5,1.5
1783351077165,2026-07-06 17:17:57.165,C3:00:00:63:4D:07,-57,127,3.0,3.5,1.5
1783351077174,2026-07-06 17:17:57.174,C3:00:00:63:4D:0A,-63,127,3.0,3.5,1.5
1783351077184,2026-07-06 17:17:57.184,C3:00:00:63:4D:08,-57,127,3.0,3.5,1.5
1783351077186,2026-07-06 17:17:57.186,C3:00:00:63:4D:09,-61,127,3.0,3.5,1.5
1783351077236,2026-07-06 17:17:57.236,C3:00:00:63:4D:05,-58,127,3.0,3.5,1.5
1783351077242,2026-07-06 17:17:57.242,C3:00:00:63:4D:04,-58,127,3.0,3.5,1.5
1783351077263,2026-07-06 17:17:57.263,C3:00:00:63:4D:07,-58,127,3.0,3.5,1.5
1783351077271,2026-07-06 17:17:57.271,C3:00:00:63:4D:0A,-62,127,3.0,3.5,1.5
1783351077327,2026-07-06 17:17:57.327,C3:00:00:63:4D:05,-58,127,3.0,3.5,1.5
1783351077348,2026-07-06 17:17:57.348,C3:00:00:63:4D:04,-59,127,3.0,3.5,1.5
1783351077354,2026-07-06 17:17:57.354,C3:00:00:63:4D:07,-54,127,3.0,3.5,1.5
1783351077368,2026-07-06 17:17:57.368,C3:00:00:63:4D:0D,-56,127,3.0,3.5,1.5
1783351077433,2026-07-06 17:17:57.433,C3:00:00:63:4D:05,-58,127,3.0,3.5,1.5
1783351077457,2026-07-06 17:17:57.457,C3:00:00:63:4D:04,-55,127,3.0,3.5,1.5
1783351077465,2026-07-06 17:17:57.465,C3:00:00:63:4D:08,-57,127,3.0,3.5,1.5
1783351077471,2026-07-06 17:17:57.471,C3:00:00:63:4C:D2,-60,127,3.0,3.5,1.5
1783351077479,2026-07-06 17:17:57.479,C3:00:00:63:4D:0D,-58,127,3.0,3.5,1.5
1783351077488,2026-07-06 17:17:57.488,C3:00:00:63:4C:D2,-61,127,3.0,3.5,1.5
1783351077505,2026-07-06 17:17:57.505,C3:00:00:63:4D:0A,-71,127,3.0,3.5,1.5
1783351077518,2026-07-06 17:17:57.518,C3:00:00:63:4D:07,-57,127,3.0,3.5,1.5
1783351077534,2026-07-06 17:17:57.534,C3:00:00:63:4D:05,-58,127,3.0,3.5,1.5
1783351077537,2026-07-06 17:17:57.537,C3:00:00:63:4D:09,-63,127,3.0,3.5,1.5
1783351077542,2026-07-06 17:17:57.542,C3:00:00:63:4D:08,-66,127,3.0,3.5,1.5
1783351077560,2026-07-06 17:17:57.560,C3:00:00:63:4D:04,-58,127,3.0,3.5,1.5
1783351077576,2026-07-06 17:17:57.576,C3:00:00:63:4C:D2,-54,127,3.0,3.5,1.5
1783351077585,2026-07-06 17:17:57.585,C3:00:00:63:4D:0D,-49,127,3.0,3.5,1.5
1783351077593,2026-07-06 17:17:57.593,C3:00:00:63:4D:0A,-62,127,3.0,3.5,1.5
1783351077634,2026-07-06 17:17:57.634,C3:00:00:63:4D:05,-55,127,3.0,3.5,1.5
1783351077664,2026-07-06 17:17:57.664,C3:00:00:63:4D:04,-59,127,3.0,3.5,1.5
1783351077679,2026-07-06 17:17:57.679,C3:00:00:63:4C:D2,-60,127,3.0,3.5,1.5
1783351077691,2026-07-06 17:17:57.691,C3:00:00:63:4D:0D,-57,127,3.0,3.5,1.5
1783351077699,2026-07-06 17:17:57.699,C3:00:00:63:4D:0A,-62,127,3.0,3.5,1.5
1783351077734,2026-07-06 17:17:57.734,C3:00:00:63:4D:05,-57,127,3.0,3.5,1.5
1783351077761,2026-07-06 17:17:57.761,C3:00:00:63:4D:04,-55,127,3.0,3.5,1.5
1783351077770,2026-07-06 17:17:57.770,C3:00:00:63:4D:05,-57,127,3.0,3.5,1.5
1783351077790,2026-07-06 17:17:57.790,C3:00:00:63:4C:D2,-60,127,3.0,3.5,1.5
1783351077797,2026-07-06 17:17:57.797,C3:00:00:63:4D:0D,-59,127,3.0,3.5,1.5
1783351077802,2026-07-06 17:17:57.802,C3:00:00:63:4D:0A,-64,127,3.0,3.5,1.5
1783351077828,2026-07-06 17:17:57.828,C3:00:00:63:4D:05,-57,127,3.0,3.5,1.5
1783351077842,2026-07-06 17:17:57.842,C3:00:00:63:4D:0A,-64,127,3.0,3.5,1.5
1783351077845,2026-07-06 17:17:57.845,C3:00:00:63:4D:05,-55,127,3.0,3.5,1.5
1783351077860,2026-07-06 17:17:57.860,C3:00:00:63:4D:07,-58,127,3.0,3.5,1.5
1783351077865,2026-07-06 17:17:57.865,C3:00:00:63:4D:04,-58,127,3.0,3.5,1.5
1783351077873,2026-07-06 17:17:57.873,C3:00:00:63:4D:09,-62,127,3.0,3.5,1.5
1783351077878,2026-07-06 17:17:57.878,C3:00:00:63:4D:08,-68,127,3.0,3.5,1.5
1783351077901,2026-07-06 17:17:57.901,C3:00:00:63:4D:0A,-65,127,3.0,3.5,1.5
1783351077913,2026-07-06 17:17:57.913,C3:00:00:63:4C:D2,-60,127,3.0,3.5,1.5
1783351077934,2026-07-06 17:17:57.934,C3:00:00:63:4D:05,-54,127,3.0,3.5,1.5
1783351077939,2026-07-06 17:17:57.939,C3:00:00:63:4D:0A,-61,127,3.0,3.5,1.5
1783351077945,2026-07-06 17:17:57.945,C3:00:00:63:4D:09,-65,127,3.0,3.5,1.5
1783351077954,2026-07-06 17:17:57.954,C3:00:00:63:4D:08,-64,127,3.0,3.5,1.5
1783351077961,2026-07-06 17:17:57.961,C3:00:00:63:4D:07,-55,127,3.0,3.5,1.5
1783351077981,2026-07-06 17:17:57.981,C3:00:00:63:4D:09,-64,127,3.0,3.5,1.5
1783351078006,2026-07-06 17:17:58.006,C3:00:00:63:4D:0D,-57,127,3.0,3.5,1.5
1783351078009,2026-07-06 17:17:58.009,C3:00:00:63:4D:0A,-61,127,3.0,3.5,1.5
1783351078065,2026-07-06 17:17:58.065,C3:00:00:63:4D:07,-57,127,3.0,3.5,1.5
1783351078069,2026-07-06 17:17:58.069,C3:00:00:63:4D:04,-55,127,3.0,3.5,1.5
1783351078094,2026-07-06 17:17:58.094,C3:00:00:63:4D:09,-61,127,3.0,3.5,1.5
1783351078104,2026-07-06 17:17:58.104,C3:00:00:63:4D:08,-56,127,3.0,3.5,1.5
1783351078116,2026-07-06 17:17:58.116,C3:00:00:63:4D:0A,-63,127,3.0,3.5,1.5
1783351078129,2026-07-06 17:17:58.129,C3:00:00:63:4D:0D,-58,127,3.0,3.5,1.5
1783351078139,2026-07-06 17:17:58.139,C3:00:00:63:4D:05,-58,127,3.0,3.5,1.5
1783351078152,2026-07-06 17:17:58.152,C3:00:00:63:4D:07,-58,127,3.0,3.5,1.5
1783351078176,2026-07-06 17:17:58.176,C3:00:00:63:4D:04,-58,127,3.0,3.5,1.5
1783351078182,2026-07-06 17:17:58.182,C3:00:00:63:4D:07,-58,127,3.0,3.5,1.5
1783351078206,2026-07-06 17:17:58.206,C3:00:00:63:4C:D2,-54,127,3.0,3.5,1.5
1783351078210,2026-07-06 17:17:58.210,C3:00:00:63:4D:09,-63,127,3.0,3.5,1.5
1783351078215,2026-07-06 17:17:58.215,C3:00:00:63:4D:0A,-62,127,3.0,3.5,1.5
1783351078221,2026-07-06 17:17:58.221,C3:00:00:63:4D:08,-65,127,3.0,3.5,1.5
1783351078230,2026-07-06 17:17:58.230,C3:00:00:63:4D:0D,-49,127,3.0,3.5,1.5
1783351078238,2026-07-06 17:17:58.238,C3:00:00:63:4D:04,-59,127,3.0,3.5,1.5
1783351078241,2026-07-06 17:17:58.241,C3:00:00:63:4D:05,-55,127,3.0,3.5,1.5
1783351078272,2026-07-06 17:17:58.272,C3:00:00:63:4D:04,-59,127,3.0,3.5,1.5
1783351078287,2026-07-06 17:17:58.287,C3:00:00:63:4D:09,-71,127,3.0,3.5,1.5
1783351078308,2026-07-06 17:17:58.308,C3:00:00:63:4D:08,-70,127,3.0,3.5,1.5
1783351078317,2026-07-06 17:17:58.317,C3:00:00:63:4C:D2,-61,127,3.0,3.5,1.5
1783351078331,2026-07-06 17:17:58.331,C3:00:00:63:4D:0D,-58,127,3.0,3.5,1.5
1783351078341,2026-07-06 17:17:58.341,C3:00:00:63:4D:05,-58,127,3.0,3.5,1.5
1783351078344,2026-07-06 17:17:58.344,C3:00:00:63:4C:D2,-61,127,3.0,3.5,1.5
1783351078345,2026-07-06 17:17:58.345,C3:00:00:63:4D:08,-57,127,3.0,3.5,1.5
1783351078422,2026-07-06 17:17:58.422,C3:00:00:63:4C:D2,-60,127,3.0,3.5,1.5
1783351078429,2026-07-06 17:17:58.429,C3:00:00:63:4D:0A,-63,127,3.0,3.5,1.5
1783351078444,2026-07-06 17:17:58.444,C3:00:00:63:4D:05,-58,127,3.0,3.5,1.5
1783351078453,2026-07-06 17:17:58.453,C3:00:00:63:4D:08,-65,127,3.0,3.5,1.5
1783351078467,2026-07-06 17:17:58.467,C3:00:00:63:4D:07,-58,127,3.0,3.5,1.5
1783351078485,2026-07-06 17:17:58.485,C3:00:00:63:4D:04,-58,127,3.0,3.5,1.5
1783351078526,2026-07-06 17:17:58.526,C3:00:00:63:4C:D2,-54,127,3.0,3.5,1.5
1783351078534,2026-07-06 17:17:58.534,C3:00:00:63:4D:0A,-61,127,3.0,3.5,1.5
1783351078541,2026-07-06 17:17:58.541,C3:00:00:63:4D:05,-55,127,3.0,3.5,1.5
1783351078551,2026-07-06 17:17:58.551,C3:00:00:63:4D:0D,-58,127,3.0,3.5,1.5
1783351078557,2026-07-06 17:17:58.557,C3:00:00:63:4D:07,-54,127,3.0,3.5,1.5
1783351078565,2026-07-06 17:17:58.565,C3:00:00:63:4D:08,-62,127,3.0,3.5,1.5
1783351078588,2026-07-06 17:17:58.588,C3:00:00:63:4D:04,-59,127,3.0,3.5,1.5
1783351078636,2026-07-06 17:17:58.636,C3:00:00:63:4C:D2,-60,127,3.0,3.5,1.5
1783351078670,2026-07-06 17:17:58.670,C3:00:00:63:4D:09,-61,127,3.0,3.5,1.5
1783351078685,2026-07-06 17:17:58.685,C3:00:00:63:4D:08,-56,127,3.0,3.5,1.5
1783351078698,2026-07-06 17:17:58.698,C3:00:00:63:4D:04,-55,127,3.0,3.5,1.5
1783351078744,2026-07-06 17:17:58.744,C3:00:00:63:4C:D2,-54,127,3.0,3.5,1.5
1783351078751,2026-07-06 17:17:58.751,C3:00:00:63:4D:05,-58,127,3.0,3.5,1.5
1783351078766,2026-07-06 17:17:58.766,C3:00:00:63:4D:07,-58,127,3.0,3.5,1.5
1783351078768,2026-07-06 17:17:58.768,C3:00:00:63:4D:0D,-49,127,3.0,3.5,1.5
1783351078776,2026-07-06 17:17:58.776,C3:00:00:63:4D:09,-63,127,3.0,3.5,1.5
1783351078792,2026-07-06 17:17:58.792,C3:00:00:63:4D:04,-58,127,3.0,3.5,1.5
1783351078847,2026-07-06 17:17:58.847,C3:00:00:63:4D:05,-55,127,3.0,3.5,1.5
1783351078850,2026-07-06 17:17:58.850,C3:00:00:63:4C:D2,-61,127,3.0,3.5,1.5
1783351078856,2026-07-06 17:17:58.856,C3:00:00:63:4D:0A,-61,127,3.0,3.5,1.5
1783351078874,2026-07-06 17:17:58.874,C3:00:00:63:4D:07,-54,127,3.0,3.5,1.5
1783351078878,2026-07-06 17:17:58.878,C3:00:00:63:4D:0D,-58,127,3.0,3.5,1.5
1783351078897,2026-07-06 17:17:58.897,C3:00:00:63:4D:04,-59,127,3.0,3.5,1.5
1783351078902,2026-07-06 17:17:58.902,C3:00:00:63:4D:0A,-61,127,3.0,3.5,1.5
1783351078911,2026-07-06 17:17:58.911,C3:00:00:63:4D:08,-62,127,3.0,3.5,1.5
1783351078943,2026-07-06 17:17:58.943,C3:00:00:63:4D:05,-58,127,3.0,3.5,1.5
1783351078948,2026-07-06 17:17:58.948,C3:00:00:63:4D:09,-62,127,3.0,3.5,1.5
1783351078952,2026-07-06 17:17:58.952,C3:00:00:63:4D:0A,-63,127,3.0,3.5,1.5
1783351078960,2026-07-06 17:17:58.960,C3:00:00:63:4C:D2,-60,127,3.0,3.5,1.5
1783351078979,2026-07-06 17:17:58.979,C3:00:00:63:4D:0D,-58,127,3.0,3.5,1.5
1783351078999,2026-07-06 17:17:58.999,C3:00:00:63:4D:04,-55,127,3.0,3.5,1.5
1783351079018,2026-07-06 17:17:59.018,C3:00:00:63:4D:09,-61,127,3.0,3.5,1.5
1783351079037,2026-07-06 17:17:59.037,C3:00:00:63:4D:0D,-66,127,3.0,3.5,1.5
1783351079044,2026-07-06 17:17:59.044,C3:00:00:63:4D:08,-57,127,3.0,3.5,1.5
1783351079047,2026-07-06 17:17:59.047,C3:00:00:63:4D:09,-63,127,3.0,3.5,1.5
1783351079052,2026-07-06 17:17:59.052,C3:00:00:63:4D:05,-58,127,3.0,3.5,1.5
1783351079057,2026-07-06 17:17:59.057,C3:00:00:63:4C:D2,-54,127,3.0,3.5,1.5
1783351079060,2026-07-06 17:17:59.060,C3:00:00:63:4D:0A,-62,127,3.0,3.5,1.5
1783351079087,2026-07-06 17:17:59.087,C3:00:00:63:4D:0D,-49,127,3.0,3.5,1.5
1783351079104,2026-07-06 17:17:59.104,C3:00:00:63:4D:04,-58,127,3.0,3.5,1.5
1783351079129,2026-07-06 17:17:59.129,C3:00:00:63:4D:09,-63,127,3.0,3.5,1.5
1783351079139,2026-07-06 17:17:59.139,C3:00:00:63:4D:08,-62,127,3.0,3.5,1.5
1783351079144,2026-07-06 17:17:59.144,C3:00:00:63:4D:05,-55,127,3.0,3.5,1.5
1783351079160,2026-07-06 17:17:59.160,C3:00:00:63:4D:0A,-61,127,3.0,3.5,1.5
1783351079167,2026-07-06 17:17:59.167,C3:00:00:63:4D:07,-53,127,3.0,3.5,1.5
1783351079194,2026-07-06 17:17:59.194,C3:00:00:63:4D:0D,-57,127,3.0,3.5,1.5
1783351079202,2026-07-06 17:17:59.202,C3:00:00:63:4D:04,-59,127,3.0,3.5,1.5
1783351079249,2026-07-06 17:17:59.249,C3:00:00:63:4D:05,-58,127,3.0,3.5,1.5
1783351079256,2026-07-06 17:17:59.256,C3:00:00:63:4D:07,-57,127,3.0,3.5,1.5
1783351079259,2026-07-06 17:17:59.259,C3:00:00:63:4D:08,-57,127,3.0,3.5,1.5
1783351079274,2026-07-06 17:17:59.274,C3:00:00:63:4D:0A,-63,127,3.0,3.5,1.5
1783351079278,2026-07-06 17:17:59.278,C3:00:00:63:4C:D2,-60,127,3.0,3.5,1.5
1783351079301,2026-07-06 17:17:59.301,C3:00:00:63:4D:0D,-58,127,3.0,3.5,1.5
1783351079317,2026-07-06 17:17:59.317,C3:00:00:63:4D:0D,-58,127,3.0,3.5,1.5
1783351079354,2026-07-06 17:17:59.354,C3:00:00:63:4D:09,-63,127,3.0,3.5,1.5
1783351079358,2026-07-06 17:17:59.358,C3:00:00:63:4D:05,-58,127,3.0,3.5,1.5
1783351079373,2026-07-06 17:17:59.373,C3:00:00:63:4D:08,-64,127,3.0,3.5,1.5
1783351079376,2026-07-06 17:17:59.376,C3:00:00:63:4C:D2,-53,127,3.0,3.5,1.5
1783351079412,2026-07-06 17:17:59.412,C3:00:00:63:4D:04,-57,127,3.0,3.5,1.5
1783351079414,2026-07-06 17:17:59.414,C3:00:00:63:4D:0D,-49,127,3.0,3.5,1.5
1783351079446,2026-07-06 17:17:59.446,C3:00:00:63:4D:05,-54,127,3.0,3.5,1.5
1783351079452,2026-07-06 17:17:59.452,C3:00:00:63:4D:07,-55,127,3.0,3.5,1.5
1783351079471,2026-07-06 17:17:59.471,C3:00:00:63:4D:0D,-57,127,3.0,3.5,1.5
1783351079479,2026-07-06 17:17:59.479,C3:00:00:63:4D:07,-55,127,3.0,3.5,1.5
1783351079483,2026-07-06 17:17:59.483,C3:00:00:63:4D:0A,-61,127,3.0,3.5,1.5
1783351079487,2026-07-06 17:17:59.487,C3:00:00:63:4C:D2,-60,127,3.0,3.5,1.5
1783351079489,2026-07-06 17:17:59.489,C3:00:00:63:4D:08,-63,127,3.0,3.5,1.5
1783351079509,2026-07-06 17:17:59.509,C3:00:00:63:4D:04,-59,127,3.0,3.5,1.5
1783351079523,2026-07-06 17:17:59.523,C3:00:00:63:4D:07,-55,127,3.0,3.5,1.5
1783351079546,2026-07-06 17:17:59.546,C3:00:00:63:4D:05,-57,127,3.0,3.5,1.5
1783351079579,2026-07-06 17:17:59.579,C3:00:00:63:4D:09,-61,127,3.0,3.5,1.5
1783351079587,2026-07-06 17:17:59.587,C3:00:00:63:4C:D2,-60,127,3.0,3.5,1.5
1783351079592,2026-07-06 17:17:59.592,C3:00:00:63:4D:0A,-63,127,3.0,3.5,1.5
1783351079606,2026-07-06 17:17:59.606,C3:00:00:63:4D:08,-56,127,3.0,3.5,1.5
1783351079617,2026-07-06 17:17:59.617,C3:00:00:63:4D:04,-55,127,3.0,3.5,1.5
1783351079630,2026-07-06 17:17:59.630,C3:00:00:63:4D:0D,-58,127,3.0,3.5,1.5
1783351079664,2026-07-06 17:17:59.664,C3:00:00:63:4D:07,-58,127,3.0,3.5,1.5
1783351079667,2026-07-06 17:17:59.667,C3:00:00:63:4C:D2,-53,127,3.0,3.5,1.5
1783351079688,2026-07-06 17:17:59.688,C3:00:00:63:4D:0A,-65,127,3.0,3.5,1.5
1783351079693,2026-07-06 17:17:59.693,C3:00:00:63:4C:D2,-53,127,3.0,3.5,1.5
1783351079720,2026-07-06 17:17:59.720,C3:00:00:63:4D:08,-67,127,3.0,3.5,1.5
1783351079725,2026-07-06 17:17:59.725,C3:00:00:63:4D:04,-58,127,3.0,3.5,1.5
1783351079732,2026-07-06 17:17:59.732,C3:00:00:63:4D:0D,-57,127,3.0,3.5,1.5
1783351079745,2026-07-06 17:17:59.745,C3:00:00:63:4D:04,-59,127,3.0,3.5,1.5
1783351079751,2026-07-06 17:17:59.751,C3:00:00:63:4D:05,-54,127,3.0,3.5,1.5
1783351079758,2026-07-06 17:17:59.758,C3:00:00:63:4D:07,-55,127,3.0,3.5,1.5
1783351079779,2026-07-06 17:17:59.779,C3:00:00:63:4D:05,-55,127,3.0,3.5,1.5
1783351079790,2026-07-06 17:17:59.790,C3:00:00:63:4D:0A,-61,127,3.0,3.5,1.5
1783351079799,2026-07-06 17:17:59.799,C3:00:00:63:4C:D2,-60,127,3.0,3.5,1.5
1783351079806,2026-07-06 17:17:59.806,C3:00:00:63:4D:09,-64,127,3.0,3.5,1.5
1783351079834,2026-07-06 17:17:59.834,C3:00:00:63:4D:08,-56,127,3.0,3.5,1.5
1783351079848,2026-07-06 17:17:59.848,C3:00:00:63:4D:0D,-58,127,3.0,3.5,1.5
1783351079859,2026-07-06 17:17:59.859,C3:00:00:63:4D:07,-58,127,3.0,3.5,1.5
1783351079866,2026-07-06 17:17:59.866,C3:00:00:63:4D:05,-57,127,3.0,3.5,1.5
1783351079908,2026-07-06 17:17:59.908,C3:00:00:63:4C:D2,-60,127,3.0,3.5,1.5
1783351079953,2026-07-06 17:17:59.953,C3:00:00:63:4D:0D,-49,127,3.0,3.5,1.5
1783351079958,2026-07-06 17:17:59.958,C3:00:00:63:4D:05,-55,127,3.0,3.5,1.5
1783351079975,2026-07-06 17:17:59.975,C3:00:00:63:4D:08,-68,127,3.0,3.5,1.5
1783351080006,2026-07-06 17:18:00.006,C3:00:00:63:4D:0A,-65,127,3.0,3.5,1.5
1783351080015,2026-07-06 17:18:00.015,C3:00:00:63:4C:D2,-53,127,3.0,3.5,1.5
1783351080043,2026-07-06 17:18:00.043,C3:00:00:63:4D:09,-64,127,3.0,3.5,1.5
1783351080051,2026-07-06 17:18:00.051,C3:00:00:63:4D:08,-63,127,3.0,3.5,1.5
1783351080064,2026-07-06 17:18:00.064,C3:00:00:63:4D:07,-55,127,3.0,3.5,1.5
1783351080073,2026-07-06 17:18:00.073,C3:00:00:63:4D:08,-63,127,3.0,3.5,1.5
1783351080103,2026-07-06 17:18:00.103,C3:00:00:63:4D:0A,-61,127,3.0,3.5,1.5
1783351080124,2026-07-06 17:18:00.124,C3:00:00:63:4C:D2,-60,127,3.0,3.5,1.5
1783351080132,2026-07-06 17:18:00.132,C3:00:00:63:4D:04,-55,127,3.0,3.5,1.5
1783351080152,2026-07-06 17:18:00.152,C3:00:00:63:4D:09,-61,127,3.0,3.5,1.5
1783351080159,2026-07-06 17:18:00.159,C3:00:00:63:4D:07,-58,127,3.0,3.5,1.5
1783351080167,2026-07-06 17:18:00.167,C3:00:00:63:4D:05,-57,127,3.0,3.5,1.5
1783351080174,2026-07-06 17:18:00.174,C3:00:00:63:4D:0D,-58,127,3.0,3.5,1.5
1783351080206,2026-07-06 17:18:00.206,C3:00:00:63:4D:0A,-64,127,3.0,3.5,1.5
1783351080217,2026-07-06 17:18:00.217,C3:00:00:63:4C:D2,-60,127,3.0,3.5,1.5
1783351080232,2026-07-06 17:18:00.232,C3:00:00:63:4D:04,-57,127,3.0,3.5,1.5
1783351080254,2026-07-06 17:18:00.254,C3:00:00:63:4D:04,-58,127,3.0,3.5,1.5
1783351080259,2026-07-06 17:18:00.259,C3:00:00:63:4D:05,-58,127,3.0,3.5,1.5
1783351080277,2026-07-06 17:18:00.277,C3:00:00:63:4D:04,-65,127,3.0,3.5,1.5
1783351080283,2026-07-06 17:18:00.283,C3:00:00:63:4D:0D,-49,127,3.0,3.5,1.5
1783351080302,2026-07-06 17:18:00.302,C3:00:00:63:4D:08,-64,127,3.0,3.5,1.5
1783351080307,2026-07-06 17:18:00.307,C3:00:00:63:4D:04,-58,127,3.0,3.5,1.5
1783351080318,2026-07-06 17:18:00.318,C3:00:00:63:4D:0A,-62,127,3.0,3.5,1.5
1783351080331,2026-07-06 17:18:00.331,C3:00:00:63:4C:D2,-61,127,3.0,3.5,1.5
1783351080339,2026-07-06 17:18:00.339,C3:00:00:63:4D:04,-59,127,3.0,3.5,1.5
1783351080351,2026-07-06 17:18:00.351,C3:00:00:63:4D:07,-54,127,3.0,3.5,1.5
1783351080356,2026-07-06 17:18:00.356,C3:00:00:63:4C:D2,-61,127,3.0,3.5,1.5
1783351080382,2026-07-06 17:18:00.382,C3:00:00:63:4D:09,-64,127,3.0,3.5,1.5
1783351080384,2026-07-06 17:18:00.384,C3:00:00:63:4D:0D,-58,127,3.0,3.5,1.5
1783351080408,2026-07-06 17:18:00.408,C3:00:00:63:4D:08,-62,127,3.0,3.5,1.5
1783351080427,2026-07-06 17:18:00.427,C3:00:00:63:4D:0A,-61,127,3.0,3.5,1.5
1783351080444,2026-07-06 17:18:00.444,C3:00:00:63:4D:04,-55,127,3.0,3.5,1.5
1783351080446,2026-07-06 17:18:00.446,C3:00:00:63:4C:D2,-60,127,3.0,3.5,1.5
1783351080487,2026-07-06 17:18:00.487,C3:00:00:63:4D:09,-61,127,3.0,3.5,1.5
1783351080491,2026-07-06 17:18:00.491,C3:00:00:63:4D:0D,-58,127,3.0,3.5,1.5
1783351080525,2026-07-06 17:18:00.525,C3:00:00:63:4D:0A,-63,127,3.0,3.5,1.5
1783351080530,2026-07-06 17:18:00.530,C3:00:00:63:4D:08,-57,127,3.0,3.5,1.5
1783351080563,2026-07-06 17:18:00.563,C3:00:00:63:4D:07,-65,127,3.0,3.5,1.5
1783351080566,2026-07-06 17:18:00.566,C3:00:00:63:4D:05,-58,127,3.0,3.5,1.5
1783351080582,2026-07-06 17:18:00.582,C3:00:00:63:4D:07,-58,127,3.0,3.5,1.5
1783351080603,2026-07-06 17:18:00.603,C3:00:00:63:4D:0D,-49,127,3.0,3.5,1.5
1783351080605,2026-07-06 17:18:00.605,C3:00:00:63:4D:09,-63,127,3.0,3.5,1.5
1783351080637,2026-07-06 17:18:00.637,C3:00:00:63:4D:08,-62,127,3.0,3.5,1.5
1783351080647,2026-07-06 17:18:00.647,C3:00:00:63:4D:04,-59,127,3.0,3.5,1.5
1783351080650,2026-07-06 17:18:00.650,C3:00:00:63:4C:D2,-61,127,3.0,3.5,1.5
1783351080658,2026-07-06 17:18:00.658,C3:00:00:63:4D:07,-54,127,3.0,3.5,1.5
1783351080668,2026-07-06 17:18:00.668,C3:00:00:63:4D:05,-55,127,3.0,3.5,1.5
1783351080711,2026-07-06 17:18:00.711,C3:00:00:63:4D:0D,-58,127,3.0,3.5,1.5
1783351080726,2026-07-06 17:18:00.726,C3:00:00:63:4D:09,-64,127,3.0,3.5,1.5
1783351080736,2026-07-06 17:18:00.736,C3:00:00:63:4D:0A,-63,127,3.0,3.5,1.5
1783351080755,2026-07-06 17:18:00.755,C3:00:00:63:4D:04,-55,127,3.0,3.5,1.5
1783351080759,2026-07-06 17:18:00.759,C3:00:00:63:4C:D2,-60,127,3.0,3.5,1.5
1783351080761,2026-07-06 17:18:00.761,C3:00:00:63:4D:08,-57,127,3.0,3.5,1.5
1783351080765,2026-07-06 17:18:00.765,C3:00:00:63:4D:07,-57,127,3.0,3.5,1.5
1783351080768,2026-07-06 17:18:00.768,C3:00:00:63:4D:05,-58,127,3.0,3.5,1.5
1783351080821,2026-07-06 17:18:00.821,C3:00:00:63:4D:0D,-58,127,3.0,3.5,1.5
1783351080837,2026-07-06 17:18:00.837,C3:00:00:63:4D:09,-63,127,3.0,3.5,1.5
1783351080841,2026-07-06 17:18:00.841,C3:00:00:63:4D:0A,-62,127,3.0,3.5,1.5
1783351080856,2026-07-06 17:18:00.856,C3:00:00:63:4D:04,-58,127,3.0,3.5,1.5
1783351080863,2026-07-06 17:18:00.863,C3:00:00:63:4C:D2,-53,127,3.0,3.5,1.5
1783351080868,2026-07-06 17:18:00.868,C3:00:00:63:4D:07,-58,127,3.0,3.5,1.5
1783351080901,2026-07-06 17:18:00.901,C3:00:00:63:4D:0A,-62,127,3.0,3.5,1.5
1783351080922,2026-07-06 17:18:00.922,C3:00:00:63:4D:0D,-49,127,3.0,3.5,1.5
1783351080931,2026-07-06 17:18:00.931,C3:00:00:63:4D:05,-55,127,3.0,3.5,1.5
1783351080945,2026-07-06 17:18:00.945,C3:00:00:63:4D:0A,-61,127,3.0,3.5,1.5
1783351080956,2026-07-06 17:18:00.956,C3:00:00:63:4D:04,-59,127,3.0,3.5,1.5
1783351080960,2026-07-06 17:18:00.960,C3:00:00:63:4D:07,-54,127,3.0,3.5,1.5
1783351080971,2026-07-06 17:18:00.971,C3:00:00:63:4D:05,-57,127,3.0,3.5,1.5
1783351080981,2026-07-06 17:18:00.981,C3:00:00:63:4D:09,-65,127,3.0,3.5,1.5
1783351080983,2026-07-06 17:18:00.983,C3:00:00:63:4D:08,-62,127,3.0,3.5,1.5
1783351080986,2026-07-06 17:18:00.986,C3:00:00:63:4D:0D,-57,127,3.0,3.5,1.5
1783351081031,2026-07-06 17:18:01.031,C3:00:00:63:4D:0D,-58,127,3.0,3.5,1.5
1783351081056,2026-07-06 17:18:01.056,C3:00:00:63:4D:07,-57,127,3.0,3.5,1.5
1783351081063,2026-07-06 17:18:01.063,C3:00:00:63:4D:09,-61,127,3.0,3.5,1.5
1783351081070,2026-07-06 17:18:01.070,C3:00:00:63:4D:05,-58,127,3.0,3.5,1.5
1783351081075,2026-07-06 17:18:01.075,C3:00:00:63:4C:D2,-60,127,3.0,3.5,1.5
1783351081102,2026-07-06 17:18:01.102,C3:00:00:63:4D:08,-56,127,3.0,3.5,1.5
1783351081140,2026-07-06 17:18:01.140,C3:00:00:63:4D:0D,-49,127,3.0,3.5,1.5
1783351081162,2026-07-06 17:18:01.162,C3:00:00:63:4D:04,-58,127,3.0,3.5,1.5
1783351081174,2026-07-06 17:18:01.174,C3:00:00:63:4D:05,-58,127,3.0,3.5,1.5
1783351081181,2026-07-06 17:18:01.181,C3:00:00:63:4C:D2,-54,127,3.0,3.5,1.5
1783351081249,2026-07-06 17:18:01.249,C3:00:00:63:4D:0D,-57,127,3.0,3.5,1.5
1783351081257,2026-07-06 17:18:01.257,C3:00:00:63:4D:07,-54,127,3.0,3.5,1.5
1783351081263,2026-07-06 17:18:01.263,C3:00:00:63:4D:0A,-61,127,3.0,3.5,1.5
1783351081270,2026-07-06 17:18:01.270,C3:00:00:63:4D:04,-59,127,3.0,3.5,1.5
1783351081279,2026-07-06 17:18:01.279,C3:00:00:63:4D:05,-55,127,3.0,3.5,1.5
1783351081282,2026-07-06 17:18:01.282,C3:00:00:63:4C:D2,-61,127,3.0,3.5,1.5
1783351081292,2026-07-06 17:18:01.292,C3:00:00:63:4D:09,-64,127,3.0,3.5,1.5
1783351081326,2026-07-06 17:18:01.326,C3:00:00:63:4D:08,-62,127,3.0,3.5,1.5
1783351081360,2026-07-06 17:18:01.360,C3:00:00:63:4D:0D,-58,127,3.0,3.5,1.5
1783351081363,2026-07-06 17:18:01.363,C3:00:00:63:4D:07,-57,127,3.0,3.5,1.5
1783351081370,2026-07-06 17:18:01.370,C3:00:00:63:4D:04,-54,127,3.0,3.5,1.5
1783351081381,2026-07-06 17:18:01.381,C3:00:00:63:4D:05,-57,127,3.0,3.5,1.5
1783351081387,2026-07-06 17:18:01.387,C3:00:00:63:4D:0A,-64,127,3.0,3.5,1.5
1783351081392,2026-07-06 17:18:01.392,C3:00:00:63:4C:D2,-60,127,3.0,3.5,1.5
1783351081407,2026-07-06 17:18:01.407,C3:00:00:63:4D:09,-61,127,3.0,3.5,1.5
1783351081451,2026-07-06 17:18:01.451,C3:00:00:63:4D:08,-68,127,3.0,3.5,1.5
1783351081468,2026-07-06 17:18:01.468,C3:00:00:63:4D:07,-58,127,3.0,3.5,1.5
1783351081476,2026-07-06 17:18:01.476,C3:00:00:63:4D:0D,-49,127,3.0,3.5,1.5
1783351081482,2026-07-06 17:18:01.482,C3:00:00:63:4D:0A,-65,127,3.0,3.5,1.5
1783351081488,2026-07-06 17:18:01.488,C3:00:00:63:4D:05,-55,127,3.0,3.5,1.5
1783351081493,2026-07-06 17:18:01.493,C3:00:00:63:4D:0D,-49,127,3.0,3.5,1.5
1783351081515,2026-07-06 17:18:01.515,C3:00:00:63:4D:0A,-70,127,3.0,3.5,1.5
1783351081532,2026-07-06 17:18:01.532,C3:00:00:63:4D:07,-54,127,3.0,3.5,1.5
1783351081557,2026-07-06 17:18:01.557,C3:00:00:63:4D:08,-62,127,3.0,3.5,1.5
1783351081561,2026-07-06 17:18:01.561,C3:00:00:63:4D:07,-54,127,3.0,3.5,1.5
1783351081570,2026-07-06 17:18:01.570,C3:00:00:63:4D:0D,-57,127,3.0,3.5,1.5
1783351081575,2026-07-06 17:18:01.575,C3:00:00:63:4D:05,-55,127,3.0,3.5,1.5
1783351081593,2026-07-06 17:18:01.593,C3:00:00:63:4C:D2,-61,127,3.0,3.5,1.5
1783351081640,2026-07-06 17:18:01.640,C3:00:00:63:4D:09,-61,127,3.0,3.5,1.5
1783351081660,2026-07-06 17:18:01.660,C3:00:00:63:4D:07,-57,127,3.0,3.5,1.5
1783351081673,2026-07-06 17:18:01.673,C3:00:00:63:4D:08,-56,127,3.0,3.5,1.5
1783351081689,2026-07-06 17:18:01.689,C3:00:00:63:4D:04,-55,127,3.0,3.5,1.5
1783351081709,2026-07-06 17:18:01.709,C3:00:00:63:4C:D2,-60,127,3.0,3.5,1.5
1783351081748,2026-07-06 17:18:01.748,C3:00:00:63:4D:09,-63,127,3.0,3.5,1.5
1783351081756,2026-07-06 17:18:01.756,C3:00:00:63:4D:07,-58,127,3.0,3.5,1.5
1783351081785,2026-07-06 17:18:01.785,C3:00:00:63:4D:04,-57,127,3.0,3.5,1.5
1783351081790,2026-07-06 17:18:01.790,C3:00:00:63:4D:0D,-49,127,3.0,3.5,1.5
1783351081796,2026-07-06 17:18:01.796,C3:00:00:63:4D:0A,-62,127,3.0,3.5,1.5
1783351081815,2026-07-06 17:18:01.815,C3:00:00:63:4C:D2,-54,127,3.0,3.5,1.5
1783351081858,2026-07-06 17:18:01.858,C3:00:00:63:4D:0A,-61,127,3.0,3.5,1.5
1783351081860,2026-07-06 17:18:01.860,C3:00:00:63:4D:07,-54,127,3.0,3.5,1.5
1783351081864,2026-07-06 17:18:01.864,C3:00:00:63:4D:09,-64,127,3.0,3.5,1.5
1783351081884,2026-07-06 17:18:01.884,C3:00:00:63:4D:05,-55,127,3.0,3.5,1.5
1783351081889,2026-07-06 17:18:01.889,C3:00:00:63:4D:04,-59,127,3.0,3.5,1.5
1783351081896,2026-07-06 17:18:01.896,C3:00:00:63:4D:0A,-61,127,3.0,3.5,1.5
1783351081899,2026-07-06 17:18:01.899,C3:00:00:63:4D:0D,-57,127,3.0,3.5,1.5
1783351081904,2026-07-06 17:18:01.904,C3:00:00:63:4D:08,-62,127,3.0,3.5,1.5
1783351081924,2026-07-06 17:18:01.924,C3:00:00:63:4C:D2,-61,127,3.0,3.5,1.5
1783351081949,2026-07-06 17:18:01.949,C3:00:00:63:4D:08,-57,127,3.0,3.5,1.5
1783351081954,2026-07-06 17:18:01.954,C3:00:00:63:4D:0A,-64,127,3.0,3.5,1.5
1783351081975,2026-07-06 17:18:01.975,C3:00:00:63:4D:09,-61,127,3.0,3.5,1.5
1783351081980,2026-07-06 17:18:01.980,C3:00:00:63:4D:05,-58,127,3.0,3.5,1.5
1783351081984,2026-07-06 17:18:01.984,C3:00:00:63:4D:04,-55,127,3.0,3.5,1.5
1783351082023,2026-07-06 17:18:02.023,C3:00:00:63:4D:08,-56,127,3.0,3.5,1.5
1783351082027,2026-07-06 17:18:02.027,C3:00:00:63:4C:D2,-60,127,3.0,3.5,1.5
1783351082054,2026-07-06 17:18:02.054,C3:00:00:63:4D:07,-58,127,3.0,3.5,1.5
1783351082082,2026-07-06 17:18:02.082,C3:00:00:63:4D:04,-58,127,3.0,3.5,1.5
1783351082101,2026-07-06 17:18:02.101,C3:00:00:63:4D:0A,-62,127,3.0,3.5,1.5
1783351082112,2026-07-06 17:18:02.112,C3:00:00:63:4D:0D,-49,127,3.0,3.5,1.5
1783351082134,2026-07-06 17:18:02.134,C3:00:00:63:4C:D2,-61,127,3.0,3.5,1.5
1783351082140,2026-07-06 17:18:02.140,C3:00:00:63:4D:08,-62,127,3.0,3.5,1.5
1783351082160,2026-07-06 17:18:02.160,C3:00:00:63:4D:07,-54,127,3.0,3.5,1.5
1783351082188,2026-07-06 17:18:02.188,C3:00:00:63:4D:04,-59,127,3.0,3.5,1.5
1783351082195,2026-07-06 17:18:02.195,C3:00:00:63:4D:07,-54,127,3.0,3.5,1.5
1783351082214,2026-07-06 17:18:02.214,C3:00:00:63:4D:0D,-57,127,3.0,3.5,1.5
1783351082236,2026-07-06 17:18:02.236,C3:00:00:63:4C:D2,-61,127,3.0,3.5,1.5
1783351082248,2026-07-06 17:18:02.248,C3:00:00:63:4D:04,-55,127,3.0,3.5,1.5
1783351082260,2026-07-06 17:18:02.260,C3:00:00:63:4D:07,-57,127,3.0,3.5,1.5
1783351082273,2026-07-06 17:18:02.273,C3:00:00:63:4D:04,-55,127,3.0,3.5,1.5
1783351082280,2026-07-06 17:18:02.280,C3:00:00:63:4D:05,-58,127,3.0,3.5,1.5
1783351082287,2026-07-06 17:18:02.287,C3:00:00:63:4D:04,-55,127,3.0,3.5,1.5
1783351082300,2026-07-06 17:18:02.300,C3:00:00:63:4D:09,-69,127,3.0,3.5,1.5
1783351082314,2026-07-06 17:18:02.314,C3:00:00:63:4D:08,-65,127,3.0,3.5,1.5
1783351082320,2026-07-06 17:18:02.320,C3:00:00:63:4D:0A,-63,127,3.0,3.5,1.5
1783351082328,2026-07-06 17:18:02.328,C3:00:00:63:4D:09,-61,127,3.0,3.5,1.5
1783351082342,2026-07-06 17:18:02.342,C3:00:00:63:4C:D2,-53,127,3.0,3.5,1.5
1783351082357,2026-07-06 17:18:02.357,C3:00:00:63:4D:07,-58,127,3.0,3.5,1.5
1783351082363,2026-07-06 17:18:02.363,C3:00:00:63:4D:08,-66,127,3.0,3.5,1.5
1783351082367,2026-07-06 17:18:02.367,C3:00:00:63:4C:D2,-54,127,3.0,3.5,1.5
1783351082382,2026-07-06 17:18:02.382,C3:00:00:63:4D:05,-58,127,3.0,3.5,1.5
1783351082395,2026-07-06 17:18:02.395,C3:00:00:63:4D:04,-58,127,3.0,3.5,1.5
1783351082416,2026-07-06 17:18:02.416,C3:00:00:63:4D:0A,-62,127,3.0,3.5,1.5
1783351082432,2026-07-06 17:18:02.432,C3:00:00:63:4D:09,-64,127,3.0,3.5,1.5
1783351082434,2026-07-06 17:18:02.434,C3:00:00:63:4D:0D,-57,127,3.0,3.5,1.5
1783351082447,2026-07-06 17:18:02.447,C3:00:00:63:4C:D2,-61,127,3.0,3.5,1.5
1783351082452,2026-07-06 17:18:02.452,C3:00:00:63:4D:07,-54,127,3.0,3.5,1.5
1783351082479,2026-07-06 17:18:02.479,C3:00:00:63:4D:08,-62,127,3.0,3.5,1.5
1783351082481,2026-07-06 17:18:02.481,C3:00:00:63:4D:05,-55,127,3.0,3.5,1.5
1783351082524,2026-07-06 17:18:02.524,C3:00:00:63:4D:0A,-61,127,3.0,3.5,1.5
1783351082541,2026-07-06 17:18:02.541,C3:00:00:63:4D:0D,-58,127,3.0,3.5,1.5
1783351082546,2026-07-06 17:18:02.546,C3:00:00:63:4D:09,-61,127,3.0,3.5,1.5
1783351082556,2026-07-06 17:18:02.556,C3:00:00:63:4C:D2,-60,127,3.0,3.5,1.5
1783351082564,2026-07-06 17:18:02.564,C3:00:00:63:4D:07,-57,127,3.0,3.5,1.5
1783351082586,2026-07-06 17:18:02.586,C3:00:00:63:4D:05,-58,127,3.0,3.5,1.5
1783351082607,2026-07-06 17:18:02.607,C3:00:00:63:4D:04,-55,127,3.0,3.5,1.5
1783351082631,2026-07-06 17:18:02.631,C3:00:00:63:4D:0A,-62,127,3.0,3.5,1.5
1783351082656,2026-07-06 17:18:02.656,C3:00:00:63:4D:0D,-49,127,3.0,3.5,1.5
1783351082661,2026-07-06 17:18:02.661,C3:00:00:63:4D:09,-63,127,3.0,3.5,1.5
1783351082669,2026-07-06 17:18:02.669,C3:00:00:63:4C:D2,-54,127,3.0,3.5,1.5
1783351082689,2026-07-06 17:18:02.689,C3:00:00:63:4D:05,-58,127,3.0,3.5,1.5
1783351082712,2026-07-06 17:18:02.712,C3:00:00:63:4D:04,-58,127,3.0,3.5,1.5
1783351082755,2026-07-06 17:18:02.755,C3:00:00:63:4D:07,-54,127,3.0,3.5,1.5
1783351082775,2026-07-06 17:18:02.775,C3:00:00:63:4C:D2,-61,127,3.0,3.5,1.5
1783351082779,2026-07-06 17:18:02.779,C3:00:00:63:4D:09,-64,127,3.0,3.5,1.5
1783351082803,2026-07-06 17:18:02.803,C3:00:00:63:4D:04,-59,127,3.0,3.5,1.5
1783351082825,2026-07-06 17:18:02.825,C3:00:00:63:4D:08,-62,127,3.0,3.5,1.5
1783351082840,2026-07-06 17:18:02.840,C3:00:00:63:4D:0A,-63,127,3.0,3.5,1.5
1783351082865,2026-07-06 17:18:02.865,C3:00:00:63:4D:07,-57,127,3.0,3.5,1.5
1783351082869,2026-07-06 17:18:02.869,C3:00:00:63:4D:0D,-58,127,3.0,3.5,1.5
1783351082881,2026-07-06 17:18:02.881,C3:00:00:63:4C:D2,-60,127,3.0,3.5,1.5
1783351082884,2026-07-06 17:18:02.884,C3:00:00:63:4D:05,-57,127,3.0,3.5,1.5
1783351082896,2026-07-06 17:18:02.896,C3:00:00:63:4D:09,-61,127,3.0,3.5,1.5
1783351082937,2026-07-06 17:18:02.937,C3:00:00:63:4D:08,-69,127,3.0,3.5,1.5
1783351082943,2026-07-06 17:18:02.943,C3:00:00:63:4D:0A,-65,127,3.0,3.5,1.5
1783351082964,2026-07-06 17:18:02.964,C3:00:00:63:4D:07,-58,127,3.0,3.5,1.5
1783351082971,2026-07-06 17:18:02.971,C3:00:00:63:4D:09,-61,127,3.0,3.5,1.5
1783351082978,2026-07-06 17:18:02.978,C3:00:00:63:4D:0D,-49,127,3.0,3.5,1.5
1783351082980,2026-07-06 17:18:02.980,C3:00:00:63:4C:D2,-53,127,3.0,3.5,1.5
1783351082987,2026-07-06 17:18:02.987,C3:00:00:63:4D:05,-55,127,3.0,3.5,1.5
1783351082996,2026-07-06 17:18:02.996,C3:00:00:63:4D:0D,-49,127,3.0,3.5,1.5
1783351083015,2026-07-06 17:18:03.015,C3:00:00:63:4D:04,-58,127,3.0,3.5,1.5
1783351083020,2026-07-06 17:18:03.020,C3:00:00:63:4D:0D,-57,127,3.0,3.5,1.5
1783351083052,2026-07-06 17:18:03.052,C3:00:00:63:4D:0A,-61,127,3.0,3.5,1.5
1783351083054,2026-07-06 17:18:03.054,C3:00:00:63:4D:07,-55,127,3.0,3.5,1.5
1783351083082,2026-07-06 17:18:03.082,C3:00:00:63:4C:D2,-60,127,3.0,3.5,1.5
1783351083086,2026-07-06 17:18:03.086,C3:00:00:63:4D:0D,-57,127,3.0,3.5,1.5
1783351083092,2026-07-06 17:18:03.092,C3:00:00:63:4D:05,-54,127,3.0,3.5,1.5
1783351083116,2026-07-06 17:18:03.116,C3:00:00:63:4D:09,-64,127,3.0,3.5,1.5
1783351083119,2026-07-06 17:18:03.119,C3:00:00:63:4D:04,-59,127,3.0,3.5,1.5
1783351083159,2026-07-06 17:18:03.159,C3:00:00:63:4D:07,-56,127,3.0,3.5,1.5
1783351083170,2026-07-06 17:18:03.170,C3:00:00:63:4D:08,-57,127,3.0,3.5,1.5
1783351083193,2026-07-06 17:18:03.193,C3:00:00:63:4D:05,-58,127,3.0,3.5,1.5
1783351083198,2026-07-06 17:18:03.198,C3:00:00:63:4D:0D,-58,127,3.0,3.5,1.5
1783351083205,2026-07-06 17:18:03.205,C3:00:00:63:4C:D2,-60,127,3.0,3.5,1.5
1783351083220,2026-07-06 17:18:03.220,C3:00:00:63:4D:04,-55,127,3.0,3.5,1.5
1783351083230,2026-07-06 17:18:03.230,C3:00:00:63:4D:09,-63,127,3.0,3.5,1.5
1783351083259,2026-07-06 17:18:03.259,C3:00:00:63:4D:07,-56,127,3.0,3.5,1.5
1783351083290,2026-07-06 17:18:03.290,C3:00:00:63:4D:05,-58,127,3.0,3.5,1.5
1783351083295,2026-07-06 17:18:03.295,C3:00:00:63:4D:0D,-49,127,3.0,3.5,1.5
1783351083317,2026-07-06 17:18:03.317,C3:00:00:63:4D:0D,-49,127,3.0,3.5,1.5
1783351083322,2026-07-06 17:18:03.322,C3:00:00:63:4D:04,-58,127,3.0,3.5,1.5
1783351083341,2026-07-06 17:18:03.341,C3:00:00:63:4D:09,-64,127,3.0,3.5,1.5
1783351083361,2026-07-06 17:18:03.361,C3:00:00:63:4D:07,-54,127,3.0,3.5,1.5
1783351083365,2026-07-06 17:18:03.365,C3:00:00:63:4D:0A,-61,127,3.0,3.5,1.5
1783351083388,2026-07-06 17:18:03.388,C3:00:00:63:4D:05,-55,127,3.0,3.5,1.5
1783351083394,2026-07-06 17:18:03.394,C3:00:00:63:4D:08,-62,127,3.0,3.5,1.5
1783351083402,2026-07-06 17:18:03.402,C3:00:00:63:4C:D2,-61,127,3.0,3.5,1.5
1783351083411,2026-07-06 17:18:03.411,C3:00:00:63:4D:0D,-57,127,3.0,3.5,1.5
1783351083428,2026-07-06 17:18:03.428,C3:00:00:63:4D:04,-55,127,3.0,3.5,1.5
1783351083465,2026-07-06 17:18:03.465,C3:00:00:63:4D:08,-56,127,3.0,3.5,1.5
1783351083468,2026-07-06 17:18:03.468,C3:00:00:63:4D:07,-57,127,3.0,3.5,1.5
1783351083477,2026-07-06 17:18:03.477,C3:00:00:63:4D:0D,-58,127,3.0,3.5,1.5
1783351083488,2026-07-06 17:18:03.488,C3:00:00:63:4D:05,-58,127,3.0,3.5,1.5
1783351083513,2026-07-06 17:18:03.513,C3:00:00:63:4D:08,-56,127,3.0,3.5,1.5
1783351083516,2026-07-06 17:18:03.516,C3:00:00:63:4D:0D,-58,127,3.0,3.5,1.5
1783351083533,2026-07-06 17:18:03.533,C3:00:00:63:4D:04,-58,127,3.0,3.5,1.5
1783351083539,2026-07-06 17:18:03.539,C3:00:00:63:4D:07,-58,127,3.0,3.5,1.5
1783351083556,2026-07-06 17:18:03.556,C3:00:00:63:4D:07,-58,127,3.0,3.5,1.5
1783351083569,2026-07-06 17:18:03.569,C3:00:00:63:4D:09,-63,127,3.0,3.5,1.5
1783351083578,2026-07-06 17:18:03.578,C3:00:00:63:4D:0A,-62,127,3.0,3.5,1.5
1783351083596,2026-07-06 17:18:03.596,C3:00:00:63:4D:05,-58,127,3.0,3.5,1.5
1783351083623,2026-07-06 17:18:03.623,C3:00:00:63:4C:D2,-54,127,3.0,3.5,1.5
1783351083628,2026-07-06 17:18:03.628,C3:00:00:63:4D:08,-66,127,3.0,3.5,1.5
1783351083636,2026-07-06 17:18:03.636,C3:00:00:63:4D:04,-59,127,3.0,3.5,1.5
1783351083657,2026-07-06 17:18:03.657,C3:00:00:63:4D:07,-54,127,3.0,3.5,1.5
1783351083670,2026-07-06 17:18:03.670,C3:00:00:63:4C:D2,-61,127,3.0,3.5,1.5
1783351083686,2026-07-06 17:18:03.686,C3:00:00:63:4D:09,-64,127,3.0,3.5,1.5
1783351083691,2026-07-06 17:18:03.691,C3:00:00:63:4D:05,-54,127,3.0,3.5,1.5
1783351083727,2026-07-06 17:18:03.727,C3:00:00:63:4C:D2,-61,127,3.0,3.5,1.5
1783351083734,2026-07-06 17:18:03.734,C3:00:00:63:4D:0D,-58,127,3.0,3.5,1.5
1783351083738,2026-07-06 17:18:03.738,C3:00:00:63:4D:04,-55,127,3.0,3.5,1.5
1783351083754,2026-07-06 17:18:03.754,C3:00:00:63:4D:08,-57,127,3.0,3.5,1.5
1783351083760,2026-07-06 17:18:03.760,C3:00:00:63:4D:07,-57,127,3.0,3.5,1.5
1783351083761,2026-07-06 17:18:03.761,C3:00:00:63:4D:04,-55,127,3.0,3.5,1.5
1783351083797,2026-07-06 17:18:03.797,C3:00:00:63:4D:05,-58,127,3.0,3.5,1.5
1783351083801,2026-07-06 17:18:03.801,C3:00:00:63:4D:09,-61,127,3.0,3.5,1.5
1783351083829,2026-07-06 17:18:03.829,C3:00:00:63:4C:D2,-60,127,3.0,3.5,1.5
1783351083876,2026-07-06 17:18:03.876,C3:00:00:63:4D:05,-58,127,3.0,3.5,1.5
1783351083889,2026-07-06 17:18:03.889,C3:00:00:63:4D:0A,-62,127,3.0,3.5,1.5
1783351083918,2026-07-06 17:18:03.918,C3:00:00:63:4D:09,-63,127,3.0,3.5,1.5
1783351083936,2026-07-06 17:18:03.936,C3:00:00:63:4C:D2,-61,127,3.0,3.5,1.5
1783351083946,2026-07-06 17:18:03.946,C3:00:00:63:4D:04,-59,127,3.0,3.5,1.5
1783351083952,2026-07-06 17:18:03.952,C3:00:00:63:4D:0D,-57,127,3.0,3.5,1.5
1783351083954,2026-07-06 17:18:03.954,C3:00:00:63:4D:09,-64,127,3.0,3.5,1.5
1783351083962,2026-07-06 17:18:03.962,C3:00:00:63:4D:07,-54,127,3.0,3.5,1.5
1783351083968,2026-07-06 17:18:03.968,C3:00:00:63:4D:08,-62,127,3.0,3.5,1.5
1783351083988,2026-07-06 17:18:03.988,C3:00:00:63:4D:0A,-61,127,3.0,3.5,1.5
1783351083995,2026-07-06 17:18:03.995,C3:00:00:63:4D:05,-55,127,3.0,3.5,1.5
1783351084025,2026-07-06 17:18:04.025,C3:00:00:63:4D:09,-64,127,3.0,3.5,1.5
1783351084037,2026-07-06 17:18:04.037,C3:00:00:63:4C:D2,-60,127,3.0,3.5,1.5
1783351084045,2026-07-06 17:18:04.045,C3:00:00:63:4D:04,-55,127,3.0,3.5,1.5
1783351084054,2026-07-06 17:18:04.054,C3:00:00:63:4D:07,-57,127,3.0,3.5,1.5
1783351084060,2026-07-06 17:18:04.060,C3:00:00:63:4D:0D,-58,127,3.0,3.5,1.5
1783351084062,2026-07-06 17:18:04.062,C3:00:00:63:4D:08,-57,127,3.0,3.5,1.5
1783351084088,2026-07-06 17:18:04.088,C3:00:00:63:4D:08,-57,127,3.0,3.5,1.5
1783351084095,2026-07-06 17:18:04.095,C3:00:00:63:4D:0A,-64,127,3.0,3.5,1.5
1783351084103,2026-07-06 17:18:04.103,C3:00:00:63:4D:05,-58,127,3.0,3.5,1.5
1783351084144,2026-07-06 17:18:04.144,C3:00:00:63:4D:09,-63,127,3.0,3.5,1.5
1783351084161,2026-07-06 17:18:04.161,C3:00:00:63:4D:07,-58,127,3.0,3.5,1.5
1783351084166,2026-07-06 17:18:04.166,C3:00:00:63:4D:0D,-49,127,3.0,3.5,1.5
1783351084200,2026-07-06 17:18:04.200,C3:00:00:63:4D:05,-55,127,3.0,3.5,1.5
1783351084214,2026-07-06 17:18:04.214,C3:00:00:63:4D:07,-58,127,3.0,3.5,1.5
1783351084249,2026-07-06 17:18:04.249,C3:00:00:63:4D:04,-59,127,3.0,3.5,1.5
1783351084254,2026-07-06 17:18:04.254,C3:00:00:63:4D:07,-55,127,3.0,3.5,1.5
1783351084259,2026-07-06 17:18:04.259,C3:00:00:63:4C:D2,-61,127,3.0,3.5,1.5
1783351084268,2026-07-06 17:18:04.268,C3:00:00:63:4D:04,-66,127,3.0,3.5,1.5
1783351084293,2026-07-06 17:18:04.293,C3:00:00:63:4D:04,-58,127,3.0,3.5,1.5
1783351084303,2026-07-06 17:18:04.303,C3:00:00:63:4D:05,-54,127,3.0,3.5,1.5
1783351084312,2026-07-06 17:18:04.312,C3:00:00:63:4D:0A,-61,127,3.0,3.5,1.5
1783351084319,2026-07-06 17:18:04.319,C3:00:00:63:4D:04,-58,127,3.0,3.5,1.5
1783351084324,2026-07-06 17:18:04.324,C3:00:00:63:4D:08,-63,127,3.0,3.5,1.5
1783351084353,2026-07-06 17:18:04.353,C3:00:00:63:4D:04,-55,127,3.0,3.5,1.5
1783351084373,2026-07-06 17:18:04.373,C3:00:00:63:4D:09,-61,127,3.0,3.5,1.5
1783351084379,2026-07-06 17:18:04.379,C3:00:00:63:4D:0D,-58,127,3.0,3.5,1.5
1783351084386,2026-07-06 17:18:04.386,C3:00:00:63:4C:D2,-61,127,3.0,3.5,1.5
1783351084401,2026-07-06 17:18:04.401,C3:00:00:63:4D:05,-57,127,3.0,3.5,1.5
1783351084434,2026-07-06 17:18:04.434,C3:00:00:63:4D:08,-68,127,3.0,3.5,1.5
1783351084461,2026-07-06 17:18:04.461,C3:00:00:63:4C:D2,-53,127,3.0,3.5,1.5
1783351084482,2026-07-06 17:18:04.482,C3:00:00:63:4D:09,-61,127,3.0,3.5,1.5
1783351084492,2026-07-06 17:18:04.492,C3:00:00:63:4D:0D,-49,127,3.0,3.5,1.5
1783351084508,2026-07-06 17:18:04.508,C3:00:00:63:4D:05,-55,127,3.0,3.5,1.5
1783351084526,2026-07-06 17:18:04.526,C3:00:00:63:4D:0A,-65,127,3.0,3.5,1.5
1783351084544,2026-07-06 17:18:04.544,C3:00:00:63:4D:08,-63,127,3.0,3.5,1.5
1783351084561,2026-07-06 17:18:04.561,C3:00:00:63:4D:07,-55,127,3.0,3.5,1.5
1783351084569,2026-07-06 17:18:04.569,C3:00:00:63:4D:04,-58,127,3.0,3.5,1.5
1783351084576,2026-07-06 17:18:04.576,C3:00:00:63:4C:D2,-61,127,3.0,3.5,1.5
1783351084578,2026-07-06 17:18:04.578,C3:00:00:63:4D:07,-62,127,3.0,3.5,1.5
1783351084601,2026-07-06 17:18:04.601,C3:00:00:63:4D:09,-64,127,3.0,3.5,1.5
1783351084604,2026-07-06 17:18:04.604,C3:00:00:63:4D:05,-54,127,3.0,3.5,1.5
1783351084618,2026-07-06 17:18:04.618,C3:00:00:63:4D:0A,-61,127,3.0,3.5,1.5
1783351084661,2026-07-06 17:18:04.661,C3:00:00:63:4D:07,-58,127,3.0,3.5,1.5
1783351084666,2026-07-06 17:18:04.666,C3:00:00:63:4D:08,-56,127,3.0,3.5,1.5
1783351084673,2026-07-06 17:18:04.673,C3:00:00:63:4C:D2,-60,127,3.0,3.5,1.5
1783351084699,2026-07-06 17:18:04.699,C3:00:00:63:4D:05,-58,127,3.0,3.5,1.5
1783351084703,2026-07-06 17:18:04.703,C3:00:00:63:4D:0D,-58,127,3.0,3.5,1.5
1783351084714,2026-07-06 17:18:04.714,C3:00:00:63:4D:09,-61,127,3.0,3.5,1.5
1783351084729,2026-07-06 17:18:04.729,C3:00:00:63:4D:0A,-64,127,3.0,3.5,1.5
1783351084761,2026-07-06 17:18:04.761,C3:00:00:63:4D:07,-58,127,3.0,3.5,1.5
1783351084768,2026-07-06 17:18:04.768,C3:00:00:63:4D:04,-58,127,3.0,3.5,1.5
1783351084808,2026-07-06 17:18:04.808,C3:00:00:63:4D:05,-55,127,3.0,3.5,1.5
1783351084815,2026-07-06 17:18:04.815,C3:00:00:63:4D:0D,-49,127,3.0,3.5,1.5
1783351084829,2026-07-06 17:18:04.829,C3:00:00:63:4D:09,-64,127,3.0,3.5,1.5
1783351084838,2026-07-06 17:18:04.838,C3:00:00:63:4D:0A,-61,127,3.0,3.5,1.5
1783351084855,2026-07-06 17:18:04.855,C3:00:00:63:4D:07,-55,127,3.0,3.5,1.5
1783351084870,2026-07-06 17:18:04.870,C3:00:00:63:4D:04,-58,127,3.0,3.5,1.5
1783351084887,2026-07-06 17:18:04.887,C3:00:00:63:4C:D2,-60,127,3.0,3.5,1.5
1783351084895,2026-07-06 17:18:04.895,C3:00:00:63:4D:08,-63,127,3.0,3.5,1.5
1783351084901,2026-07-06 17:18:04.901,C3:00:00:63:4D:0A,-61,127,3.0,3.5,1.5
1783351084907,2026-07-06 17:18:04.907,C3:00:00:63:4D:05,-54,127,3.0,3.5,1.5
1783351084912,2026-07-06 17:18:04.912,C3:00:00:63:4D:0D,-57,127,3.0,3.5,1.5
1783351084934,2026-07-06 17:18:04.934,C3:00:00:63:4D:0A,-64,127,3.0,3.5,1.5
1783351084937,2026-07-06 17:18:04.937,C3:00:00:63:4D:09,-61,127,3.0,3.5,1.5
1783351084940,2026-07-06 17:18:04.940,C3:00:00:63:4D:05,-58,127,3.0,3.5,1.5
1783351084950,2026-07-06 17:18:04.950,C3:00:00:63:4D:07,-58,127,3.0,3.5,1.5
1783351084983,2026-07-06 17:18:04.983,C3:00:00:63:4D:09,-61,127,3.0,3.5,1.5
1783351084992,2026-07-06 17:18:04.992,C3:00:00:63:4C:D2,-60,127,3.0,3.5,1.5
1783351085001,2026-07-06 17:18:05.001,C3:00:00:63:4D:0D,-58,127,3.0,3.5,1.5
1783351085010,2026-07-06 17:18:05.010,C3:00:00:63:4D:08,-56,127,3.0,3.5,1.5
1783351085030,2026-07-06 17:18:05.030,C3:00:00:63:4D:0D,-58,127,3.0,3.5,1.5
1783351085078,2026-07-06 17:18:05.078,C3:00:00:63:4D:04,-58,127,3.0,3.5,1.5
1783351085104,2026-07-06 17:18:05.104,C3:00:00:63:4C:D2,-53,127,3.0,3.5,1.5
1783351085108,2026-07-06 17:18:05.108,C3:00:00:63:4D:05,-55,127,3.0,3.5,1.5
1783351085119,2026-07-06 17:18:05.119,C3:00:00:63:4D:08,-67,127,3.0,3.5,1.5
1783351085138,2026-07-06 17:18:05.138,C3:00:00:63:4D:0D,-57,127,3.0,3.5,1.5
1783351085147,2026-07-06 17:18:05.147,C3:00:00:63:4D:0A,-61,127,3.0,3.5,1.5
1783351085169,2026-07-06 17:18:05.169,C3:00:00:63:4D:09,-64,127,3.0,3.5,1.5
1783351085203,2026-07-06 17:18:05.203,C3:00:00:63:4D:05,-54,127,3.0,3.5,1.5
1783351085259,2026-07-06 17:18:05.259,C3:00:00:63:4D:07,-58,127,3.0,3.5,1.5
1783351085281,2026-07-06 17:18:05.281,C3:00:00:63:4D:04,-54,127,3.0,3.5,1.5
1783351085284,2026-07-06 17:18:05.284,C3:00:00:63:4D:09,-61,127,3.0,3.5,1.5
1783351085315,2026-07-06 17:18:05.315,C3:00:00:63:4D:05,-57,127,3.0,3.5,1.5
1783351085320,2026-07-06 17:18:05.320,C3:00:00:63:4C:D2,-60,127,3.0,3.5,1.5
1783351085352,2026-07-06 17:18:05.352,C3:00:00:63:4D:08,-65,127,3.0,3.5,1.5
1783351085357,2026-07-06 17:18:05.357,C3:00:00:63:4D:0D,-49,127,3.0,3.5,1.5
1783351085360,2026-07-06 17:18:05.360,C3:00:00:63:4D:0A,-62,127,3.0,3.5,1.5
1783351085365,2026-07-06 17:18:05.365,C3:00:00:63:4D:07,-58,127,3.0,3.5,1.5
1783351085398,2026-07-06 17:18:05.398,C3:00:00:63:4D:09,-61,127,3.0,3.5,1.5
1783351085410,2026-07-06 17:18:05.410,C3:00:00:63:4D:05,-55,127,3.0,3.5,1.5
1783351085420,2026-07-06 17:18:05.420,C3:00:00:63:4C:D2,-53,127,3.0,3.5,1.5
1783351085456,2026-07-06 17:18:05.456,C3:00:00:63:4D:07,-55,127,3.0,3.5,1.5
1783351085460,2026-07-06 17:18:05.460,C3:00:00:63:4D:0A,-61,127,3.0,3.5,1.5
1783351085466,2026-07-06 17:18:05.466,C3:00:00:63:4D:0D,-57,127,3.0,3.5,1.5
1783351085470,2026-07-06 17:18:05.470,C3:00:00:63:4D:08,-63,127,3.0,3.5,1.5
1783351085477,2026-07-06 17:18:05.477,C3:00:00:63:4C:D2,-61,127,3.0,3.5,1.5
1783351085483,2026-07-06 17:18:05.483,C3:00:00:63:4D:0D,-57,127,3.0,3.5,1.5
1783351085486,2026-07-06 17:18:05.486,C3:00:00:63:4D:04,-60,127,3.0,3.5,1.5
1783351085507,2026-07-06 17:18:05.507,C3:00:00:63:4D:09,-64,127,3.0,3.5,1.5
1783351085510,2026-07-06 17:18:05.510,C3:00:00:63:4D:05,-54,127,3.0,3.5,1.5
1783351085523,2026-07-06 17:18:05.523,C3:00:00:63:4C:D2,-60,127,3.0,3.5,1.5
1783351085554,2026-07-06 17:18:05.554,C3:00:00:63:4D:07,-58,127,3.0,3.5,1.5
1783351085570,2026-07-06 17:18:05.570,C3:00:00:63:4D:0D,-58,127,3.0,3.5,1.5
1783351085574,2026-07-06 17:18:05.574,C3:00:00:63:4D:07,-58,127,3.0,3.5,1.5
1783351085578,2026-07-06 17:18:05.578,C3:00:00:63:4D:08,-56,127,3.0,3.5,1.5
1783351085586,2026-07-06 17:18:05.586,C3:00:00:63:4D:04,-55,127,3.0,3.5,1.5
1783351085611,2026-07-06 17:18:05.611,C3:00:00:63:4D:05,-57,127,3.0,3.5,1.5
1783351085619,2026-07-06 17:18:05.619,C3:00:00:63:4D:09,-61,127,3.0,3.5,1.5
1783351085635,2026-07-06 17:18:05.635,C3:00:00:63:4C:D2,-53,127,3.0,3.5,1.5
1783351085659,2026-07-06 17:18:05.659,C3:00:00:63:4D:07,-58,127,3.0,3.5,1.5
1783351085676,2026-07-06 17:18:05.676,C3:00:00:63:4D:0D,-49,127,3.0,3.5,1.5
1783351085681,2026-07-06 17:18:05.681,C3:00:00:63:4D:0A,-62,127,3.0,3.5,1.5
1783351085688,2026-07-06 17:18:05.688,C3:00:00:63:4C:D2,-54,127,3.0,3.5,1.5
1783351085702,2026-07-06 17:18:05.702,C3:00:00:63:4D:08,-67,127,3.0,3.5,1.5
1783351085717,2026-07-06 17:18:05.717,C3:00:00:63:4D:05,-55,127,3.0,3.5,1.5
1783351085736,2026-07-06 17:18:05.736,C3:00:00:63:4C:D2,-60,127,3.0,3.5,1.5
1783351085740,2026-07-06 17:18:05.740,C3:00:00:63:4D:09,-64,127,3.0,3.5,1.5
1783351085759,2026-07-06 17:18:05.759,C3:00:00:63:4D:07,-55,127,3.0,3.5,1.5
1783351085780,2026-07-06 17:18:05.780,C3:00:00:63:4D:0D,-57,127,3.0,3.5,1.5
1783351085785,2026-07-06 17:18:05.785,C3:00:00:63:4D:0A,-61,127,3.0,3.5,1.5
1783351085799,2026-07-06 17:18:05.799,C3:00:00:63:4D:04,-58,127,3.0,3.5,1.5
1783351085811,2026-07-06 17:18:05.811,C3:00:00:63:4D:05,-54,127,3.0,3.5,1.5
1783351085837,2026-07-06 17:18:05.837,C3:00:00:63:4D:05,-57,127,3.0,3.5,1.5
1783351085856,2026-07-06 17:18:05.856,C3:00:00:63:4D:09,-61,127,3.0,3.5,1.5
1783351085862,2026-07-06 17:18:05.862,C3:00:00:63:4D:07,-58,127,3.0,3.5,1.5
1783351085869,2026-07-06 17:18:05.869,C3:00:00:63:4D:0A,-64,127,3.0,3.5,1.5
1783351085889,2026-07-06 17:18:05.889,C3:00:00:63:4D:0A,-64,127,3.0,3.5,1.5
1783351085894,2026-07-06 17:18:05.894,C3:00:00:63:4D:0D,-59,127,3.0,3.5,1.5
1783351085897,2026-07-06 17:18:05.897,C3:00:00:63:4D:05,-58,127,3.0,3.5,1.5
1783351085909,2026-07-06 17:18:05.909,C3:00:00:63:4D:04,-55,127,3.0,3.5,1.5
1783351085911,2026-07-06 17:18:05.911,C3:00:00:63:4C:D2,-66,127,3.0,3.5,1.5
1783351085917,2026-07-06 17:18:05.917,C3:00:00:63:4D:05,-57,127,3.0,3.5,1.5
1783351085919,2026-07-06 17:18:05.919,C3:00:00:63:4D:08,-56,127,3.0,3.5,1.5
1783351085944,2026-07-06 17:18:05.944,C3:00:00:63:4C:D2,-53,127,3.0,3.5,1.5
1783351085958,2026-07-06 17:18:05.958,C3:00:00:63:4D:09,-61,127,3.0,3.5,1.5
1783351085961,2026-07-06 17:18:05.961,C3:00:00:63:4D:08,-67,127,3.0,3.5,1.5
1783351085966,2026-07-06 17:18:05.966,C3:00:00:63:4D:07,-58,127,3.0,3.5,1.5
1783351085971,2026-07-06 17:18:05.971,C3:00:00:63:4D:0A,-64,127,3.0,3.5,1.5
1783351085977,2026-07-06 17:18:05.977,C3:00:00:63:4D:09,-63,127,3.0,3.5,1.5
1783351085996,2026-07-06 17:18:05.996,C3:00:00:63:4D:0A,-62,127,3.0,3.5,1.5
1783351085998,2026-07-06 17:18:05.998,C3:00:00:63:4D:0D,-49,127,3.0,3.5,1.5
1783351086006,2026-07-06 17:18:06.006,C3:00:00:63:4D:04,-58,127,3.0,3.5,1.5
1783351086019,2026-07-06 17:18:06.019,C3:00:00:63:4D:05,-58,127,3.0,3.5,1.5
1783351086043,2026-07-06 17:18:06.043,C3:00:00:63:4D:08,-62,127,3.0,3.5,1.5
1783351086059,2026-07-06 17:18:06.059,C3:00:00:63:4C:D2,-61,127,3.0,3.5,1.5
1783351086066,2026-07-06 17:18:06.066,C3:00:00:63:4D:07,-54,127,3.0,3.5,1.5
1783351086076,2026-07-06 17:18:06.076,C3:00:00:63:4D:09,-64,127,3.0,3.5,1.5
1783351086099,2026-07-06 17:18:06.099,C3:00:00:63:4D:0A,-61,127,3.0,3.5,1.5
1783351086103,2026-07-06 17:18:06.103,C3:00:00:63:4D:04,-59,127,3.0,3.5,1.5
1783351086115,2026-07-06 17:18:06.115,C3:00:00:63:4D:05,-54,127,3.0,3.5,1.5
1783351086156,2026-07-06 17:18:06.156,C3:00:00:63:4D:08,-56,127,3.0,3.5,1.5
1783351086160,2026-07-06 17:18:06.160,C3:00:00:63:4C:D2,-60,127,3.0,3.5,1.5
1783351086165,2026-07-06 17:18:06.165,C3:00:00:63:4D:07,-58,127,3.0,3.5,1.5
1783351086194,2026-07-06 17:18:06.194,C3:00:00:63:4D:09,-61,127,3.0,3.5,1.5
1783351086201,2026-07-06 17:18:06.201,C3:00:00:63:4D:0A,-64,127,3.0,3.5,1.5
1783351086217,2026-07-06 17:18:06.217,C3:00:00:63:4D:05,-57,127,3.0,3.5,1.5
1783351086232,2026-07-06 17:18:06.232,C3:00:00:63:4D:07,-58,127,3.0,3.5,1.5
1783351086254,2026-07-06 17:18:06.254,C3:00:00:63:4D:04,-58,127,3.0,3.5,1.5
1783351086276,2026-07-06 17:18:06.276,C3:00:00:63:4D:04,-58,127,3.0,3.5,1.5
1783351086305,2026-07-06 17:18:06.305,C3:00:00:63:4D:0A,-62,127,3.0,3.5,1.5
1783351086310,2026-07-06 17:18:06.310,C3:00:00:63:4D:09,-63,127,3.0,3.5,1.5
1783351086317,2026-07-06 17:18:06.317,C3:00:00:63:4D:04,-58,127,3.0,3.5,1.5
1783351086352,2026-07-06 17:18:06.352,C3:00:00:63:4D:07,-55,127,3.0,3.5,1.5
1783351086370,2026-07-06 17:18:06.370,C3:00:00:63:4C:D2,-60,127,3.0,3.5,1.5
1783351086387,2026-07-06 17:18:06.387,C3:00:00:63:4D:08,-63,127,3.0,3.5,1.5
1783351086391,2026-07-06 17:18:06.391,C3:00:00:63:4C:D2,-61,127,3.0,3.5,1.5
1783351086409,2026-07-06 17:18:06.409,C3:00:00:63:4D:0A,-61,127,3.0,3.5,1.5
1783351086418,2026-07-06 17:18:06.418,C3:00:00:63:4D:04,-59,127,3.0,3.5,1.5
1783351086429,2026-07-06 17:18:06.429,C3:00:00:63:4D:05,-54,127,3.0,3.5,1.5
1783351086437,2026-07-06 17:18:06.437,C3:00:00:63:4D:0D,-59,127,3.0,3.5,1.5
1783351086486,2026-07-06 17:18:06.486,C3:00:00:63:4C:D2,-60,127,3.0,3.5,1.5
1783351086505,2026-07-06 17:18:06.505,C3:00:00:63:4D:08,-56,127,3.0,3.5,1.5
1783351086510,2026-07-06 17:18:06.510,C3:00:00:63:4D:0A,-64,127,3.0,3.5,1.5
1783351086515,2026-07-06 17:18:06.515,C3:00:00:63:4D:04,-55,127,3.0,3.5,1.5
1783351086533,2026-07-06 17:18:06.533,C3:00:00:63:4D:05,-57,127,3.0,3.5,1.5
1783351086540,2026-07-06 17:18:06.540,C3:00:00:63:4D:09,-61,127,3.0,3.5,1.5
1783351086543,2026-07-06 17:18:06.543,C3:00:00:63:4D:0D,-49,127,3.0,3.5,1.5
1783351086588,2026-07-06 17:18:06.588,C3:00:00:63:4C:D2,-53,127,3.0,3.5,1.5
1783351086622,2026-07-06 17:18:06.622,C3:00:00:63:4D:0A,-62,127,3.0,3.5,1.5
1783351086628,2026-07-06 17:18:06.628,C3:00:00:63:4D:05,-58,127,3.0,3.5,1.5
1783351086645,2026-07-06 17:18:06.645,C3:00:00:63:4D:0D,-57,127,3.0,3.5,1.5
1783351086660,2026-07-06 17:18:06.660,C3:00:00:63:4D:07,-54,127,3.0,3.5,1.5
1783351086691,2026-07-06 17:18:06.691,C3:00:00:63:4C:D2,-61,127,3.0,3.5,1.5
1783351086726,2026-07-06 17:18:06.726,C3:00:00:63:4D:0A,-61,127,3.0,3.5,1.5
1783351086729,2026-07-06 17:18:06.729,C3:00:00:63:4D:08,-62,127,3.0,3.5,1.5
1783351086757,2026-07-06 17:18:06.757,C3:00:00:63:4D:0D,-58,127,3.0,3.5,1.5
1783351086762,2026-07-06 17:18:06.762,C3:00:00:63:4D:07,-57,127,3.0,3.5,1.5
1783351086778,2026-07-06 17:18:06.778,C3:00:00:63:4D:09,-61,127,3.0,3.5,1.5
1783351086795,2026-07-06 17:18:06.795,C3:00:00:63:4C:D2,-60,127,3.0,3.5,1.5
1783351086849,2026-07-06 17:18:06.849,C3:00:00:63:4D:08,-65,127,3.0,3.5,1.5
1783351086865,2026-07-06 17:18:06.865,C3:00:00:63:4D:07,-58,127,3.0,3.5,1.5
1783351086884,2026-07-06 17:18:06.884,C3:00:00:63:4D:09,-63,127,3.0,3.5,1.5
1783351086900,2026-07-06 17:18:06.900,C3:00:00:63:4D:0A,-62,127,3.0,3.5,1.5
1783351086907,2026-07-06 17:18:06.907,C3:00:00:63:4C:D2,-54,127,3.0,3.5,1.5
1783351086925,2026-07-06 17:18:06.925,C3:00:00:63:4D:05,-58,127,3.0,3.5,1.5
1783351086940,2026-07-06 17:18:06.940,C3:00:00:63:4D:0A,-61,127,3.0,3.5,1.5
1783351086961,2026-07-06 17:18:06.961,C3:00:00:63:4D:07,-54,127,3.0,3.5,1.5
1783351086964,2026-07-06 17:18:06.964,C3:00:00:63:4D:08,-62,127,3.0,3.5,1.5
1783351087013,2026-07-06 17:18:07.013,C3:00:00:63:4C:D2,-61,127,3.0,3.5,1.5
1783351087023,2026-07-06 17:18:07.023,C3:00:00:63:4D:05,-55,127,3.0,3.5,1.5
1783351087057,2026-07-06 17:18:07.057,C3:00:00:63:4D:07,-57,127,3.0,3.5,1.5
1783351087062,2026-07-06 17:18:07.062,C3:00:00:63:4D:09,-61,127,3.0,3.5,1.5
1783351087084,2026-07-06 17:18:07.084,C3:00:00:63:4D:0D,-58,127,3.0,3.5,1.5
1783351087110,2026-07-06 17:18:07.110,C3:00:00:63:4D:09,-61,127,3.0,3.5,1.5
1783351087115,2026-07-06 17:18:07.115,C3:00:00:63:4C:D2,-61,127,3.0,3.5,1.5
1783351087137,2026-07-06 17:18:07.137,C3:00:00:63:4D:05,-58,127,3.0,3.5,1.5
1783351087139,2026-07-06 17:18:07.139,C3:00:00:63:4D:04,-58,127,3.0,3.5,1.5
1783351087157,2026-07-06 17:18:07.157,C3:00:00:63:4D:07,-58,127,3.0,3.5,1.5
1783351087192,2026-07-06 17:18:07.192,C3:00:00:63:4D:08,-65,127,3.0,3.5,1.5
1783351087221,2026-07-06 17:18:07.221,C3:00:00:63:4C:D2,-54,127,3.0,3.5,1.5
1783351087226,2026-07-06 17:18:07.226,C3:00:00:63:4D:09,-63,127,3.0,3.5,1.5
1783351087232,2026-07-06 17:18:07.232,C3:00:00:63:4D:05,-55,127,3.0,3.5,1.5
1783351087243,2026-07-06 17:18:07.243,C3:00:00:63:4D:04,-59,127,3.0,3.5,1.5
1783351087259,2026-07-06 17:18:07.259,C3:00:00:63:4D:0A,-61,127,3.0,3.5,1.5
1783351087263,2026-07-06 17:18:07.263,C3:00:00:63:4D:07,-54,127,3.0,3.5,1.5
1783351087290,2026-07-06 17:18:07.290,C3:00:00:63:4D:0D,-57,127,3.0,3.5,1.5
1783351087307,2026-07-06 17:18:07.307,C3:00:00:63:4D:08,-62,127,3.0,3.5,1.5
1783351087330,2026-07-06 17:18:07.330,C3:00:00:63:4D:05,-55,127,3.0,3.5,1.5
1783351087337,2026-07-06 17:18:07.337,C3:00:00:63:4D:09,-61,127,3.0,3.5,1.5
1783351087342,2026-07-06 17:18:07.342,C3:00:00:63:4D:04,-55,127,3.0,3.5,1.5
1783351087355,2026-07-06 17:18:07.355,C3:00:00:63:4D:0A,-63,127,3.0,3.5,1.5
1783351087359,2026-07-06 17:18:07.359,C3:00:00:63:4D:07,-57,127,3.0,3.5,1.5
1783351087405,2026-07-06 17:18:07.405,C3:00:00:63:4D:0D,-58,127,3.0,3.5,1.5
1783351087431,2026-07-06 17:18:07.431,C3:00:00:63:4D:08,-57,127,3.0,3.5,1.5
1783351087435,2026-07-06 17:18:07.435,C3:00:00:63:4D:05,-58,127,3.0,3.5,1.5
1783351087441,2026-07-06 17:18:07.441,C3:00:00:63:4C:D2,-54,127,3.0,3.5,1.5
1783351087448,2026-07-06 17:18:07.448,C3:00:00:63:4D:04,-58,127,3.0,3.5,1.5
1783351087462,2026-07-06 17:18:07.462,C3:00:00:63:4D:07,-58,127,3.0,3.5,1.5
1783351087471,2026-07-06 17:18:07.471,C3:00:00:63:4D:0A,-62,127,3.0,3.5,1.5
1783351087474,2026-07-06 17:18:07.474,C3:00:00:63:4D:08,-66,127,3.0,3.5,1.5
1783351087478,2026-07-06 17:18:07.478,C3:00:00:63:4D:07,-58,127,3.0,3.5,1.5
1783351087492,2026-07-06 17:18:07.492,C3:00:00:63:4D:0D,-49,127,3.0,3.5,1.5
1783351087512,2026-07-06 17:18:07.512,C3:00:00:63:4D:0D,-49,127,3.0,3.5,1.5
1783351087556,2026-07-06 17:18:07.556,C3:00:00:63:4D:04,-59,127,3.0,3.5,1.5
1783351087561,2026-07-06 17:18:07.561,C3:00:00:63:4D:07,-54,127,3.0,3.5,1.5
1783351087568,2026-07-06 17:18:07.568,C3:00:00:63:4D:09,-64,127,3.0,3.5,1.5
1783351087651,2026-07-06 17:18:07.651,C3:00:00:63:4C:D2,-61,127,3.0,3.5,1.5
1783351087656,2026-07-06 17:18:07.656,C3:00:00:63:4D:04,-55,127,3.0,3.5,1.5
1783351087662,2026-07-06 17:18:07.662,C3:00:00:63:4D:07,-57,127,3.0,3.5,1.5
1783351087667,2026-07-06 17:18:07.667,C3:00:00:63:4D:0A,-63,127,3.0,3.5,1.5
1783351087690,2026-07-06 17:18:07.690,C3:00:00:63:4C:D2,-60,127,3.0,3.5,1.5
1783351087738,2026-07-06 17:18:07.738,C3:00:00:63:4D:05,-55,127,3.0,3.5,1.5
1783351087772,2026-07-06 17:18:07.772,C3:00:00:63:4D:08,-68,127,3.0,3.5,1.5
1783351087777,2026-07-06 17:18:07.777,C3:00:00:63:4D:04,-58,127,3.0,3.5,1.5
1783351087793,2026-07-06 17:18:07.793,C3:00:00:63:4D:09,-61,127,3.0,3.5,1.5
1783351087821,2026-07-06 17:18:07.821,C3:00:00:63:4D:05,-55,127,3.0,3.5,1.5
1783351087846,2026-07-06 17:18:07.846,C3:00:00:63:4D:0D,-57,127,3.0,3.5,1.5
1783351087854,2026-07-06 17:18:07.854,C3:00:00:63:4D:07,-55,127,3.0,3.5,1.5
1783351087860,2026-07-06 17:18:07.860,C3:00:00:63:4D:04,-58,127,3.0,3.5,1.5
1783351087884,2026-07-06 17:18:07.884,C3:00:00:63:4D:08,-63,127,3.0,3.5,1.5
1783351087906,2026-07-06 17:18:07.906,C3:00:00:63:4D:09,-64,127,3.0,3.5,1.5
1783351087911,2026-07-06 17:18:07.911,C3:00:00:63:4D:05,-55,127,3.0,3.5,1.5
1783351087937,2026-07-06 17:18:07.937,C3:00:00:63:4D:05,-58,127,3.0,3.5,1.5
1783351087948,2026-07-06 17:18:07.948,C3:00:00:63:4D:0D,-58,127,3.0,3.5,1.5
1783351087953,2026-07-06 17:18:07.953,C3:00:00:63:4D:09,-61,127,3.0,3.5,1.5
1783351087959,2026-07-06 17:18:07.959,C3:00:00:63:4D:07,-56,127,3.0,3.5,1.5
1783351087965,2026-07-06 17:18:07.965,C3:00:00:63:4D:0A,-64,127,3.0,3.5,1.5
1783351087967,2026-07-06 17:18:07.967,C3:00:00:63:4D:04,-55,127,3.0,3.5,1.5
1783351087979,2026-07-06 17:18:07.979,C3:00:00:63:4C:D2,-61,127,3.0,3.5,1.5
1783351087980,2026-07-06 17:18:07.980,C3:00:00:63:4D:0A,-64,127,3.0,3.5,1.5
1783351087998,2026-07-06 17:18:07.998,C3:00:00:63:4D:08,-57,127,3.0,3.5,1.5
1783351088047,2026-07-06 17:18:08.047,C3:00:00:63:4D:05,-58,127,3.0,3.5,1.5
1783351088055,2026-07-06 17:18:08.055,C3:00:00:63:4D:0D,-49,127,3.0,3.5,1.5
1783351088072,2026-07-06 17:18:08.072,C3:00:00:63:4D:04,-57,127,3.0,3.5,1.5
1783351088082,2026-07-06 17:18:08.082,C3:00:00:63:4C:D2,-54,127,3.0,3.5,1.5
1783351088084,2026-07-06 17:18:08.084,C3:00:00:63:4D:08,-66,127,3.0,3.5,1.5
1783351088093,2026-07-06 17:18:08.093,C3:00:00:63:4D:0A,-62,127,3.0,3.5,1.5
1783351088114,2026-07-06 17:18:08.114,C3:00:00:63:4D:08,-65,127,3.0,3.5,1.5
1783351088131,2026-07-06 17:18:08.131,C3:00:00:63:4D:09,-64,127,3.0,3.5,1.5
1783351088135,2026-07-06 17:18:08.135,C3:00:00:63:4D:05,-55,127,3.0,3.5,1.5
1783351088158,2026-07-06 17:18:08.158,C3:00:00:63:4D:07,-54,127,3.0,3.5,1.5
1783351088162,2026-07-06 17:18:08.162,C3:00:00:63:4D:0D,-57,127,3.0,3.5,1.5
1783351088166,2026-07-06 17:18:08.166,C3:00:00:63:4D:04,-59,127,3.0,3.5,1.5
1783351088171,2026-07-06 17:18:08.171,C3:00:00:63:4C:D2,-61,127,3.0,3.5,1.5
1783351088186,2026-07-06 17:18:08.186,C3:00:00:63:4D:0A,-61,127,3.0,3.5,1.5
1783351088234,2026-07-06 17:18:08.234,C3:00:00:63:4D:08,-57,127,3.0,3.5,1.5
1783351088237,2026-07-06 17:18:08.237,C3:00:00:63:4D:05,-58,127,3.0,3.5,1.5
1783351088241,2026-07-06 17:18:08.241,C3:00:00:63:4D:07,-57,127,3.0,3.5,1.5
1783351088257,2026-07-06 17:18:08.257,C3:00:00:63:4D:09,-61,127,3.0,3.5,1.5
1783351088260,2026-07-06 17:18:08.260,C3:00:00:63:4D:04,-54,127,3.0,3.5,1.5
1783351088270,2026-07-06 17:18:08.270,C3:00:00:63:4D:0D,-58,127,3.0,3.5,1.5
1783351088279,2026-07-06 17:18:08.279,C3:00:00:63:4C:D2,-60,127,3.0,3.5,1.5
1783351088283,2026-07-06 17:18:08.283,C3:00:00:63:4D:04,-62,127,3.0,3.5,1.5
1783351088296,2026-07-06 17:18:08.296,C3:00:00:63:4D:0A,-63,127,3.0,3.5,1.5
1783351088300,2026-07-06 17:18:08.300,C3:00:00:63:4D:04,-54,127,3.0,3.5,1.5
1783351088316,2026-07-06 17:18:08.316,C3:00:00:63:4D:04,-55,127,3.0,3.5,1.5
1783351088350,2026-07-06 17:18:08.350,C3:00:00:63:4D:08,-65,127,3.0,3.5,1.5
1783351088368,2026-07-06 17:18:08.368,C3:00:00:63:4D:07,-58,127,3.0,3.5,1.5
1783351088374,2026-07-06 17:18:08.374,C3:00:00:63:4D:04,-58,127,3.0,3.5,1.5
1783351088379,2026-07-06 17:18:08.379,C3:00:00:63:4D:0D,-49,127,3.0,3.5,1.5
1783351088402,2026-07-06 17:18:08.402,C3:00:00:63:4C:D2,-54,127,3.0,3.5,1.5
1783351088409,2026-07-06 17:18:08.409,C3:00:00:63:4D:0A,-62,127,3.0,3.5,1.5
1783351088415,2026-07-06 17:18:08.415,C3:00:00:63:4C:D2,-54,127,3.0,3.5,1.5
1783351088438,2026-07-06 17:18:08.438,C3:00:00:63:4D:05,-54,127,3.0,3.5,1.5
1783351088451,2026-07-06 17:18:08.451,C3:00:00:63:4D:07,-55,127,3.0,3.5,1.5
1783351088455,2026-07-06 17:18:08.455,C3:00:00:63:4D:08,-63,127,3.0,3.5,1.5
1783351088471,2026-07-06 17:18:08.471,C3:00:00:63:4D:04,-58,127,3.0,3.5,1.5
1783351088476,2026-07-06 17:18:08.476,C3:00:00:63:4D:09,-64,127,3.0,3.5,1.5
1783351088479,2026-07-06 17:18:08.479,C3:00:00:63:4D:0D,-57,127,3.0,3.5,1.5
1783351088489,2026-07-06 17:18:08.489,C3:00:00:63:4C:D2,-60,127,3.0,3.5,1.5
1783351088510,2026-07-06 17:18:08.510,C3:00:00:63:4D:0A,-61,127,3.0,3.5,1.5
1783351088538,2026-07-06 17:18:08.538,C3:00:00:63:4D:05,-58,127,3.0,3.5,1.5
1783351088560,2026-07-06 17:18:08.560,C3:00:00:63:4D:07,-57,127,3.0,3.5,1.5
1783351088575,2026-07-06 17:18:08.575,C3:00:00:63:4D:08,-56,127,3.0,3.5,1.5
1783351088579,2026-07-06 17:18:08.579,C3:00:00:63:4D:07,-64,127,3.0,3.5,1.5
1783351088581,2026-07-06 17:18:08.581,C3:00:00:63:4D:04,-55,127,3.0,3.5,1.5
1783351088586,2026-07-06 17:18:08.586,C3:00:00:63:4D:09,-61,127,3.0,3.5,1.5
1783351088595,2026-07-06 17:18:08.595,C3:00:00:63:4D:0D,-58,127,3.0,3.5,1.5
1783351088598,2026-07-06 17:18:08.598,C3:00:00:63:4C:D2,-61,127,3.0,3.5,1.5
1783351088605,2026-07-06 17:18:08.605,C3:00:00:63:4D:0A,-64,127,3.0,3.5,1.5
1783351088649,2026-07-06 17:18:08.649,C3:00:00:63:4D:05,-58,127,3.0,3.5,1.5
1783351088655,2026-07-06 17:18:08.655,C3:00:00:63:4D:07,-58,127,3.0,3.5,1.5
1783351088687,2026-07-06 17:18:08.687,C3:00:00:63:4D:08,-66,127,3.0,3.5,1.5
1783351088692,2026-07-06 17:18:08.692,C3:00:00:63:4D:04,-58,127,3.0,3.5,1.5
1783351088700,2026-07-06 17:18:08.700,C3:00:00:63:4D:0D,-49,127,3.0,3.5,1.5
1783351088714,2026-07-06 17:18:08.714,C3:00:00:63:4C:D2,-54,127,3.0,3.5,1.5
1783351088724,2026-07-06 17:18:08.724,C3:00:00:63:4D:0A,-62,127,3.0,3.5,1.5
1783351088742,2026-07-06 17:18:08.742,C3:00:00:63:4D:05,-55,127,3.0,3.5,1.5
1783351088758,2026-07-06 17:18:08.758,C3:00:00:63:4D:07,-54,127,3.0,3.5,1.5
1783351088791,2026-07-06 17:18:08.791,C3:00:00:63:4D:04,-59,127,3.0,3.5,1.5
1783351088796,2026-07-06 17:18:08.796,C3:00:00:63:4D:08,-62,127,3.0,3.5,1.5
1783351088807,2026-07-06 17:18:08.807,C3:00:00:63:4D:0D,-58,127,3.0,3.5,1.5
1783351088815,2026-07-06 17:18:08.815,C3:00:00:63:4C:D2,-61,127,3.0,3.5,1.5
1783351088824,2026-07-06 17:18:08.824,C3:00:00:63:4D:0A,-60,127,3.0,3.5,1.5
1783351088838,2026-07-06 17:18:08.838,C3:00:00:63:4D:05,-58,127,3.0,3.5,1.5
1783351088853,2026-07-06 17:18:08.853,C3:00:00:63:4D:07,-57,127,3.0,3.5,1.5
1783351088905,2026-07-06 17:18:08.905,C3:00:00:63:4D:0A,-64,127,3.0,3.5,1.5
1783351088915,2026-07-06 17:18:08.915,C3:00:00:63:4D:0D,-58,127,3.0,3.5,1.5
1783351088928,2026-07-06 17:18:08.928,C3:00:00:63:4C:D2,-61,127,3.0,3.5,1.5
1783351088935,2026-07-06 17:18:08.935,C3:00:00:63:4D:0A,-64,127,3.0,3.5,1.5
1783351088946,2026-07-06 17:18:08.946,C3:00:00:63:4D:09,-61,127,3.0,3.5,1.5
1783351088955,2026-07-06 17:18:08.955,C3:00:00:63:4D:05,-58,127,3.0,3.5,1.5
1783351088964,2026-07-06 17:18:08.964,C3:00:00:63:4D:07,-58,127,3.0,3.5,1.5
1783351088967,2026-07-06 17:18:08.967,C3:00:00:63:4D:05,-58,127,3.0,3.5,1.5
1783351088989,2026-07-06 17:18:08.989,C3:00:00:63:4D:04,-56,127,3.0,3.5,1.5
1783351088994,2026-07-06 17:18:08.994,C3:00:00:63:4D:0D,-49,127,3.0,3.5,1.5
1783351089007,2026-07-06 17:18:09.007,C3:00:00:63:4D:09,-63,127,3.0,3.5,1.5
1783351089026,2026-07-06 17:18:09.026,C3:00:00:63:4C:D2,-54,127,3.0,3.5,1.5
1783351089028,2026-07-06 17:18:09.028,C3:00:00:63:4D:0D,-49,127,3.0,3.5,1.5
1783351089033,2026-07-06 17:18:09.033,C3:00:00:63:4D:08,-62,127,3.0,3.5,1.5
1783351089038,2026-07-06 17:18:09.038,C3:00:00:63:4D:0A,-61,127,3.0,3.5,1.5
1783351089050,2026-07-06 17:18:09.050,C3:00:00:63:4D:09,-64,127,3.0,3.5,1.5
1783351089053,2026-07-06 17:18:09.053,C3:00:00:63:4D:05,-55,127,3.0,3.5,1.5
1783351089097,2026-07-06 17:18:09.097,C3:00:00:63:4D:04,-59,127,3.0,3.5,1.5
1783351089135,2026-07-06 17:18:09.135,C3:00:00:63:4D:0D,-59,127,3.0,3.5,1.5
1783351089141,2026-07-06 17:18:09.141,C3:00:00:63:4D:0A,-64,127,3.0,3.5,1.5
1783351089157,2026-07-06 17:18:09.157,C3:00:00:63:4D:09,-61,127,3.0,3.5,1.5
1783351089163,2026-07-06 17:18:09.163,C3:00:00:63:4D:07,-58,127,3.0,3.5,1.5
1783351089203,2026-07-06 17:18:09.203,C3:00:00:63:4D:04,-55,127,3.0,3.5,1.5
1783351089245,2026-07-06 17:18:09.245,C3:00:00:63:4D:0A,-64,127,3.0,3.5,1.5
1783351089255,2026-07-06 17:18:09.255,C3:00:00:63:4D:05,-55,127,3.0,3.5,1.5
1783351089268,2026-07-06 17:18:09.268,C3:00:00:63:4D:07,-58,127,3.0,3.5,1.5
1783351089275,2026-07-06 17:18:09.275,C3:00:00:63:4D:08,-68,127,3.0,3.5,1.5
1783351089288,2026-07-06 17:18:09.288,C3:00:00:63:4D:09,-61,127,3.0,3.5,1.5
1783351089302,2026-07-06 17:18:09.302,C3:00:00:63:4D:04,-58,127,3.0,3.5,1.5
1783351089345,2026-07-06 17:18:09.345,C3:00:00:63:4C:D2,-61,127,3.0,3.5,1.5
1783351089349,2026-07-06 17:18:09.349,C3:00:00:63:4D:0A,-62,127,3.0,3.5,1.5
1783351089353,2026-07-06 17:18:09.353,C3:00:00:63:4D:0D,-57,127,3.0,3.5,1.5
1783351089356,2026-07-06 17:18:09.356,C3:00:00:63:4D:05,-54,127,3.0,3.5,1.5
1783351089364,2026-07-06 17:18:09.364,C3:00:00:63:4D:07,-55,127,3.0,3.5,1.5
1783351089381,2026-07-06 17:18:09.381,C3:00:00:63:4D:09,-64,127,3.0,3.5,1.5
1783351089395,2026-07-06 17:18:09.395,C3:00:00:63:4D:05,-61,127,3.0,3.5,1.5
1783351089408,2026-07-06 17:18:09.408,C3:00:00:63:4D:04,-59,127,3.0,3.5,1.5
1783351089452,2026-07-06 17:18:09.452,C3:00:00:63:4D:05,-57,127,3.0,3.5,1.5
1783351089454,2026-07-06 17:18:09.454,C3:00:00:63:4D:07,-58,127,3.0,3.5,1.5
1783351089458,2026-07-06 17:18:09.458,C3:00:00:63:4D:0D,-59,127,3.0,3.5,1.5
1783351089496,2026-07-06 17:18:09.496,C3:00:00:63:4D:08,-57,127,3.0,3.5,1.5
1783351089501,2026-07-06 17:18:09.501,C3:00:00:63:4D:0D,-58,127,3.0,3.5,1.5
1783351089531,2026-07-06 17:18:09.531,C3:00:00:63:4D:0A,-73,127,3.0,3.5,1.5
1783351089549,2026-07-06 17:18:09.549,C3:00:00:63:4D:05,-55,127,3.0,3.5,1.5
1783351089555,2026-07-06 17:18:09.555,C3:00:00:63:4C:D2,-53,127,3.0,3.5,1.5
1783351089569,2026-07-06 17:18:09.569,C3:00:00:63:4D:0A,-65,127,3.0,3.5,1.5
1783351089609,2026-07-06 17:18:09.609,C3:00:00:63:4D:08,-68,127,3.0,3.5,1.5
1783351089613,2026-07-06 17:18:09.613,C3:00:00:63:4D:04,-58,127,3.0,3.5,1.5
1783351089621,2026-07-06 17:18:09.621,C3:00:00:63:4D:09,-61,127,3.0,3.5,1.5
1783351089657,2026-07-06 17:18:09.657,C3:00:00:63:4D:07,-55,127,3.0,3.5,1.5
1783351089661,2026-07-06 17:18:09.661,C3:00:00:63:4D:05,-54,127,3.0,3.5,1.5
1783351089665,2026-07-06 17:18:09.665,C3:00:00:63:4C:D2,-60,127,3.0,3.5,1.5
1783351089671,2026-07-06 17:18:09.671,C3:00:00:63:4D:0A,-61,127,3.0,3.5,1.5
1783351089672,2026-07-06 17:18:09.672,C3:00:00:63:4D:0D,-57,127,3.0,3.5,1.5
1783351089688,2026-07-06 17:18:09.688,C3:00:00:63:4C:D2,-61,127,3.0,3.5,1.5
1783351089720,2026-07-06 17:18:09.720,C3:00:00:63:4D:04,-59,127,3.0,3.5,1.5
1783351089723,2026-07-06 17:18:09.723,C3:00:00:63:4D:08,-63,127,3.0,3.5,1.5
1783351089728,2026-07-06 17:18:09.728,C3:00:00:63:4D:09,-64,127,3.0,3.5,1.5
1783351089750,2026-07-06 17:18:09.750,C3:00:00:63:4D:05,-57,127,3.0,3.5,1.5
1783351089754,2026-07-06 17:18:09.754,C3:00:00:63:4D:07,-58,127,3.0,3.5,1.5
1783351089761,2026-07-06 17:18:09.761,C3:00:00:63:4D:0A,-64,127,3.0,3.5,1.5
1783351089774,2026-07-06 17:18:09.774,C3:00:00:63:4D:0D,-58,127,3.0,3.5,1.5
1783351089811,2026-07-06 17:18:09.811,C3:00:00:63:4D:04,-55,127,3.0,3.5,1.5
1783351089835,2026-07-06 17:18:09.835,C3:00:00:63:4D:05,-58,127,3.0,3.5,1.5
1783351089838,2026-07-06 17:18:09.838,C3:00:00:63:4D:08,-65,127,3.0,3.5,1.5
1783351089848,2026-07-06 17:18:09.848,C3:00:00:63:4D:09,-61,127,3.0,3.5,1.5
1783351089862,2026-07-06 17:18:09.862,C3:00:00:63:4D:07,-58,127,3.0,3.5,1.5
1783351089875,2026-07-06 17:18:09.875,C3:00:00:63:4D:0A,-65,127,3.0,3.5,1.5
1783351089887,2026-07-06 17:18:09.887,C3:00:00:63:4D:0D,-49,127,3.0,3.5,1.5
1783351089895,2026-07-06 17:18:09.895,C3:00:00:63:4D:0A,-65,127,3.0,3.5,1.5
1783351089917,2026-07-06 17:18:09.917,C3:00:00:63:4D:05,-55,127,3.0,3.5,1.5
1783351089956,2026-07-06 17:18:09.956,C3:00:00:63:4D:09,-64,127,3.0,3.5,1.5
1783351089966,2026-07-06 17:18:09.966,C3:00:00:63:4D:0A,-61,127,3.0,3.5,1.5
1783351089981,2026-07-06 17:18:09.981,C3:00:00:63:4D:08,-63,127,3.0,3.5,1.5
1783351089988,2026-07-06 17:18:09.988,C3:00:00:63:4D:09,-65,127,3.0,3.5,1.5
1783351089994,2026-07-06 17:18:09.994,C3:00:00:63:4D:0A,-61,127,3.0,3.5,1.5
1783351090000,2026-07-06 17:18:10.000,C3:00:00:63:4D:0D,-57,127,3.0,3.5,1.5
1783351090017,2026-07-06 17:18:10.017,C3:00:00:63:4D:04,-59,127,3.0,3.5,1.5
1783351090058,2026-07-06 17:18:10.058,C3:00:00:63:4D:07,-58,127,3.0,3.5,1.5
1783351090064,2026-07-06 17:18:10.064,C3:00:00:63:4D:05,-57,127,3.0,3.5,1.5
1783351090070,2026-07-06 17:18:10.070,C3:00:00:63:4D:08,-56,127,3.0,3.5,1.5
1783351090087,2026-07-06 17:18:10.087,C3:00:00:63:4D:0A,-64,127,3.0,3.5,1.5
1783351090089,2026-07-06 17:18:10.089,C3:00:00:63:4C:D2,-60,127,3.0,3.5,1.5
1783351090103,2026-07-06 17:18:10.103,C3:00:00:63:4D:0D,-59,127,3.0,3.5,1.5
1783351090121,2026-07-06 17:18:10.121,C3:00:00:63:4D:04,-54,127,3.0,3.5,1.5
1783351090156,2026-07-06 17:18:10.156,C3:00:00:63:4D:07,-58,127,3.0,3.5,1.5
1783351090187,2026-07-06 17:18:10.187,C3:00:00:63:4C:D2,-53,127,3.0,3.5,1.5
1783351090229,2026-07-06 17:18:10.229,C3:00:00:63:4D:04,-59,127,3.0,3.5,1.5
1783351090250,2026-07-06 17:18:10.250,C3:00:00:63:4D:04,-59,127,3.0,3.5,1.5
1783351090275,2026-07-06 17:18:10.275,C3:00:00:63:4D:07,-55,127,3.0,3.5,1.5
1783351090300,2026-07-06 17:18:10.300,C3:00:00:63:4D:0A,-61,127,3.0,3.5,1.5
1783351090302,2026-07-06 17:18:10.302,C3:00:00:63:4D:09,-64,127,3.0,3.5,1.5
1783351090303,2026-07-06 17:18:10.303,C3:00:00:63:4C:D2,-60,127,3.0,3.5,1.5
1783351090305,2026-07-06 17:18:10.305,C3:00:00:63:4D:08,-63,127,3.0,3.5,1.5
1783351090310,2026-07-06 17:18:10.310,C3:00:00:63:4D:0D,-57,127,3.0,3.5,1.5
1783351090332,2026-07-06 17:18:10.332,C3:00:00:63:4D:09,-68,127,3.0,3.5,1.5
1783351090334,2026-07-06 17:18:10.334,C3:00:00:63:4D:04,-55,127,3.0,3.5,1.5
1783351090346,2026-07-06 17:18:10.346,C3:00:00:63:4D:08,-64,127,3.0,3.5,1.5
1783351090397,2026-07-06 17:18:10.397,C3:00:00:63:4D:0A,-64,127,3.0,3.5,1.5
1783351090407,2026-07-06 17:18:10.407,C3:00:00:63:4C:D2,-60,127,3.0,3.5,1.5
1783351090425,2026-07-06 17:18:10.425,C3:00:00:63:4D:0D,-59,127,3.0,3.5,1.5
1783351090437,2026-07-06 17:18:10.437,C3:00:00:63:4C:D2,-53,127,3.0,3.5,1.5
1783351090441,2026-07-06 17:18:10.441,C3:00:00:63:4D:04,-58,127,3.0,3.5,1.5
1783351090459,2026-07-06 17:18:10.459,C3:00:00:63:4D:07,-58,127,3.0,3.5,1.5
1783351090469,2026-07-06 17:18:10.469,C3:00:00:63:4D:05,-58,127,3.0,3.5,1.5
1783351090509,2026-07-06 17:18:10.509,C3:00:00:63:4C:D2,-54,127,3.0,3.5,1.5
1783351090528,2026-07-06 17:18:10.528,C3:00:00:63:4D:08,-65,127,3.0,3.5,1.5
1783351090534,2026-07-06 17:18:10.534,C3:00:00:63:4D:09,-64,127,3.0,3.5,1.5
1783351090554,2026-07-06 17:18:10.554,C3:00:00:63:4D:07,-55,127,3.0,3.5,1.5
1783351090561,2026-07-06 17:18:10.561,C3:00:00:63:4D:05,-54,127,3.0,3.5,1.5
1783351090606,2026-07-06 17:18:10.606,C3:00:00:63:4D:0A,-61,127,3.0,3.5,1.5
1783351090612,2026-07-06 17:18:10.612,C3:00:00:63:4C:D2,-60,127,3.0,3.5,1.5
1783351090645,2026-07-06 17:18:10.645,C3:00:00:63:4D:04,-55,127,3.0,3.5,1.5
1783351090651,2026-07-06 17:18:10.651,C3:00:00:63:4D:0D,-59,127,3.0,3.5,1.5
1783351090657,2026-07-06 17:18:10.657,C3:00:00:63:4D:07,-58,127,3.0,3.5,1.5
1783351090712,2026-07-06 17:18:10.712,C3:00:00:63:4D:0A,-64,127,3.0,3.5,1.5
1783351090719,2026-07-06 17:18:10.719,C3:00:00:63:4C:D2,-60,127,3.0,3.5,1.5
1783351090744,2026-07-06 17:18:10.744,C3:00:00:63:4D:04,-58,127,3.0,3.5,1.5
1783351090750,2026-07-06 17:18:10.750,C3:00:00:63:4D:0D,-49,127,3.0,3.5,1.5
1783351090756,2026-07-06 17:18:10.756,C3:00:00:63:4D:09,-61,127,3.0,3.5,1.5
1783351090762,2026-07-06 17:18:10.762,C3:00:00:63:4D:05,-55,127,3.0,3.5,1.5
1783351090822,2026-07-06 17:18:10.822,C3:00:00:63:4D:0A,-62,127,3.0,3.5,1.5
1783351090827,2026-07-06 17:18:10.827,C3:00:00:63:4C:D2,-54,127,3.0,3.5,1.5
1783351090850,2026-07-06 17:18:10.850,C3:00:00:63:4D:04,-59,127,3.0,3.5,1.5
1783351090855,2026-07-06 17:18:10.855,C3:00:00:63:4D:07,-54,127,3.0,3.5,1.5
1783351090861,2026-07-06 17:18:10.861,C3:00:00:63:4D:0D,-58,127,3.0,3.5,1.5
1783351090872,2026-07-06 17:18:10.872,C3:00:00:63:4D:09,-64,127,3.0,3.5,1.5
1783351090900,2026-07-06 17:18:10.900,C3:00:00:63:4D:0A,-62,127,3.0,3.5,1.5
1783351090930,2026-07-06 17:18:10.930,C3:00:00:63:4D:0A,-61,127,3.0,3.5,1.5
1783351090936,2026-07-06 17:18:10.936,C3:00:00:63:4C:D2,-60,127,3.0,3.5,1.5
1783351090944,2026-07-06 17:18:10.944,C3:00:00:63:4D:04,-54,127,3.0,3.5,1.5
1783351090973,2026-07-06 17:18:10.973,C3:00:00:63:4D:05,-57,127,3.0,3.5,1.5
1783351090980,2026-07-06 17:18:10.980,C3:00:00:63:4D:09,-61,127,3.0,3.5,1.5
1783351090987,2026-07-06 17:18:10.987,C3:00:00:63:4D:08,-56,127,3.0,3.5,1.5
1783351090997,2026-07-06 17:18:10.997,C3:00:00:63:4D:0D,-59,127,3.0,3.5,1.5
1783351091011,2026-07-06 17:18:11.011,C3:00:00:63:4D:0D,-67,127,3.0,3.5,1.5
1783351091042,2026-07-06 17:18:11.042,C3:00:00:63:4C:D2,-53,127,3.0,3.5,1.5
1783351091057,2026-07-06 17:18:11.057,C3:00:00:63:4D:04,-58,127,3.0,3.5,1.5
1783351091074,2026-07-06 17:18:11.074,C3:00:00:63:4D:05,-55,127,3.0,3.5,1.5
1783351091080,2026-07-06 17:18:11.080,C3:00:00:63:4D:09,-62,127,3.0,3.5,1.5
1783351091085,2026-07-06 17:18:11.085,C3:00:00:63:4D:0D,-49,127,3.0,3.5,1.5
1783351091096,2026-07-06 17:18:11.096,C3:00:00:63:4D:09,-63,127,3.0,3.5,1.5
1783351091129,2026-07-06 17:18:11.129,C3:00:00:63:4D:0A,-65,127,3.0,3.5,1.5
1783351091145,2026-07-06 17:18:11.145,C3:00:00:63:4C:D2,-60,127,3.0,3.5,1.5
1783351091162,2026-07-06 17:18:11.162,C3:00:00:63:4D:07,-55,127,3.0,3.5,1.5
1783351091165,2026-07-06 17:18:11.165,C3:00:00:63:4D:04,-58,127,3.0,3.5,1.5
1783351091167,2026-07-06 17:18:11.167,C3:00:00:63:4D:05,-54,127,3.0,3.5,1.5
1783351091179,2026-07-06 17:18:11.179,C3:00:00:63:4D:0D,-57,127,3.0,3.5,1.5
1783351091207,2026-07-06 17:18:11.207,C3:00:00:63:4D:09,-64,127,3.0,3.5,1.5
1783351091219,2026-07-06 17:18:11.219,C3:00:00:63:4D:08,-63,127,3.0,3.5,1.5
1783351091234,2026-07-06 17:18:11.234,C3:00:00:63:4D:0A,-64,127,3.0,3.5,1.5
1783351091248,2026-07-06 17:18:11.248,C3:00:00:63:4C:D2,-60,127,3.0,3.5,1.5
1783351091259,2026-07-06 17:18:11.259,C3:00:00:63:4D:07,-58,127,3.0,3.5,1.5
1783351091261,2026-07-06 17:18:11.261,C3:00:00:63:4D:04,-54,127,3.0,3.5,1.5
1783351091272,2026-07-06 17:18:11.272,C3:00:00:63:4D:05,-57,127,3.0,3.5,1.5
1783351091285,2026-07-06 17:18:11.285,C3:00:00:63:4D:0D,-58,127,3.0,3.5,1.5
1783351091326,2026-07-06 17:18:11.326,C3:00:00:63:4D:09,-61,127,3.0,3.5,1.5
1783351091331,2026-07-06 17:18:11.331,C3:00:00:63:4D:08,-68,127,3.0,3.5,1.5
1783351091339,2026-07-06 17:18:11.339,C3:00:00:63:4D:0A,-65,127,3.0,3.5,1.5
1783351091354,2026-07-06 17:18:11.354,C3:00:00:63:4C:D2,-53,127,3.0,3.5,1.5
1783351091374,2026-07-06 17:18:11.374,C3:00:00:63:4D:05,-55,127,3.0,3.5,1.5
1783351091404,2026-07-06 17:18:11.404,C3:00:00:63:4D:0D,-49,127,3.0,3.5,1.5
1783351091440,2026-07-06 17:18:11.440,C3:00:00:63:4D:09,-64,127,3.0,3.5,1.5
1783351091476,2026-07-06 17:18:11.476,C3:00:00:63:4D:07,-55,127,3.0,3.5,1.5
1783351091505,2026-07-06 17:18:11.505,C3:00:00:63:4D:0D,-57,127,3.0,3.5,1.5
1783351091553,2026-07-06 17:18:11.553,C3:00:00:63:4D:09,-61,127,3.0,3.5,1.5
1783351091557,2026-07-06 17:18:11.557,C3:00:00:63:4D:0A,-64,127,3.0,3.5,1.5
1783351091572,2026-07-06 17:18:11.572,C3:00:00:63:4D:04,-55,127,3.0,3.5,1.5
1783351091574,2026-07-06 17:18:11.574,C3:00:00:63:4C:D2,-60,127,3.0,3.5,1.5
1783351091580,2026-07-06 17:18:11.580,C3:00:00:63:4D:05,-57,127,3.0,3.5,1.5
1783351091583,2026-07-06 17:18:11.583,C3:00:00:63:4D:07,-58,127,3.0,3.5,1.5
1783351091618,2026-07-06 17:18:11.618,C3:00:00:63:4D:0D,-59,127,3.0,3.5,1.5
1783351091659,2026-07-06 17:18:11.659,C3:00:00:63:4D:0A,-65,127,3.0,3.5,1.5
1783351091662,2026-07-06 17:18:11.662,C3:00:00:63:4D:07,-58,127,3.0,3.5,1.5
1783351091667,2026-07-06 17:18:11.667,C3:00:00:63:4D:04,-58,127,3.0,3.5,1.5
1783351091671,2026-07-06 17:18:11.671,C3:00:00:63:4D:05,-55,127,3.0,3.5,1.5
1783351091679,2026-07-06 17:18:11.679,C3:00:00:63:4C:D2,-53,127,3.0,3.5,1.5
1783351091699,2026-07-06 17:18:11.699,C3:00:00:63:4C:D2,-53,127,3.0,3.5,1.5
1783351091721,2026-07-06 17:18:11.721,C3:00:00:63:4D:0D,-49,127,3.0,3.5,1.5
1783351091748,2026-07-06 17:18:11.748,C3:00:00:63:4D:04,-59,127,3.0,3.5,1.5
1783351091760,2026-07-06 17:18:11.760,C3:00:00:63:4D:07,-54,127,3.0,3.5,1.5
1783351091775,2026-07-06 17:18:11.775,C3:00:00:63:4D:04,-59,127,3.0,3.5,1.5
1783351091795,2026-07-06 17:18:11.795,C3:00:00:63:4D:08,-63,127,3.0,3.5,1.5
1783351091843,2026-07-06 17:18:11.843,C3:00:00:63:4D:05,-57,127,3.0,3.5,1.5
1783351091883,2026-07-06 17:18:11.883,C3:00:00:63:4C:D2,-60,127,3.0,3.5,1.5
1783351091901,2026-07-06 17:18:11.901,C3:00:00:63:4D:09,-61,127,3.0,3.5,1.5
1783351091910,2026-07-06 17:18:11.910,C3:00:00:63:4D:08,-56,127,3.0,3.5,1.5
1783351091937,2026-07-06 17:18:11.937,C3:00:00:63:4D:05,-56,127,3.0,3.5,1.5
1783351091961,2026-07-06 17:18:11.961,C3:00:00:63:4D:09,-63,127,3.0,3.5,1.5
1783351091968,2026-07-06 17:18:11.968,C3:00:00:63:4D:08,-69,127,3.0,3.5,1.5
1783351091971,2026-07-06 17:18:11.971,C3:00:00:63:4D:0A,-65,127,3.0,3.5,1.5
1783351091989,2026-07-06 17:18:11.989,C3:00:00:63:4C:D2,-54,127,3.0,3.5,1.5
1783351092074,2026-07-06 17:18:12.074,C3:00:00:63:4D:05,-55,127,3.0,3.5,1.5
1783351092078,2026-07-06 17:18:12.078,C3:00:00:63:4D:0A,-61,127,3.0,3.5,1.5
1783351092083,2026-07-06 17:18:12.083,C3:00:00:63:4D:04,-59,127,3.0,3.5,1.5
1783351092089,2026-07-06 17:18:12.089,C3:00:00:63:4D:08,-63,127,3.0,3.5,1.5
1783351092151,2026-07-06 17:18:12.151,C3:00:00:63:4D:0D,-58,127,3.0,3.5,1.5
1783351092155,2026-07-06 17:18:12.155,C3:00:00:63:4D:07,-58,127,3.0,3.5,1.5
1783351092179,2026-07-06 17:18:12.179,C3:00:00:63:4D:05,-58,127,3.0,3.5,1.5
1783351092255,2026-07-06 17:18:12.255,C3:00:00:63:4D:08,-68,127,3.0,3.5,1.5
1783351092259,2026-07-06 17:18:12.259,C3:00:00:63:4D:07,-58,127,3.0,3.5,1.5
1783351092263,2026-07-06 17:18:12.263,C3:00:00:63:4D:0D,-50,127,3.0,3.5,1.5
1783351092280,2026-07-06 17:18:12.280,C3:00:00:63:4D:07,-58,127,3.0,3.5,1.5
1783351092283,2026-07-06 17:18:12.283,C3:00:00:63:4D:04,-65,127,3.0,3.5,1.5
1783351092327,2026-07-06 17:18:12.327,C3:00:00:63:4D:04,-58,127,3.0,3.5,1.5
1783351092349,2026-07-06 17:18:12.349,C3:00:00:63:4D:09,-64,127,3.0,3.5,1.5
1783351092357,2026-07-06 17:18:12.357,C3:00:00:63:4D:07,-56,127,3.0,3.5,1.5
1783351092363,2026-07-06 17:18:12.363,C3:00:00:63:4D:08,-61,127,3.0,3.5,1.5
1783351092373,2026-07-06 17:18:12.373,C3:00:00:63:4D:0D,-55,127,3.0,3.5,1.5
1783351092380,2026-07-06 17:18:12.380,C3:00:00:63:4D:05,-54,127,3.0,3.5,1.5
1783351092390,2026-07-06 17:18:12.390,C3:00:00:63:4D:04,-59,127,3.0,3.5,1.5
1783351092392,2026-07-06 17:18:12.392,C3:00:00:63:4D:0A,-58,127,3.0,3.5,1.5
1783351092420,2026-07-06 17:18:12.420,C3:00:00:63:4C:D2,-61,127,3.0,3.5,1.5
1783351092445,2026-07-06 17:18:12.445,C3:00:00:63:4C:D2,-62,127,3.0,3.5,1.5
1783351092464,2026-07-06 17:18:12.464,C3:00:00:63:4D:09,-62,127,3.0,3.5,1.5
1783351092482,2026-07-06 17:18:12.482,C3:00:00:63:4D:08,-57,127,3.0,3.5,1.5
1783351092494,2026-07-06 17:18:12.494,C3:00:00:63:4D:04,-55,127,3.0,3.5,1.5
1783351092507,2026-07-06 17:18:12.507,C3:00:00:63:4D:0A,-61,127,3.0,3.5,1.5
1783351092518,2026-07-06 17:18:12.518,C3:00:00:63:4C:D2,-61,127,3.0,3.5,1.5
1783351092555,2026-07-06 17:18:12.555,C3:00:00:63:4D:07,-58,127,3.0,3.5,1.5
1783351092585,2026-07-06 17:18:12.585,C3:00:00:63:4D:09,-63,127,3.0,3.5,1.5
1783351092589,2026-07-06 17:18:12.589,C3:00:00:63:4D:07,-66,127,3.0,3.5,1.5
1783351092594,2026-07-06 17:18:12.594,C3:00:00:63:4D:0D,-50,127,3.0,3.5,1.5
1783351092600,2026-07-06 17:18:12.600,C3:00:00:63:4D:08,-67,127,3.0,3.5,1.5
1783351092602,2026-07-06 17:18:12.602,C3:00:00:63:4D:04,-57,127,3.0,3.5,1.5
1783351092611,2026-07-06 17:18:12.611,C3:00:00:63:4D:0A,-63,127,3.0,3.5,1.5
1783351092626,2026-07-06 17:18:12.626,C3:00:00:63:4C:D2,-54,127,3.0,3.5,1.5
1783351092654,2026-07-06 17:18:12.654,C3:00:00:63:4D:07,-55,127,3.0,3.5,1.5
1783351092679,2026-07-06 17:18:12.679,C3:00:00:63:4D:05,-54,127,3.0,3.5,1.5
1783351092702,2026-07-06 17:18:12.702,C3:00:00:63:4D:04,-59,127,3.0,3.5,1.5
1783351092710,2026-07-06 17:18:12.710,C3:00:00:63:4D:0A,-59,127,3.0,3.5,1.5
1783351092750,2026-07-06 17:18:12.750,C3:00:00:63:4D:07,-56,127,3.0,3.5,1.5
1783351092789,2026-07-06 17:18:12.789,C3:00:00:63:4D:05,-58,127,3.0,3.5,1.5
1783351092827,2026-07-06 17:18:12.827,C3:00:00:63:4D:08,-56,127,3.0,3.5,1.5
1783351092845,2026-07-06 17:18:12.845,C3:00:00:63:4C:D2,-53,127,3.0,3.5,1.5
1783351092861,2026-07-06 17:18:12.861,C3:00:00:63:4D:07,-58,127,3.0,3.5,1.5
1783351092881,2026-07-06 17:18:12.881,C3:00:00:63:4D:05,-55,127,3.0,3.5,1.5
1783351092905,2026-07-06 17:18:12.905,C3:00:00:63:4D:0A,-65,127,3.0,3.5,1.5
1783351092911,2026-07-06 17:18:12.911,C3:00:00:63:4D:0D,-50,127,3.0,3.5,1.5
1783351092919,2026-07-06 17:18:12.919,C3:00:00:63:4D:04,-57,127,3.0,3.5,1.5
1783351092921,2026-07-06 17:18:12.921,C3:00:00:63:4D:09,-61,127,3.0,3.5,1.5
1783351092935,2026-07-06 17:18:12.935,C3:00:00:63:4D:08,-61,127,3.0,3.5,1.5
1783351092944,2026-07-06 17:18:12.944,C3:00:00:63:4C:D2,-60,127,3.0,3.5,1.5
1783351092950,2026-07-06 17:18:12.950,C3:00:00:63:4D:05,-54,127,3.0,3.5,1.5
1783351092953,2026-07-06 17:18:12.953,C3:00:00:63:4D:07,-55,127,3.0,3.5,1.5
1783351092981,2026-07-06 17:18:12.981,C3:00:00:63:4D:05,-54,127,3.0,3.5,1.5
1783351092996,2026-07-06 17:18:12.996,C3:00:00:63:4D:0D,-56,127,3.0,3.5,1.5
1783351093009,2026-07-06 17:18:13.009,C3:00:00:63:4D:04,-59,127,3.0,3.5,1.5
1783351093017,2026-07-06 17:18:13.017,C3:00:00:63:4D:0D,-56,127,3.0,3.5,1.5
1783351093029,2026-07-06 17:18:13.029,C3:00:00:63:4D:0A,-59,127,3.0,3.5,1.5
1783351093032,2026-07-06 17:18:13.032,C3:00:00:63:4D:09,-63,127,3.0,3.5,1.5
1783351093058,2026-07-06 17:18:13.058,C3:00:00:63:4D:07,-57,127,3.0,3.5,1.5
1783351093083,2026-07-06 17:18:13.083,C3:00:00:63:4D:05,-58,127,3.0,3.5,1.5
1783351093113,2026-07-06 17:18:13.113,C3:00:00:63:4D:04,-55,127,3.0,3.5,1.5
1783351093128,2026-07-06 17:18:13.128,C3:00:00:63:4D:0D,-57,127,3.0,3.5,1.5
1783351093132,2026-07-06 17:18:13.132,C3:00:00:63:4D:0A,-63,127,3.0,3.5,1.5
1783351093153,2026-07-06 17:18:13.153,C3:00:00:63:4D:07,-58,127,3.0,3.5,1.5
1783351093170,2026-07-06 17:18:13.170,C3:00:00:63:4C:D2,-54,127,3.0,3.5,1.5
1783351093187,2026-07-06 17:18:13.187,C3:00:00:63:4D:05,-58,127,3.0,3.5,1.5
1783351093217,2026-07-06 17:18:13.217,C3:00:00:63:4D:04,-57,127,3.0,3.5,1.5
1783351093254,2026-07-06 17:18:13.254,C3:00:00:63:4D:07,-54,127,3.0,3.5,1.5
1783351093284,2026-07-06 17:18:13.284,C3:00:00:63:4D:08,-60,127,3.0,3.5,1.5
1783351093288,2026-07-06 17:18:13.288,C3:00:00:63:4D:05,-54,127,3.0,3.5,1.5
1783351093316,2026-07-06 17:18:13.316,C3:00:00:63:4D:04,-60,127,3.0,3.5,1.5
1783351093341,2026-07-06 17:18:13.341,C3:00:00:63:4D:0D,-57,127,3.0,3.5,1.5
1783351093349,2026-07-06 17:18:13.349,C3:00:00:63:4D:07,-57,127,3.0,3.5,1.5
1783351093372,2026-07-06 17:18:13.372,C3:00:00:63:4C:D2,-61,127,3.0,3.5,1.5
1783351093386,2026-07-06 17:18:13.386,C3:00:00:63:4D:05,-58,127,3.0,3.5,1.5
1783351093399,2026-07-06 17:18:13.399,C3:00:00:63:4D:08,-57,127,3.0,3.5,1.5
1783351093404,2026-07-06 17:18:13.404,C3:00:00:63:4D:05,-65,127,3.0,3.5,1.5
1783351093418,2026-07-06 17:18:13.418,C3:00:00:63:4D:04,-55,127,3.0,3.5,1.5
1783351093439,2026-07-06 17:18:13.439,C3:00:00:63:4D:0A,-63,127,3.0,3.5,1.5
1783351093447,2026-07-06 17:18:13.447,C3:00:00:63:4D:0D,-50,127,3.0,3.5,1.5
1783351093462,2026-07-06 17:18:13.462,C3:00:00:63:4D:08,-66,127,3.0,3.5,1.5
1783351093476,2026-07-06 17:18:13.476,C3:00:00:63:4C:D2,-54,127,3.0,3.5,1.5
1783351093501,2026-07-06 17:18:13.501,C3:00:00:63:4C:D2,-54,127,3.0,3.5,1.5
1783351093510,2026-07-06 17:18:13.510,C3:00:00:63:4D:0D,-50,127,3.0,3.5,1.5
1783351093523,2026-07-06 17:18:13.523,C3:00:00:63:4D:04,-57,127,3.0,3.5,1.5
1783351093557,2026-07-06 17:18:13.557,C3:00:00:63:4D:07,-55,127,3.0,3.5,1.5
1783351093562,2026-07-06 17:18:13.562,C3:00:00:63:4D:0A,-59,127,3.0,3.5,1.5
1783351093567,2026-07-06 17:18:13.567,C3:00:00:63:4D:0D,-56,127,3.0,3.5,1.5
1783351093586,2026-07-06 17:18:13.586,C3:00:00:63:4C:D2,-61,127,3.0,3.5,1.5
1783351093588,2026-07-06 17:18:13.588,C3:00:00:63:4D:07,-55,127,3.0,3.5,1.5
1783351093590,2026-07-06 17:18:13.590,C3:00:00:63:4D:05,-54,127,3.0,3.5,1.5
1783351093605,2026-07-06 17:18:13.605,C3:00:00:63:4D:09,-64,127,3.0,3.5,1.5
1783351093623,2026-07-06 17:18:13.623,C3:00:00:63:4D:04,-60,127,3.0,3.5,1.5
1783351093632,2026-07-06 17:18:13.632,C3:00:00:63:4D:08,-57,127,3.0,3.5,1.5
1783351093663,2026-07-06 17:18:13.663,C3:00:00:63:4D:0D,-57,127,3.0,3.5,1.5
1783351093709,2026-07-06 17:18:13.709,C3:00:00:63:4C:D2,-61,127,3.0,3.5,1.5
1783351093713,2026-07-06 17:18:13.713,C3:00:00:63:4D:09,-62,127,3.0,3.5,1.5
1783351093733,2026-07-06 17:18:13.733,C3:00:00:63:4D:04,-57,127,3.0,3.5,1.5
1783351093751,2026-07-06 17:18:13.751,C3:00:00:63:4D:08,-67,127,3.0,3.5,1.5
1783351093756,2026-07-06 17:18:13.756,C3:00:00:63:4D:07,-59,127,3.0,3.5,1.5
1783351093760,2026-07-06 17:18:13.760,C3:00:00:63:4D:0A,-65,127,3.0,3.5,1.5
1783351093772,2026-07-06 17:18:13.772,C3:00:00:63:4D:0D,-50,127,3.0,3.5,1.5
1783351093793,2026-07-06 17:18:13.793,C3:00:00:63:4D:05,-55,127,3.0,3.5,1.5
1783351093798,2026-07-06 17:18:13.798,C3:00:00:63:4C:D2,-53,127,3.0,3.5,1.5
1783351093836,2026-07-06 17:18:13.836,C3:00:00:63:4D:09,-64,127,3.0,3.5,1.5
1783351093840,2026-07-06 17:18:13.840,C3:00:00:63:4D:04,-59,127,3.0,3.5,1.5
1783351093849,2026-07-06 17:18:13.849,C3:00:00:63:4D:05,-54,127,3.0,3.5,1.5
1783351093860,2026-07-06 17:18:13.860,C3:00:00:63:4D:07,-55,127,3.0,3.5,1.5
1783351093884,2026-07-06 17:18:13.884,C3:00:00:63:4D:0D,-55,127,3.0,3.5,1.5
1783351093894,2026-07-06 17:18:13.894,C3:00:00:63:4D:0A,-59,127,3.0,3.5,1.5
1783351093900,2026-07-06 17:18:13.900,C3:00:00:63:4D:05,-54,127,3.0,3.5,1.5
1783351093907,2026-07-06 17:18:13.907,C3:00:00:63:4C:D2,-60,127,3.0,3.5,1.5
1783351093941,2026-07-06 17:18:13.941,C3:00:00:63:4D:04,-55,127,3.0,3.5,1.5
1783351093943,2026-07-06 17:18:13.943,C3:00:00:63:4D:09,-62,127,3.0,3.5,1.5
1783351093958,2026-07-06 17:18:13.958,C3:00:00:63:4D:07,-57,127,3.0,3.5,1.5
1783351093960,2026-07-06 17:18:13.960,C3:00:00:63:4D:05,-57,127,3.0,3.5,1.5
1783351093969,2026-07-06 17:18:13.969,C3:00:00:63:4D:08,-57,127,3.0,3.5,1.5
1783351093974,2026-07-06 17:18:13.974,C3:00:00:63:4D:09,-61,127,3.0,3.5,1.5
1783351093975,2026-07-06 17:18:13.975,C3:00:00:63:4D:08,-58,127,3.0,3.5,1.5
1783351093982,2026-07-06 17:18:13.982,C3:00:00:63:4D:0D,-57,127,3.0,3.5,1.5
1783351093996,2026-07-06 17:18:13.996,C3:00:00:63:4D:05,-58,127,3.0,3.5,1.5
1783351094043,2026-07-06 17:18:14.043,C3:00:00:63:4D:04,-57,127,3.0,3.5,1.5
1783351094063,2026-07-06 17:18:14.063,C3:00:00:63:4D:07,-58,127,3.0,3.5,1.5
1783351094067,2026-07-06 17:18:14.067,C3:00:00:63:4D:09,-62,127,3.0,3.5,1.5
1783351094071,2026-07-06 17:18:14.071,C3:00:00:63:4D:0A,-63,127,3.0,3.5,1.5
1783351094094,2026-07-06 17:18:14.094,C3:00:00:63:4D:08,-67,127,3.0,3.5,1.5
1783351094116,2026-07-06 17:18:14.116,C3:00:00:63:4C:D2,-54,127,3.0,3.5,1.5
1783351094141,2026-07-06 17:18:14.141,C3:00:00:63:4D:04,-60,127,3.0,3.5,1.5
1783351094150,2026-07-06 17:18:14.150,C3:00:00:63:4D:07,-55,127,3.0,3.5,1.5
1783351094174,2026-07-06 17:18:14.174,C3:00:00:63:4D:0A,-59,127,3.0,3.5,1.5
1783351094176,2026-07-06 17:18:14.176,C3:00:00:63:4D:09,-64,127,3.0,3.5,1.5
1783351094200,2026-07-06 17:18:14.200,C3:00:00:63:4D:05,-54,127,3.0,3.5,1.5
1783351094205,2026-07-06 17:18:14.205,C3:00:00:63:4D:0D,-56,127,3.0,3.5,1.5
1783351094209,2026-07-06 17:18:14.209,C3:00:00:63:4D:08,-60,127,3.0,3.5,1.5
1783351094214,2026-07-06 17:18:14.214,C3:00:00:63:4C:D2,-61,127,3.0,3.5,1.5
1783351094246,2026-07-06 17:18:14.246,C3:00:00:63:4D:04,-55,127,3.0,3.5,1.5
1783351094251,2026-07-06 17:18:14.251,C3:00:00:63:4D:07,-57,127,3.0,3.5,1.5
1783351094268,2026-07-06 17:18:14.268,C3:00:00:63:4D:04,-56,127,3.0,3.5,1.5
1783351094286,2026-07-06 17:18:14.286,C3:00:00:63:4D:0A,-64,127,3.0,3.5,1.5
1783351094302,2026-07-06 17:18:14.302,C3:00:00:63:4D:05,-58,127,3.0,3.5,1.5
1783351094315,2026-07-06 17:18:14.315,C3:00:00:63:4D:0D,-56,127,3.0,3.5,1.5
1783351094322,2026-07-06 17:18:14.322,C3:00:00:63:4D:08,-57,127,3.0,3.5,1.5
1783351094352,2026-07-06 17:18:14.352,C3:00:00:63:4D:04,-57,127,3.0,3.5,1.5
1783351094357,2026-07-06 17:18:14.357,C3:00:00:63:4D:07,-59,127,3.0,3.5,1.5
1783351094393,2026-07-06 17:18:14.393,C3:00:00:63:4D:0A,-62,127,3.0,3.5,1.5
1783351094400,2026-07-06 17:18:14.400,C3:00:00:63:4D:09,-62,127,3.0,3.5,1.5
1783351094403,2026-07-06 17:18:14.403,C3:00:00:63:4D:05,-58,127,3.0,3.5,1.5
1783351094423,2026-07-06 17:18:14.423,C3:00:00:63:4D:0D,-50,127,3.0,3.5,1.5
1783351094430,2026-07-06 17:18:14.430,C3:00:00:63:4C:D2,-60,127,3.0,3.5,1.5
1783351094442,2026-07-06 17:18:14.442,C3:00:00:63:4D:08,-60,127,3.0,3.5,1.5
1783351094445,2026-07-06 17:18:14.445,C3:00:00:63:4C:D2,-61,127,3.0,3.5,1.5
1783351094450,2026-07-06 17:18:14.450,C3:00:00:63:4D:07,-55,127,3.0,3.5,1.5
1783351094504,2026-07-06 17:18:14.504,C3:00:00:63:4D:05,-54,127,3.0,3.5,1.5
1783351094528,2026-07-06 17:18:14.528,C3:00:00:63:4D:09,-65,127,3.0,3.5,1.5
1783351094535,2026-07-06 17:18:14.535,C3:00:00:63:4D:0D,-55,127,3.0,3.5,1.5
1783351094557,2026-07-06 17:18:14.557,C3:00:00:63:4D:08,-54,127,3.0,3.5,1.5
1783351094563,2026-07-06 17:18:14.563,C3:00:00:63:4D:07,-58,127,3.0,3.5,1.5
1783351094593,2026-07-06 17:18:14.593,C3:00:00:63:4D:0A,-64,127,3.0,3.5,1.5
1783351094600,2026-07-06 17:18:14.600,C3:00:00:63:4D:05,-58,127,3.0,3.5,1.5
1783351094631,2026-07-06 17:18:14.631,C3:00:00:63:4D:09,-63,127,3.0,3.5,1.5
1783351094636,2026-07-06 17:18:14.636,C3:00:00:63:4D:0D,-49,127,3.0,3.5,1.5
1783351094642,2026-07-06 17:18:14.642,C3:00:00:63:4C:D2,-53,127,3.0,3.5,1.5
1783351094659,2026-07-06 17:18:14.659,C3:00:00:63:4D:04,-57,127,3.0,3.5,1.5
1783351094662,2026-07-06 17:18:14.662,C3:00:00:63:4D:07,-58,127,3.0,3.5,1.5
1783351094674,2026-07-06 17:18:14.674,C3:00:00:63:4D:08,-62,127,3.0,3.5,1.5
1783351094704,2026-07-06 17:18:14.704,C3:00:00:63:4D:05,-58,127,3.0,3.5,1.5
1783351094743,2026-07-06 17:18:14.743,C3:00:00:63:4D:09,-65,127,3.0,3.5,1.5
1783351094748,2026-07-06 17:18:14.748,C3:00:00:63:4D:0D,-58,127,3.0,3.5,1.5
1783351094752,2026-07-06 17:18:14.752,C3:00:00:63:4D:07,-54,127,3.0,3.5,1.5
1783351094761,2026-07-06 17:18:14.761,C3:00:00:63:4D:04,-58,127,3.0,3.5,1.5
1783351094779,2026-07-06 17:18:14.779,C3:00:00:63:4D:08,-61,127,3.0,3.5,1.5
1783351094801,2026-07-06 17:18:14.801,C3:00:00:63:4D:05,-55,127,3.0,3.5,1.5
1783351094805,2026-07-06 17:18:14.805,C3:00:00:63:4D:0A,-61,127,3.0,3.5,1.5
1783351094853,2026-07-06 17:18:14.853,C3:00:00:63:4D:0D,-57,127,3.0,3.5,1.5
1783351094871,2026-07-06 17:18:14.871,C3:00:00:63:4D:04,-55,127,3.0,3.5,1.5
1783351094895,2026-07-06 17:18:14.895,C3:00:00:63:4D:08,-56,127,3.0,3.5,1.5
1783351094909,2026-07-06 17:18:14.909,C3:00:00:63:4D:05,-58,127,3.0,3.5,1.5
1783351094912,2026-07-06 17:18:14.912,C3:00:00:63:4D:0A,-64,127,3.0,3.5,1.5
1783351094936,2026-07-06 17:18:14.936,C3:00:00:63:4D:0A,-62,127,3.0,3.5,1.5
1783351094954,2026-07-06 17:18:14.954,C3:00:00:63:4D:07,-58,127,3.0,3.5,1.5
1783351094962,2026-07-06 17:18:14.962,C3:00:00:63:4D:0D,-49,127,3.0,3.5,1.5
1783351095007,2026-07-06 17:18:15.007,C3:00:00:63:4D:0D,-49,127,3.0,3.5,1.5
1783351095012,2026-07-06 17:18:15.012,C3:00:00:63:4D:0A,-62,127,3.0,3.5,1.5
1783351095017,2026-07-06 17:18:15.017,C3:00:00:63:4D:08,-64,127,3.0,3.5,1.5
1783351095032,2026-07-06 17:18:15.032,C3:00:00:63:4D:0D,-65,127,3.0,3.5,1.5
1783351095052,2026-07-06 17:18:15.052,C3:00:00:63:4D:09,-64,127,3.0,3.5,1.5
1783351095058,2026-07-06 17:18:15.058,C3:00:00:63:4D:07,-54,127,3.0,3.5,1.5
1783351095076,2026-07-06 17:18:15.076,C3:00:00:63:4D:04,-60,127,3.0,3.5,1.5
1783351095077,2026-07-06 17:18:15.077,C3:00:00:63:4C:D2,-61,127,3.0,3.5,1.5
1783351095078,2026-07-06 17:18:15.078,C3:00:00:63:4D:0D,-58,127,3.0,3.5,1.5
1783351095080,2026-07-06 17:18:15.080,C3:00:00:63:4D:09,-64,127,3.0,3.5,1.5
1783351095107,2026-07-06 17:18:15.107,C3:00:00:63:4D:05,-55,127,3.0,3.5,1.5
1783351095124,2026-07-06 17:18:15.124,C3:00:00:63:4D:0A,-61,127,3.0,3.5,1.5
1783351095131,2026-07-06 17:18:15.131,C3:00:00:63:4D:08,-56,127,3.0,3.5,1.5
1783351095151,2026-07-06 17:18:15.151,C3:00:00:63:4D:07,-56,127,3.0,3.5,1.5
1783351095172,2026-07-06 17:18:15.172,C3:00:00:63:4D:04,-55,127,3.0,3.5,1.5
1783351095175,2026-07-06 17:18:15.175,C3:00:00:63:4D:0D,-58,127,3.0,3.5,1.5
1783351095178,2026-07-06 17:18:15.178,C3:00:00:63:4C:D2,-60,127,3.0,3.5,1.5
1783351095201,2026-07-06 17:18:15.201,C3:00:00:63:4D:09,-62,127,3.0,3.5,1.5
1783351095207,2026-07-06 17:18:15.207,C3:00:00:63:4D:05,-56,127,3.0,3.5,1.5
1783351095235,2026-07-06 17:18:15.235,C3:00:00:63:4D:0A,-64,127,3.0,3.5,1.5
1783351095240,2026-07-06 17:18:15.240,C3:00:00:63:4D:08,-69,127,3.0,3.5,1.5
1783351095259,2026-07-06 17:18:15.259,C3:00:00:63:4D:07,-58,127,3.0,3.5,1.5
1783351095278,2026-07-06 17:18:15.278,C3:00:00:63:4D:04,-57,127,3.0,3.5,1.5
1783351095313,2026-07-06 17:18:15.313,C3:00:00:63:4D:05,-58,127,3.0,3.5,1.5
1783351095318,2026-07-06 17:18:15.318,C3:00:00:63:4D:09,-62,127,3.0,3.5,1.5
1783351095331,2026-07-06 17:18:15.331,C3:00:00:63:4D:0A,-61,127,3.0,3.5,1.5
1783351095384,2026-07-06 17:18:15.384,C3:00:00:63:4D:04,-60,127,3.0,3.5,1.5
1783351095402,2026-07-06 17:18:15.402,C3:00:00:63:4D:0D,-57,127,3.0,3.5,1.5
1783351095428,2026-07-06 17:18:15.428,C3:00:00:63:4D:09,-64,127,3.0,3.5,1.5
1783351095437,2026-07-06 17:18:15.437,C3:00:00:63:4D:0A,-63,127,3.0,3.5,1.5
1783351095451,2026-07-06 17:18:15.451,C3:00:00:63:4D:07,-57,127,3.0,3.5,1.5
1783351095464,2026-07-06 17:18:15.464,C3:00:00:63:4D:08,-56,127,3.0,3.5,1.5
1783351095481,2026-07-06 17:18:15.481,C3:00:00:63:4D:04,-55,127,3.0,3.5,1.5
1783351095486,2026-07-06 17:18:15.486,C3:00:00:63:4D:08,-56,127,3.0,3.5,1.5
1783351095492,2026-07-06 17:18:15.492,C3:00:00:63:4D:07,-57,127,3.0,3.5,1.5
1783351095498,2026-07-06 17:18:15.498,C3:00:00:63:4C:D2,-60,127,3.0,3.5,1.5
1783351095501,2026-07-06 17:18:15.501,C3:00:00:63:4D:0D,-57,127,3.0,3.5,1.5
1783351095507,2026-07-06 17:18:15.507,C3:00:00:63:4D:05,-58,127,3.0,3.5,1.5
1783351095515,2026-07-06 17:18:15.515,C3:00:00:63:4D:0D,-57,127,3.0,3.5,1.5
1783351095537,2026-07-06 17:18:15.537,C3:00:00:63:4D:0A,-61,127,3.0,3.5,1.5
1783351095542,2026-07-06 17:18:15.542,C3:00:00:63:4D:09,-63,127,3.0,3.5,1.5
1783351095559,2026-07-06 17:18:15.559,C3:00:00:63:4D:07,-58,127,3.0,3.5,1.5
1783351095584,2026-07-06 17:18:15.584,C3:00:00:63:4D:04,-57,127,3.0,3.5,1.5
1783351095590,2026-07-06 17:18:15.590,C3:00:00:63:4D:08,-63,127,3.0,3.5,1.5
1783351095612,2026-07-06 17:18:15.612,C3:00:00:63:4D:0D,-49,127,3.0,3.5,1.5
1783351095619,2026-07-06 17:18:15.619,C3:00:00:63:4D:05,-58,127,3.0,3.5,1.5
1783351095646,2026-07-06 17:18:15.646,C3:00:00:63:4D:0A,-61,127,3.0,3.5,1.5
1783351095687,2026-07-06 17:18:15.687,C3:00:00:63:4D:04,-60,127,3.0,3.5,1.5
1783351095706,2026-07-06 17:18:15.706,C3:00:00:63:4C:D2,-61,127,3.0,3.5,1.5
1783351095711,2026-07-06 17:18:15.711,C3:00:00:63:4D:0D,-58,127,3.0,3.5,1.5
1783351095717,2026-07-06 17:18:15.717,C3:00:00:63:4D:05,-55,127,3.0,3.5,1.5
1783351095735,2026-07-06 17:18:15.735,C3:00:00:63:4C:D2,-61,127,3.0,3.5,1.5
1783351095748,2026-07-06 17:18:15.748,C3:00:00:63:4D:04,-55,127,3.0,3.5,1.5
1783351095775,2026-07-06 17:18:15.775,C3:00:00:63:4D:09,-61,127,3.0,3.5,1.5
1783351095808,2026-07-06 17:18:15.808,C3:00:00:63:4C:D2,-59,127,3.0,3.5,1.5
1783351095825,2026-07-06 17:18:15.825,C3:00:00:63:4D:08,-55,127,3.0,3.5,1.5
1783351095854,2026-07-06 17:18:15.854,C3:00:00:63:4D:07,-58,127,3.0,3.5,1.5
1783351095860,2026-07-06 17:18:15.860,C3:00:00:63:4D:05,-55,127,3.0,3.5,1.5
1783351095865,2026-07-06 17:18:15.865,C3:00:00:63:4D:0A,-65,127,3.0,3.5,1.5
1783351095881,2026-07-06 17:18:15.881,C3:00:00:63:4D:09,-62,127,3.0,3.5,1.5
1783351095899,2026-07-06 17:18:15.899,C3:00:00:63:4D:04,-56,127,3.0,3.5,1.5
1783351095913,2026-07-06 17:18:15.913,C3:00:00:63:4C:D2,-53,127,3.0,3.5,1.5
1783351095923,2026-07-06 17:18:15.923,C3:00:00:63:4D:05,-55,127,3.0,3.5,1.5
1783351095941,2026-07-06 17:18:15.941,C3:00:00:63:4D:08,-62,127,3.0,3.5,1.5
1783351095957,2026-07-06 17:18:15.957,C3:00:00:63:4D:07,-55,127,3.0,3.5,1.5
1783351095965,2026-07-06 17:18:15.965,C3:00:00:63:4D:05,-55,127,3.0,3.5,1.5
1783351095967,2026-07-06 17:18:15.967,C3:00:00:63:4D:08,-62,127,3.0,3.5,1.5
1783351095972,2026-07-06 17:18:15.972,C3:00:00:63:4D:09,-67,127,3.0,3.5,1.5
1783351095984,2026-07-06 17:18:15.984,C3:00:00:63:4D:0A,-61,127,3.0,3.5,1.5
1783351095997,2026-07-06 17:18:15.997,C3:00:00:63:4D:04,-58,127,3.0,3.5,1.5
1783351096013,2026-07-06 17:18:16.013,C3:00:00:63:4D:05,-54,127,3.0,3.5,1.5
1783351096026,2026-07-06 17:18:16.026,C3:00:00:63:4C:D2,-60,127,3.0,3.5,1.5
1783351096044,2026-07-06 17:18:16.044,C3:00:00:63:4D:0D,-59,127,3.0,3.5,1.5
1783351096053,2026-07-06 17:18:16.053,C3:00:00:63:4D:08,-55,127,3.0,3.5,1.5
1783351096058,2026-07-06 17:18:16.058,C3:00:00:63:4D:07,-58,127,3.0,3.5,1.5
1783351096063,2026-07-06 17:18:16.063,C3:00:00:63:4D:0A,-64,127,3.0,3.5,1.5
1783351096112,2026-07-06 17:18:16.112,C3:00:00:63:4D:09,-61,127,3.0,3.5,1.5
1783351096115,2026-07-06 17:18:16.115,C3:00:00:63:4D:05,-58,127,3.0,3.5,1.5
1783351096126,2026-07-06 17:18:16.126,C3:00:00:63:4C:D2,-60,127,3.0,3.5,1.5
1783351096146,2026-07-06 17:18:16.146,C3:00:00:63:4D:0D,-49,127,3.0,3.5,1.5
1783351096167,2026-07-06 17:18:16.167,C3:00:00:63:4D:07,-58,127,3.0,3.5,1.5
1783351096183,2026-07-06 17:18:16.183,C3:00:00:63:4D:0A,-65,127,3.0,3.5,1.5
1783351096208,2026-07-06 17:18:16.208,C3:00:00:63:4D:04,-56,127,3.0,3.5,1.5
1783351096255,2026-07-06 17:18:16.255,C3:00:00:63:4D:07,-54,127,3.0,3.5,1.5
1783351096277,2026-07-06 17:18:16.277,C3:00:00:63:4D:0A,-61,127,3.0,3.5,1.5
1783351096281,2026-07-06 17:18:16.281,C3:00:00:63:4D:08,-60,127,3.0,3.5,1.5
1783351096285,2026-07-06 17:18:16.285,C3:00:00:63:4D:04,-68,127,3.0,3.5,1.5
1783351096300,2026-07-06 17:18:16.300,C3:00:00:63:4D:07,-54,127,3.0,3.5,1.5
1783351096319,2026-07-06 17:18:16.319,C3:00:00:63:4D:05,-54,127,3.0,3.5,1.5
1783351096333,2026-07-06 17:18:16.333,C3:00:00:63:4D:04,-56,127,3.0,3.5,1.5
1783351096368,2026-07-06 17:18:16.368,C3:00:00:63:4D:0D,-56,127,3.0,3.5,1.5
1783351096382,2026-07-06 17:18:16.382,C3:00:00:63:4D:0A,-63,127,3.0,3.5,1.5
1783351096396,2026-07-06 17:18:16.396,C3:00:00:63:4D:08,-56,127,3.0,3.5,1.5
1783351096418,2026-07-06 17:18:16.418,C3:00:00:63:4D:04,-55,127,3.0,3.5,1.5
1783351096422,2026-07-06 17:18:16.422,C3:00:00:63:4D:05,-59,127,3.0,3.5,1.5
1783351096451,2026-07-06 17:18:16.451,C3:00:00:63:4C:D2,-54,127,3.0,3.5,1.5
1783351096455,2026-07-06 17:18:16.455,C3:00:00:63:4D:07,-58,127,3.0,3.5,1.5
1783351096460,2026-07-06 17:18:16.460,C3:00:00:63:4D:09,-63,127,3.0,3.5,1.5
1783351096471,2026-07-06 17:18:16.471,C3:00:00:63:4C:D2,-54,127,3.0,3.5,1.5
1783351096476,2026-07-06 17:18:16.476,C3:00:00:63:4D:0D,-49,127,3.0,3.5,1.5
1783351096491,2026-07-06 17:18:16.491,C3:00:00:63:4D:0A,-62,127,3.0,3.5,1.5
1783351096507,2026-07-06 17:18:16.507,C3:00:00:63:4D:08,-65,127,3.0,3.5,1.5
1783351096517,2026-07-06 17:18:16.517,C3:00:00:63:4D:04,-56,127,3.0,3.5,1.5
1783351096529,2026-07-06 17:18:16.529,C3:00:00:63:4D:05,-58,127,3.0,3.5,1.5
1783351096546,2026-07-06 17:18:16.546,C3:00:00:63:4C:D2,-60,127,3.0,3.5,1.5
1783351096557,2026-07-06 17:18:16.557,C3:00:00:63:4D:07,-54,127,3.0,3.5,1.5
1783351096585,2026-07-06 17:18:16.585,C3:00:00:63:4D:0D,-58,127,3.0,3.5,1.5
1783351096594,2026-07-06 17:18:16.594,C3:00:00:63:4D:0A,-61,127,3.0,3.5,1.5
1783351096615,2026-07-06 17:18:16.615,C3:00:00:63:4D:04,-60,127,3.0,3.5,1.5
1783351096623,2026-07-06 17:18:16.623,C3:00:00:63:4D:05,-54,127,3.0,3.5,1.5
1783351096631,2026-07-06 17:18:16.631,C3:00:00:63:4D:08,-60,127,3.0,3.5,1.5
1783351096648,2026-07-06 17:18:16.648,C3:00:00:63:4D:07,-57,127,3.0,3.5,1.5
1783351096661,2026-07-06 17:18:16.661,C3:00:00:63:4C:D2,-60,127,3.0,3.5,1.5
1783351096700,2026-07-06 17:18:16.700,C3:00:00:63:4D:0A,-63,127,3.0,3.5,1.5
1783351096733,2026-07-06 17:18:16.733,C3:00:00:63:4D:05,-55,127,3.0,3.5,1.5
1783351096737,2026-07-06 17:18:16.737,C3:00:00:63:4D:08,-68,127,3.0,3.5,1.5
1783351096759,2026-07-06 17:18:16.759,C3:00:00:63:4D:07,-58,127,3.0,3.5,1.5
1783351096771,2026-07-06 17:18:16.771,C3:00:00:63:4C:D2,-53,127,3.0,3.5,1.5
1783351096801,2026-07-06 17:18:16.801,C3:00:00:63:4D:09,-61,127,3.0,3.5,1.5
1783351096806,2026-07-06 17:18:16.806,C3:00:00:63:4D:0D,-49,127,3.0,3.5,1.5
1783351096812,2026-07-06 17:18:16.812,C3:00:00:63:4D:0A,-65,127,3.0,3.5,1.5
1783351096825,2026-07-06 17:18:16.825,C3:00:00:63:4D:05,-55,127,3.0,3.5,1.5
1783351096855,2026-07-06 17:18:16.855,C3:00:00:63:4D:08,-60,127,3.0,3.5,1.5
1783351096859,2026-07-06 17:18:16.859,C3:00:00:63:4D:07,-54,127,3.0,3.5,1.5
1783351096871,2026-07-06 17:18:16.871,C3:00:00:63:4C:D2,-60,127,3.0,3.5,1.5
1783351096900,2026-07-06 17:18:16.900,C3:00:00:63:4D:0D,-57,127,3.0,3.5,1.5
1783351096913,2026-07-06 17:18:16.913,C3:00:00:63:4D:0A,-61,127,3.0,3.5,1.5
1783351096915,2026-07-06 17:18:16.915,C3:00:00:63:4D:09,-69,127,3.0,3.5,1.5
1783351096928,2026-07-06 17:18:16.928,C3:00:00:63:4D:05,-54,127,3.0,3.5,1.5
1783351096930,2026-07-06 17:18:16.930,C3:00:00:63:4D:0A,-64,127,3.0,3.5,1.5
1783351096952,2026-07-06 17:18:16.952,C3:00:00:63:4D:07,-57,127,3.0,3.5,1.5
1783351096962,2026-07-06 17:18:16.962,C3:00:00:63:4D:05,-58,127,3.0,3.5,1.5
1783351096970,2026-07-06 17:18:16.970,C3:00:00:63:4D:08,-56,127,3.0,3.5,1.5
1783351096974,2026-07-06 17:18:16.974,C3:00:00:63:4C:D2,-60,127,3.0,3.5,1.5
1783351097013,2026-07-06 17:18:17.013,C3:00:00:63:4D:0D,-58,127,3.0,3.5,1.5
1783351097016,2026-07-06 17:18:17.016,C3:00:00:63:4D:0A,-63,127,3.0,3.5,1.5
1783351097030,2026-07-06 17:18:17.030,C3:00:00:63:4D:05,-55,127,3.0,3.5,1.5
1783351097035,2026-07-06 17:18:17.035,C3:00:00:63:4D:0D,-49,127,3.0,3.5,1.5
1783351097053,2026-07-06 17:18:17.053,C3:00:00:63:4D:09,-62,127,3.0,3.5,1.5
1783351097058,2026-07-06 17:18:17.058,C3:00:00:63:4D:07,-58,127,3.0,3.5,1.5
1783351097081,2026-07-06 17:18:17.081,C3:00:00:63:4D:08,-69,127,3.0,3.5,1.5
1783351097117,2026-07-06 17:18:17.117,C3:00:00:63:4D:0D,-49,127,3.0,3.5,1.5
1783351097124,2026-07-06 17:18:17.124,C3:00:00:63:4D:0A,-65,127,3.0,3.5,1.5
1783351097128,2026-07-06 17:18:17.128,C3:00:00:63:4D:05,-55,127,3.0,3.5,1.5
1783351097159,2026-07-06 17:18:17.159,C3:00:00:63:4D:07,-55,127,3.0,3.5,1.5
1783351097199,2026-07-06 17:18:17.199,C3:00:00:63:4D:08,-60,127,3.0,3.5,1.5
1783351097215,2026-07-06 17:18:17.215,C3:00:00:63:4D:0A,-61,127,3.0,3.5,1.5
1783351097229,2026-07-06 17:18:17.229,C3:00:00:63:4D:0D,-57,127,3.0,3.5,1.5
1783351097242,2026-07-06 17:18:17.242,C3:00:00:63:4D:05,-54,127,3.0,3.5,1.5
1783351097245,2026-07-06 17:18:17.245,C3:00:00:63:4D:04,-55,127,3.0,3.5,1.5
1783351097255,2026-07-06 17:18:17.255,C3:00:00:63:4D:09,-61,127,3.0,3.5,1.5
1783351097266,2026-07-06 17:18:17.266,C3:00:00:63:4D:07,-57,127,3.0,3.5,1.5
1783351097290,2026-07-06 17:18:17.290,C3:00:00:63:4C:D2,-60,127,3.0,3.5,1.5
1783351097312,2026-07-06 17:18:17.312,C3:00:00:63:4D:08,-56,127,3.0,3.5,1.5
1783351097330,2026-07-06 17:18:17.330,C3:00:00:63:4D:0A,-63,127,3.0,3.5,1.5
1783351097338,2026-07-06 17:18:17.338,C3:00:00:63:4D:04,-56,127,3.0,3.5,1.5
1783351097374,2026-07-06 17:18:17.374,C3:00:00:63:4D:09,-62,127,3.0,3.5,1.5
1783351097397,2026-07-06 17:18:17.397,C3:00:00:63:4C:D2,-53,127,3.0,3.5,1.5
1783351097417,2026-07-06 17:18:17.417,C3:00:00:63:4D:05,-63,127,3.0,3.5,1.5
1783351097431,2026-07-06 17:18:17.431,C3:00:00:63:4D:08,-69,127,3.0,3.5,1.5
1783351097439,2026-07-06 17:18:17.439,C3:00:00:63:4D:0A,-61,127,3.0,3.5,1.5
1783351097442,2026-07-06 17:18:17.442,C3:00:00:63:4D:0D,-57,127,3.0,3.5,1.5
1783351097445,2026-07-06 17:18:17.445,C3:00:00:63:4D:05,-54,127,3.0,3.5,1.5
1783351097451,2026-07-06 17:18:17.451,C3:00:00:63:4D:07,-55,127,3.0,3.5,1.5
1783351097469,2026-07-06 17:18:17.469,C3:00:00:63:4D:08,-61,127,3.0,3.5,1.5
1783351097478,2026-07-06 17:18:17.478,C3:00:00:63:4D:09,-69,127,3.0,3.5,1.5
1783351097494,2026-07-06 17:18:17.494,C3:00:00:63:4C:D2,-60,127,3.0,3.5,1.5
1783351097526,2026-07-06 17:18:17.526,C3:00:00:63:4C:D2,-60,127,3.0,3.5,1.5
1783351097531,2026-07-06 17:18:17.531,C3:00:00:63:4D:0D,-57,127,3.0,3.5,1.5
1783351097539,2026-07-06 17:18:17.539,C3:00:00:63:4D:05,-59,127,3.0,3.5,1.5
1783351097546,2026-07-06 17:18:17.546,C3:00:00:63:4D:08,-56,127,3.0,3.5,1.5
1783351097555,2026-07-06 17:18:17.555,C3:00:00:63:4D:04,-55,127,3.0,3.5,1.5
1783351097562,2026-07-06 17:18:17.562,C3:00:00:63:4D:07,-56,127,3.0,3.5,1.5
1783351097564,2026-07-06 17:18:17.564,C3:00:00:63:4D:0A,-71,127,3.0,3.5,1.5
1783351097596,2026-07-06 17:18:17.596,C3:00:00:63:4D:09,-61,127,3.0,3.5,1.5
1783351097604,2026-07-06 17:18:17.604,C3:00:00:63:4D:07,-57,127,3.0,3.5,1.5
1783351097613,2026-07-06 17:18:17.613,C3:00:00:63:4C:D2,-61,127,3.0,3.5,1.5
1783351097633,2026-07-06 17:18:17.633,C3:00:00:63:4D:05,-58,127,3.0,3.5,1.5
1783351097645,2026-07-06 17:18:17.645,C3:00:00:63:4D:0A,-62,127,3.0,3.5,1.5
1783351097654,2026-07-06 17:18:17.654,C3:00:00:63:4D:04,-56,127,3.0,3.5,1.5
1783351097656,2026-07-06 17:18:17.656,C3:00:00:63:4D:07,-58,127,3.0,3.5,1.5
1783351097660,2026-07-06 17:18:17.660,C3:00:00:63:4D:0D,-49,127,3.0,3.5,1.5
1783351097718,2026-07-06 17:18:17.718,C3:00:00:63:4C:D2,-54,127,3.0,3.5,1.5
1783351097731,2026-07-06 17:18:17.731,C3:00:00:63:4C:D2,-60,127,3.0,3.5,1.5
1783351097750,2026-07-06 17:18:17.750,C3:00:00:63:4D:0A,-61,127,3.0,3.5,1.5
1783351097753,2026-07-06 17:18:17.753,C3:00:00:63:4D:04,-60,127,3.0,3.5,1.5
1783351097756,2026-07-06 17:18:17.756,C3:00:00:63:4D:07,-54,127,3.0,3.5,1.5
1783351097770,2026-07-06 17:18:17.770,C3:00:00:63:4D:0D,-57,127,3.0,3.5,1.5
1783351097773,2026-07-06 17:18:17.773,C3:00:00:63:4D:08,-61,127,3.0,3.5,1.5
1783351097823,2026-07-06 17:18:17.823,C3:00:00:63:4C:D2,-60,127,3.0,3.5,1.5
1783351097841,2026-07-06 17:18:17.841,C3:00:00:63:4D:05,-59,127,3.0,3.5,1.5
1783351097882,2026-07-06 17:18:17.882,C3:00:00:63:4D:0D,-58,127,3.0,3.5,1.5
1783351097886,2026-07-06 17:18:17.886,C3:00:00:63:4D:08,-56,127,3.0,3.5,1.5
1783351097908,2026-07-06 17:18:17.908,C3:00:00:63:4D:0A,-63,127,3.0,3.5,1.5
1783351097930,2026-07-06 17:18:17.930,C3:00:00:63:4C:D2,-60,127,3.0,3.5,1.5
1783351097949,2026-07-06 17:18:17.949,C3:00:00:63:4C:D2,-60,127,3.0,3.5,1.5
1783351097964,2026-07-06 17:18:17.964,C3:00:00:63:4D:0A,-65,127,3.0,3.5,1.5
1783351097968,2026-07-06 17:18:17.968,C3:00:00:63:4D:08,-70,127,3.0,3.5,1.5
1783351097979,2026-07-06 17:18:17.979,C3:00:00:63:4D:0A,-65,127,3.0,3.5,1.5
1783351098008,2026-07-06 17:18:18.008,C3:00:00:63:4D:08,-69,127,3.0,3.5,1.5
1783351098033,2026-07-06 17:18:18.033,C3:00:00:63:4D:05,-54,127,3.0,3.5,1.5
1783351098038,2026-07-06 17:18:18.038,C3:00:00:63:4C:D2,-60,127,3.0,3.5,1.5
1783351098054,2026-07-06 17:18:18.054,C3:00:00:63:4D:07,-55,127,3.0,3.5,1.5
1783351098058,2026-07-06 17:18:18.058,C3:00:00:63:4D:0A,-61,127,3.0,3.5,1.5
1783351098068,2026-07-06 17:18:18.068,C3:00:00:63:4D:04,-60,127,3.0,3.5,1.5
1783351098092,2026-07-06 17:18:18.092,C3:00:00:63:4D:0D,-57,127,3.0,3.5,1.5
1783351098116,2026-07-06 17:18:18.116,C3:00:00:63:4D:08,-61,127,3.0,3.5,1.5
1783351098136,2026-07-06 17:18:18.136,C3:00:00:63:4D:05,-59,127,3.0,3.5,1.5
1783351098142,2026-07-06 17:18:18.142,C3:00:00:63:4C:D2,-61,127,3.0,3.5,1.5
1783351098171,2026-07-06 17:18:18.171,C3:00:00:63:4D:09,-60,127,3.0,3.5,1.5
1783351098177,2026-07-06 17:18:18.177,C3:00:00:63:4D:0A,-63,127,3.0,3.5,1.5
1783351098195,2026-07-06 17:18:18.195,C3:00:00:63:4D:0D,-58,127,3.0,3.5,1.5
1783351098240,2026-07-06 17:18:18.240,C3:00:00:63:4D:08,-69,127,3.0,3.5,1.5
1783351098243,2026-07-06 17:18:18.243,C3:00:00:63:4D:05,-55,127,3.0,3.5,1.5
1783351098251,2026-07-06 17:18:18.251,C3:00:00:63:4C:D2,-53,127,3.0,3.5,1.5
1783351098253,2026-07-06 17:18:18.253,C3:00:00:63:4D:07,-58,127,3.0,3.5,1.5
1783351098267,2026-07-06 17:18:18.267,C3:00:00:63:4D:04,-56,127,3.0,3.5,1.5
1783351098272,2026-07-06 17:18:18.272,C3:00:00:63:4D:0A,-65,127,3.0,3.5,1.5
1783351098283,2026-07-06 17:18:18.283,C3:00:00:63:4D:09,-62,127,3.0,3.5,1.5
1783351098284,2026-07-06 17:18:18.284,C3:00:00:63:4D:04,-56,127,3.0,3.5,1.5
1783351098313,2026-07-06 17:18:18.313,C3:00:00:63:4D:0D,-49,127,3.0,3.5,1.5
1783351098317,2026-07-06 17:18:18.317,C3:00:00:63:4D:07,-58,127,3.0,3.5,1.5
1783351098331,2026-07-06 17:18:18.331,C3:00:00:63:4D:04,-60,127,3.0,3.5,1.5
1783351098344,2026-07-06 17:18:18.344,C3:00:00:63:4D:05,-54,127,3.0,3.5,1.5
1783351098347,2026-07-06 17:18:18.347,C3:00:00:63:4D:08,-61,127,3.0,3.5,1.5
1783351098356,2026-07-06 17:18:18.356,C3:00:00:63:4D:07,-55,127,3.0,3.5,1.5
1783351098362,2026-07-06 17:18:18.362,C3:00:00:63:4C:D2,-60,127,3.0,3.5,1.5
1783351098369,2026-07-06 17:18:18.369,C3:00:00:63:4D:04,-59,127,3.0,3.5,1.5
1783351098376,2026-07-06 17:18:18.376,C3:00:00:63:4D:08,-69,127,3.0,3.5,1.5
1783351098378,2026-07-06 17:18:18.378,C3:00:00:63:4D:0A,-61,127,3.0,3.5,1.5
1783351098389,2026-07-06 17:18:18.389,C3:00:00:63:4D:09,-69,127,3.0,3.5,1.5
1783351098414,2026-07-06 17:18:18.414,C3:00:00:63:4D:0D,-57,127,3.0,3.5,1.5
1783351098438,2026-07-06 17:18:18.438,C3:00:00:63:4D:05,-58,127,3.0,3.5,1.5
1783351098455,2026-07-06 17:18:18.455,C3:00:00:63:4C:D2,-61,127,3.0,3.5,1.5
1783351098465,2026-07-06 17:18:18.465,C3:00:00:63:4D:08,-56,127,3.0,3.5,1.5
1783351098475,2026-07-06 17:18:18.475,C3:00:00:63:4D:04,-55,127,3.0,3.5,1.5
1783351098477,2026-07-06 17:18:18.477,C3:00:00:63:4C:D2,-61,127,3.0,3.5,1.5
1783351098479,2026-07-06 17:18:18.479,C3:00:00:63:4D:0A,-63,127,3.0,3.5,1.5
1783351098541,2026-07-06 17:18:18.541,C3:00:00:63:4D:05,-58,127,3.0,3.5,1.5
1783351098569,2026-07-06 17:18:18.569,C3:00:00:63:4D:07,-58,127,3.0,3.5,1.5
1783351098571,2026-07-06 17:18:18.571,C3:00:00:63:4C:D2,-53,127,3.0,3.5,1.5
1783351098582,2026-07-06 17:18:18.582,C3:00:00:63:4D:08,-69,127,3.0,3.5,1.5
1783351098589,2026-07-06 17:18:18.589,C3:00:00:63:4D:0A,-65,127,3.0,3.5,1.5
1783351098626,2026-07-06 17:18:18.626,C3:00:00:63:4D:09,-62,127,3.0,3.5,1.5
1783351098632,2026-07-06 17:18:18.632,C3:00:00:63:4D:0D,-56,127,3.0,3.5,1.5
1783351098649,2026-07-06 17:18:18.649,C3:00:00:63:4D:05,-54,127,3.0,3.5,1.5
1783351098657,2026-07-06 17:18:18.657,C3:00:00:63:4D:07,-55,127,3.0,3.5,1.5
1783351098688,2026-07-06 17:18:18.688,C3:00:00:63:4D:08,-61,127,3.0,3.5,1.5
1783351098694,2026-07-06 17:18:18.694,C3:00:00:63:4D:0A,-61,127,3.0,3.5,1.5
1783351098742,2026-07-06 17:18:18.742,C3:00:00:63:4D:05,-58,127,3.0,3.5,1.5
1783351098749,2026-07-06 17:18:18.749,C3:00:00:63:4D:07,-57,127,3.0,3.5,1.5
1783351098778,2026-07-06 17:18:18.778,C3:00:00:63:4D:04,-55,127,3.0,3.5,1.5
1783351098784,2026-07-06 17:18:18.784,C3:00:00:63:4C:D2,-61,127,3.0,3.5,1.5
1783351098796,2026-07-06 17:18:18.796,C3:00:00:63:4D:0A,-63,127,3.0,3.5,1.5
1783351098846,2026-07-06 17:18:18.846,C3:00:00:63:4D:0D,-49,127,3.0,3.5,1.5
1783351098854,2026-07-06 17:18:18.854,C3:00:00:63:4D:07,-58,127,3.0,3.5,1.5
1783351098885,2026-07-06 17:18:18.885,C3:00:00:63:4D:04,-56,127,3.0,3.5,1.5
1783351098908,2026-07-06 17:18:18.908,C3:00:00:63:4D:0A,-65,127,3.0,3.5,1.5
1783351098924,2026-07-06 17:18:18.924,C3:00:00:63:4D:0A,-64,127,3.0,3.5,1.5
1783351098929,2026-07-06 17:18:18.929,C3:00:00:63:4D:08,-68,127,3.0,3.5,1.5
1783351098949,2026-07-06 17:18:18.949,C3:00:00:63:4D:05,-54,127,3.0,3.5,1.5
1783351098955,2026-07-06 17:18:18.955,C3:00:00:63:4D:07,-55,127,3.0,3.5,1.5
1783351098962,2026-07-06 17:18:18.962,C3:00:00:63:4D:09,-69,127,3.0,3.5,1.5
1783351098978,2026-07-06 17:18:18.978,C3:00:00:63:4D:04,-60,127,3.0,3.5,1.5
1783351098986,2026-07-06 17:18:18.986,C3:00:00:63:4C:D2,-60,127,3.0,3.5,1.5
1783351099018,2026-07-06 17:18:19.018,C3:00:00:63:4D:0D,-64,127,3.0,3.5,1.5
1783351099042,2026-07-06 17:18:19.042,C3:00:00:63:4D:08,-55,127,3.0,3.5,1.5
1783351099047,2026-07-06 17:18:19.047,C3:00:00:63:4D:05,-58,127,3.0,3.5,1.5
1783351099054,2026-07-06 17:18:19.054,C3:00:00:63:4D:07,-57,127,3.0,3.5,1.5
1783351099064,2026-07-06 17:18:19.064,C3:00:00:63:4D:0D,-58,127,3.0,3.5,1.5
1783351099074,2026-07-06 17:18:19.074,C3:00:00:63:4D:09,-61,127,3.0,3.5,1.5
1783351099090,2026-07-06 17:18:19.090,C3:00:00:63:4D:04,-55,127,3.0,3.5,1.5
1783351099097,2026-07-06 17:18:19.097,C3:00:00:63:4C:D2,-61,127,3.0,3.5,1.5
1783351099103,2026-07-06 17:18:19.103,C3:00:00:63:4D:09,-62,127,3.0,3.5,1.5
1783351099112,2026-07-06 17:18:19.112,C3:00:00:63:4D:0A,-63,127,3.0,3.5,1.5
1783351099118,2026-07-06 17:18:19.118,C3:00:00:63:4D:09,-62,127,3.0,3.5,1.5
1783351099175,2026-07-06 17:18:19.175,C3:00:00:63:4D:0D,-49,127,3.0,3.5,1.5
1783351099198,2026-07-06 17:18:19.198,C3:00:00:63:4D:04,-56,127,3.0,3.5,1.5
1783351099203,2026-07-06 17:18:19.203,C3:00:00:63:4C:D2,-54,127,3.0,3.5,1.5
1783351099222,2026-07-06 17:18:19.222,C3:00:00:63:4D:0A,-62,127,3.0,3.5,1.5
1783351099248,2026-07-06 17:18:19.248,C3:00:00:63:4D:05,-54,127,3.0,3.5,1.5
1783351099253,2026-07-06 17:18:19.253,C3:00:00:63:4D:07,-54,127,3.0,3.5,1.5
1783351099268,2026-07-06 17:18:19.268,C3:00:00:63:4D:08,-60,127,3.0,3.5,1.5
1783351099282,2026-07-06 17:18:19.282,C3:00:00:63:4D:0D,-57,127,3.0,3.5,1.5
1783351099292,2026-07-06 17:18:19.292,C3:00:00:63:4D:04,-60,127,3.0,3.5,1.5
1783351099308,2026-07-06 17:18:19.308,C3:00:00:63:4D:09,-69,127,3.0,3.5,1.5
1783351099314,2026-07-06 17:18:19.314,C3:00:00:63:4C:D2,-60,127,3.0,3.5,1.5
1783351099318,2026-07-06 17:18:19.318,C3:00:00:63:4D:0A,-61,127,3.0,3.5,1.5
1783351099349,2026-07-06 17:18:19.349,C3:00:00:63:4D:07,-56,127,3.0,3.5,1.5
1783351099352,2026-07-06 17:18:19.352,C3:00:00:63:4D:05,-59,127,3.0,3.5,1.5
1783351099370,2026-07-06 17:18:19.370,C3:00:00:63:4D:0D,-56,127,3.0,3.5,1.5
1783351099386,2026-07-06 17:18:19.386,C3:00:00:63:4D:08,-56,127,3.0,3.5,1.5
1783351099394,2026-07-06 17:18:19.394,C3:00:00:63:4D:0D,-57,127,3.0,3.5,1.5
1783351099402,2026-07-06 17:18:19.402,C3:00:00:63:4D:04,-55,127,3.0,3.5,1.5
1783351099412,2026-07-06 17:18:19.412,C3:00:00:63:4C:D2,-60,127,3.0,3.5,1.5
1783351099418,2026-07-06 17:18:19.418,C3:00:00:63:4D:09,-62,127,3.0,3.5,1.5
1783351099430,2026-07-06 17:18:19.430,C3:00:00:63:4D:0A,-62,127,3.0,3.5,1.5
1783351099453,2026-07-06 17:18:19.453,C3:00:00:63:4D:05,-58,127,3.0,3.5,1.5
1783351099471,2026-07-06 17:18:19.471,C3:00:00:63:4D:08,-66,127,3.0,3.5,1.5
1783351099492,2026-07-06 17:18:19.492,C3:00:00:63:4D:07,-58,127,3.0,3.5,1.5
1783351099496,2026-07-06 17:18:19.496,C3:00:00:63:4D:08,-66,127,3.0,3.5,1.5
1783351099502,2026-07-06 17:18:19.502,C3:00:00:63:4D:0D,-49,127,3.0,3.5,1.5
1783351099505,2026-07-06 17:18:19.505,C3:00:00:63:4D:04,-56,127,3.0,3.5,1.5
1783351099518,2026-07-06 17:18:19.518,C3:00:00:63:4C:D2,-54,127,3.0,3.5,1.5
1783351099530,2026-07-06 17:18:19.530,C3:00:00:63:4D:0A,-61,127,3.0,3.5,1.5
1783351099533,2026-07-06 17:18:19.533,C3:00:00:63:4D:09,-69,127,3.0,3.5,1.5
1783351099555,2026-07-06 17:18:19.555,C3:00:00:63:4D:05,-54,127,3.0,3.5,1.5
1783351099561,2026-07-06 17:18:19.561,C3:00:00:63:4D:07,-54,127,3.0,3.5,1.5
1783351099611,2026-07-06 17:18:19.611,C3:00:00:63:4D:07,-54,127,3.0,3.5,1.5
1783351099630,2026-07-06 17:18:19.630,C3:00:00:63:4C:D2,-60,127,3.0,3.5,1.5
1783351099637,2026-07-06 17:18:19.637,C3:00:00:63:4D:0A,-63,127,3.0,3.5,1.5
1783351099652,2026-07-06 17:18:19.652,C3:00:00:63:4D:07,-57,127,3.0,3.5,1.5
1783351099658,2026-07-06 17:18:19.658,C3:00:00:63:4D:05,-58,127,3.0,3.5,1.5
1783351099711,2026-07-06 17:18:19.711,C3:00:00:63:4D:04,-55,127,3.0,3.5,1.5
1783351099716,2026-07-06 17:18:19.716,C3:00:00:63:4D:0D,-58,127,3.0,3.5,1.5
1783351099719,2026-07-06 17:18:19.719,C3:00:00:63:4C:D2,-60,127,3.0,3.5,1.5
1783351099725,2026-07-06 17:18:19.725,C3:00:00:63:4D:08,-56,127,3.0,3.5,1.5
1783351099744,2026-07-06 17:18:19.744,C3:00:00:63:4D:0A,-62,127,3.0,3.5,1.5
1783351099751,2026-07-06 17:18:19.751,C3:00:00:63:4D:07,-58,127,3.0,3.5,1.5
1783351099846,2026-07-06 17:18:19.846,C3:00:00:63:4C:D2,-60,127,3.0,3.5,1.5
1783351099852,2026-07-06 17:18:19.852,C3:00:00:63:4D:08,-61,127,3.0,3.5,1.5
1783351099858,2026-07-06 17:18:19.858,C3:00:00:63:4D:07,-55,127,3.0,3.5,1.5
1783351099916,2026-07-06 17:18:19.916,C3:00:00:63:4D:04,-59,127,3.0,3.5,1.5
1783351099943,2026-07-06 17:18:19.943,C3:00:00:63:4C:D2,-60,127,3.0,3.5,1.5
1783351099950,2026-07-06 17:18:19.950,C3:00:00:63:4D:0A,-63,127,3.0,3.5,1.5
1783351099955,2026-07-06 17:18:19.955,C3:00:00:63:4D:05,-58,127,3.0,3.5,1.5
1783351099973,2026-07-06 17:18:19.973,C3:00:00:63:4D:09,-61,127,3.0,3.5,1.5
1783351099976,2026-07-06 17:18:19.976,C3:00:00:63:4D:08,-56,127,3.0,3.5,1.5
1783351099981,2026-07-06 17:18:19.981,C3:00:00:63:4D:0A,-64,127,3.0,3.5,1.5
1783351099986,2026-07-06 17:18:19.986,C3:00:00:63:4D:09,-61,127,3.0,3.5,1.5
1783351099993,2026-07-06 17:18:19.993,C3:00:00:63:4D:05,-58,127,3.0,3.5,1.5
1783351100014,2026-07-06 17:18:20.014,C3:00:00:63:4D:04,-55,127,3.0,3.5,1.5
1783351100036,2026-07-06 17:18:20.036,C3:00:00:63:4D:0D,-49,127,3.0,3.5,1.5
1783351100056,2026-07-06 17:18:20.056,C3:00:00:63:4C:D2,-54,127,3.0,3.5,1.5
1783351100061,2026-07-06 17:18:20.061,C3:00:00:63:4D:07,-58,127,3.0,3.5,1.5
1783351100065,2026-07-06 17:18:20.065,C3:00:00:63:4D:0A,-62,127,3.0,3.5,1.5
1783351100070,2026-07-06 17:18:20.070,C3:00:00:63:4D:05,-58,127,3.0,3.5,1.5
1783351100075,2026-07-06 17:18:20.075,C3:00:00:63:4D:08,-66,127,3.0,3.5,1.5
1783351100111,2026-07-06 17:18:20.111,C3:00:00:63:4D:08,-66,127,3.0,3.5,1.5
1783351100116,2026-07-06 17:18:20.116,C3:00:00:63:4D:04,-56,127,3.0,3.5,1.5
1783351100138,2026-07-06 17:18:20.138,C3:00:00:63:4D:0D,-57,127,3.0,3.5,1.5
1783351100166,2026-07-06 17:18:20.166,C3:00:00:63:4C:D2,-60,127,3.0,3.5,1.5
1783351100222,2026-07-06 17:18:20.222,C3:00:00:63:4D:09,-69,127,3.0,3.5,1.5
1783351100227,2026-07-06 17:18:20.227,C3:00:00:63:4D:04,-60,127,3.0,3.5,1.5
1783351100251,2026-07-06 17:18:20.251,C3:00:00:63:4D:0D,-57,127,3.0,3.5,1.5
1783351100255,2026-07-06 17:18:20.255,C3:00:00:63:4D:07,-56,127,3.0,3.5,1.5
1783351100260,2026-07-06 17:18:20.260,C3:00:00:63:4D:0A,-63,127,3.0,3.5,1.5
1783351100307,2026-07-06 17:18:20.307,C3:00:00:63:4D:08,-57,127,3.0,3.5,1.5
1783351100321,2026-07-06 17:18:20.321,C3:00:00:63:4D:04,-55,127,3.0,3.5,1.5
1783351100336,2026-07-06 17:18:20.336,C3:00:00:63:4D:09,-63,127,3.0,3.5,1.5
1783351100341,2026-07-06 17:18:20.341,C3:00:00:63:4D:07,-58,127,3.0,3.5,1.5
1783351100355,2026-07-06 17:18:20.355,C3:00:00:63:4D:04,-56,127,3.0,3.5,1.5
1783351100361,2026-07-06 17:18:20.361,C3:00:00:63:4D:0D,-48,127,3.0,3.5,1.5
1783351100364,2026-07-06 17:18:20.364,C3:00:00:63:4D:07,-58,127,3.0,3.5,1.5
1783351100371,2026-07-06 17:18:20.371,C3:00:00:63:4D:0A,-62,127,3.0,3.5,1.5
1783351100373,2026-07-06 17:18:20.373,C3:00:00:63:4C:D2,-54,127,3.0,3.5,1.5
1783351100429,2026-07-06 17:18:20.429,C3:00:00:63:4D:04,-56,127,3.0,3.5,1.5
1783351100442,2026-07-06 17:18:20.442,C3:00:00:63:4D:09,-69,127,3.0,3.5,1.5
1783351100463,2026-07-06 17:18:20.463,C3:00:00:63:4D:07,-54,127,3.0,3.5,1.5
1783351100467,2026-07-06 17:18:20.467,C3:00:00:63:4D:05,-54,127,3.0,3.5,1.5
1783351100471,2026-07-06 17:18:20.471,C3:00:00:63:4D:0D,-57,127,3.0,3.5,1.5
1783351100476,2026-07-06 17:18:20.476,C3:00:00:63:4C:D2,-60,127,3.0,3.5,1.5
1783351100480,2026-07-06 17:18:20.480,C3:00:00:63:4D:0A,-61,127,3.0,3.5,1.5
1783351100497,2026-07-06 17:18:20.497,C3:00:00:63:4C:D2,-60,127,3.0,3.5,1.5
1783351100539,2026-07-06 17:18:20.539,C3:00:00:63:4D:08,-56,127,3.0,3.5,1.5
1783351100542,2026-07-06 17:18:20.542,C3:00:00:63:4D:04,-55,127,3.0,3.5,1.5
1783351100566,2026-07-06 17:18:20.566,C3:00:00:63:4D:07,-56,127,3.0,3.5,1.5
1783351100570,2026-07-06 17:18:20.570,C3:00:00:63:4D:05,-59,127,3.0,3.5,1.5
1783351100584,2026-07-06 17:18:20.584,C3:00:00:63:4C:D2,-61,127,3.0,3.5,1.5
1783351100588,2026-07-06 17:18:20.588,C3:00:00:63:4D:0A,-63,127,3.0,3.5,1.5
1783351100612,2026-07-06 17:18:20.612,C3:00:00:63:4D:07,-63,127,3.0,3.5,1.5
1783351100636,2026-07-06 17:18:20.636,C3:00:00:63:4D:04,-56,127,3.0,3.5,1.5
1783351100661,2026-07-06 17:18:20.661,C3:00:00:63:4D:05,-58,127,3.0,3.5,1.5
1783351100677,2026-07-06 17:18:20.677,C3:00:00:63:4D:09,-63,127,3.0,3.5,1.5
1783351100737,2026-07-06 17:18:20.737,C3:00:00:63:4D:04,-60,127,3.0,3.5,1.5
1783351100761,2026-07-06 17:18:20.761,C3:00:00:63:4D:08,-60,127,3.0,3.5,1.5
1783351100766,2026-07-06 17:18:20.766,C3:00:00:63:4D:05,-54,127,3.0,3.5,1.5
1783351100790,2026-07-06 17:18:20.790,C3:00:00:63:4D:09,-69,127,3.0,3.5,1.5
1783351100796,2026-07-06 17:18:20.796,C3:00:00:63:4D:0A,-61,127,3.0,3.5,1.5
1783351100838,2026-07-06 17:18:20.838,C3:00:00:63:4D:04,-55,127,3.0,3.5,1.5
1783351100852,2026-07-06 17:18:20.852,C3:00:00:63:4D:07,-56,127,3.0,3.5,1.5
1783351100860,2026-07-06 17:18:20.860,C3:00:00:63:4D:05,-59,127,3.0,3.5,1.5
1783351100879,2026-07-06 17:18:20.879,C3:00:00:63:4D:08,-56,127,3.0,3.5,1.5
1783351100891,2026-07-06 17:18:20.891,C3:00:00:63:4D:0A,-62,127,3.0,3.5,1.5
1783351100946,2026-07-06 17:18:20.946,C3:00:00:63:4D:04,-56,127,3.0,3.5,1.5
1783351100956,2026-07-06 17:18:20.956,C3:00:00:63:4D:07,-58,127,3.0,3.5,1.5
1783351100970,2026-07-06 17:18:20.970,C3:00:00:63:4D:05,-58,127,3.0,3.5,1.5
1783351100984,2026-07-06 17:18:20.984,C3:00:00:63:4D:05,-58,127,3.0,3.5,1.5
1783351100991,2026-07-06 17:18:20.991,C3:00:00:63:4D:08,-65,127,3.0,3.5,1.5
1783351101000,2026-07-06 17:18:21.000,C3:00:00:63:4D:0A,-62,127,3.0,3.5,1.5
1783351101003,2026-07-06 17:18:21.003,C3:00:00:63:4C:D2,-54,127,3.0,3.5,1.5
1783351101010,2026-07-06 17:18:21.010,C3:00:00:63:4D:0D,-49,127,3.0,3.5,1.5
1783351101012,2026-07-06 17:18:21.012,C3:00:00:63:4D:09,-63,127,3.0,3.5,1.5
1783351101025,2026-07-06 17:18:21.025,C3:00:00:63:4D:0D,-57,127,3.0,3.5,1.5
1783351101047,2026-07-06 17:18:21.047,C3:00:00:63:4D:04,-60,127,3.0,3.5,1.5
1783351101057,2026-07-06 17:18:21.057,C3:00:00:63:4D:07,-54,127,3.0,3.5,1.5
1783351101072,2026-07-06 17:18:21.072,C3:00:00:63:4D:05,-54,127,3.0,3.5,1.5
1783351101076,2026-07-06 17:18:21.076,C3:00:00:63:4D:09,-70,127,3.0,3.5,1.5
1783351101102,2026-07-06 17:18:21.102,C3:00:00:63:4D:08,-60,127,3.0,3.5,1.5
1783351101108,2026-07-06 17:18:21.108,C3:00:00:63:4D:0D,-57,127,3.0,3.5,1.5
1783351101125,2026-07-06 17:18:21.125,C3:00:00:63:4D:09,-69,127,3.0,3.5,1.5
1783351101150,2026-07-06 17:18:21.150,C3:00:00:63:4D:04,-55,127,3.0,3.5,1.5
1783351101171,2026-07-06 17:18:21.171,C3:00:00:63:4D:05,-59,127,3.0,3.5,1.5
1783351101213,2026-07-06 17:18:21.213,C3:00:00:63:4D:0A,-63,127,3.0,3.5,1.5
1783351101218,2026-07-06 17:18:21.218,C3:00:00:63:4C:D2,-61,127,3.0,3.5,1.5
1783351101249,2026-07-06 17:18:21.249,C3:00:00:63:4D:09,-63,127,3.0,3.5,1.5
1783351101255,2026-07-06 17:18:21.255,C3:00:00:63:4D:07,-58,127,3.0,3.5,1.5
1783351101259,2026-07-06 17:18:21.259,C3:00:00:63:4D:04,-56,127,3.0,3.5,1.5
1783351101270,2026-07-06 17:18:21.270,C3:00:00:63:4D:05,-58,127,3.0,3.5,1.5
1783351101315,2026-07-06 17:18:21.315,C3:00:00:63:4D:0A,-62,127,3.0,3.5,1.5
1783351101326,2026-07-06 17:18:21.326,C3:00:00:63:4C:D2,-54,127,3.0,3.5,1.5
1783351101340,2026-07-06 17:18:21.340,C3:00:00:63:4D:08,-60,127,3.0,3.5,1.5
1783351101349,2026-07-06 17:18:21.349,C3:00:00:63:4D:04,-60,127,3.0,3.5,1.5
1783351101357,2026-07-06 17:18:21.357,C3:00:00:63:4D:07,-54,127,3.0,3.5,1.5
1783351101361,2026-07-06 17:18:21.361,C3:00:00:63:4D:09,-69,127,3.0,3.5,1.5
1783351101454,2026-07-06 17:18:21.454,C3:00:00:63:4D:08,-56,127,3.0,3.5,1.5
1783351101458,2026-07-06 17:18:21.458,C3:00:00:63:4D:04,-55,127,3.0,3.5,1.5
1783351101462,2026-07-06 17:18:21.462,C3:00:00:63:4D:07,-57,127,3.0,3.5,1.5
1783351101466,2026-07-06 17:18:21.466,C3:00:00:63:4D:08,-56,127,3.0,3.5,1.5
1783351101474,2026-07-06 17:18:21.474,C3:00:00:63:4D:05,-58,127,3.0,3.5,1.5
1783351101477,2026-07-06 17:18:21.477,C3:00:00:63:4D:09,-61,127,3.0,3.5,1.5
1783351101499,2026-07-06 17:18:21.499,C3:00:00:63:4C:D2,-60,127,3.0,3.5,1.5
1783351101525,2026-07-06 17:18:21.525,C3:00:00:63:4D:0A,-63,127,3.0,3.5,1.5
1783351101547,2026-07-06 17:18:21.547,C3:00:00:63:4D:0D,-49,127,3.0,3.5,1.5
1783351101552,2026-07-06 17:18:21.552,C3:00:00:63:4D:07,-58,127,3.0,3.5,1.5
1783351101558,2026-07-06 17:18:21.558,C3:00:00:63:4D:04,-56,127,3.0,3.5,1.5
1783351101570,2026-07-06 17:18:21.570,C3:00:00:63:4D:0D,-49,127,3.0,3.5,1.5
1783351101574,2026-07-06 17:18:21.574,C3:00:00:63:4D:08,-67,127,3.0,3.5,1.5
1783351101589,2026-07-06 17:18:21.589,C3:00:00:63:4D:09,-62,127,3.0,3.5,1.5
1783351101620,2026-07-06 17:18:21.620,C3:00:00:63:4D:07,-59,127,3.0,3.5,1.5
1783351101635,2026-07-06 17:18:21.635,C3:00:00:63:4D:0A,-61,127,3.0,3.5,1.5
1783351101654,2026-07-06 17:18:21.654,C3:00:00:63:4D:0D,-57,127,3.0,3.5,1.5
1783351101664,2026-07-06 17:18:21.664,C3:00:00:63:4D:04,-60,127,3.0,3.5,1.5
1783351101735,2026-07-06 17:18:21.735,C3:00:00:63:4C:D2,-61,127,3.0,3.5,1.5
1783351101740,2026-07-06 17:18:21.740,C3:00:00:63:4D:0A,-63,127,3.0,3.5,1.5
1783351101765,2026-07-06 17:18:21.765,C3:00:00:63:4D:0D,-56,127,3.0,3.5,1.5
1783351101769,2026-07-06 17:18:21.769,C3:00:00:63:4D:04,-55,127,3.0,3.5,1.5
1783351101799,2026-07-06 17:18:21.799,C3:00:00:63:4D:08,-57,127,3.0,3.5,1.5
1783351101818,2026-07-06 17:18:21.818,C3:00:00:63:4D:09,-62,127,3.0,3.5,1.5
1783351101840,2026-07-06 17:18:21.840,C3:00:00:63:4D:0A,-62,127,3.0,3.5,1.5
1783351101847,2026-07-06 17:18:21.847,C3:00:00:63:4C:D2,-54,127,3.0,3.5,1.5
1783351101851,2026-07-06 17:18:21.851,C3:00:00:63:4D:07,-58,127,3.0,3.5,1.5
1783351101867,2026-07-06 17:18:21.867,C3:00:00:63:4D:04,-56,127,3.0,3.5,1.5
1783351101893,2026-07-06 17:18:21.893,C3:00:00:63:4D:05,-58,127,3.0,3.5,1.5
1783351101915,2026-07-06 17:18:21.915,C3:00:00:63:4D:0A,-63,127,3.0,3.5,1.5
1783351101935,2026-07-06 17:18:21.935,C3:00:00:63:4D:09,-63,127,3.0,3.5,1.5
1783351101951,2026-07-06 17:18:21.951,C3:00:00:63:4D:0A,-61,127,3.0,3.5,1.5
1783351101954,2026-07-06 17:18:21.954,C3:00:00:63:4D:07,-54,127,3.0,3.5,1.5
1783351101955,2026-07-06 17:18:21.955,C3:00:00:63:4C:D2,-68,127,3.0,3.5,1.5
1783351101967,2026-07-06 17:18:21.967,C3:00:00:63:4D:04,-60,127,3.0,3.5,1.5
1783351101980,2026-07-06 17:18:21.980,C3:00:00:63:4D:09,-70,127,3.0,3.5,1.5
1783351101983,2026-07-06 17:18:21.983,C3:00:00:63:4D:0A,-61,127,3.0,3.5,1.5
1783351102030,2026-07-06 17:18:22.030,C3:00:00:63:4D:08,-61,127,3.0,3.5,1.5
1783351102045,2026-07-06 17:18:22.045,C3:00:00:63:4D:09,-62,127,3.0,3.5,1.5
1783351102050,2026-07-06 17:18:22.050,C3:00:00:63:4D:0A,-62,127,3.0,3.5,1.5
1783351102053,2026-07-06 17:18:22.053,C3:00:00:63:4D:07,-56,127,3.0,3.5,1.5
1783351102068,2026-07-06 17:18:22.068,C3:00:00:63:4C:D2,-61,127,3.0,3.5,1.5
1783351102074,2026-07-06 17:18:22.074,C3:00:00:63:4D:04,-55,127,3.0,3.5,1.5
1783351102082,2026-07-06 17:18:22.082,C3:00:00:63:4D:05,-59,127,3.0,3.5,1.5
1783351102085,2026-07-06 17:18:22.085,C3:00:00:63:4D:0D,-56,127,3.0,3.5,1.5
1783351102145,2026-07-06 17:18:22.145,C3:00:00:63:4D:08,-65,127,3.0,3.5,1.5
1783351102150,2026-07-06 17:18:22.150,C3:00:00:63:4D:07,-58,127,3.0,3.5,1.5
1783351102173,2026-07-06 17:18:22.173,C3:00:00:63:4C:D2,-54,127,3.0,3.5,1.5
1783351102176,2026-07-06 17:18:22.176,C3:00:00:63:4D:05,-58,127,3.0,3.5,1.5
1783351102196,2026-07-06 17:18:22.196,C3:00:00:63:4D:0D,-49,127,3.0,3.5,1.5
1783351102262,2026-07-06 17:18:22.262,C3:00:00:63:4D:0A,-61,127,3.0,3.5,1.5
1783351102272,2026-07-06 17:18:22.272,C3:00:00:63:4D:05,-54,127,3.0,3.5,1.5
1783351102276,2026-07-06 17:18:22.276,C3:00:00:63:4C:D2,-60,127,3.0,3.5,1.5
1783351102297,2026-07-06 17:18:22.297,C3:00:00:63:4D:0D,-58,127,3.0,3.5,1.5
1783351102352,2026-07-06 17:18:22.352,C3:00:00:63:4D:07,-57,127,3.0,3.5,1.5
1783351102356,2026-07-06 17:18:22.356,C3:00:00:63:4D:04,-56,127,3.0,3.5,1.5
1783351102367,2026-07-06 17:18:22.367,C3:00:00:63:4D:07,-56,127,3.0,3.5,1.5
1783351102378,2026-07-06 17:18:22.378,C3:00:00:63:4D:09,-69,127,3.0,3.5,1.5
1783351102383,2026-07-06 17:18:22.383,C3:00:00:63:4D:08,-57,127,3.0,3.5,1.5
1783351102392,2026-07-06 17:18:22.392,C3:00:00:63:4D:05,-59,127,3.0,3.5,1.5
1783351102394,2026-07-06 17:18:22.394,C3:00:00:63:4C:D2,-61,127,3.0,3.5,1.5
1783351102397,2026-07-06 17:18:22.397,C3:00:00:63:4D:04,-55,127,3.0,3.5,1.5
1783351102402,2026-07-06 17:18:22.402,C3:00:00:63:4D:08,-64,127,3.0,3.5,1.5
1783351102407,2026-07-06 17:18:22.407,C3:00:00:63:4D:0D,-57,127,3.0,3.5,1.5
1783351102459,2026-07-06 17:18:22.459,C3:00:00:63:4D:07,-58,127,3.0,3.5,1.5
1783351102474,2026-07-06 17:18:22.474,C3:00:00:63:4D:0A,-62,127,3.0,3.5,1.5
1783351102494,2026-07-06 17:18:22.494,C3:00:00:63:4D:04,-56,127,3.0,3.5,1.5
1783351102499,2026-07-06 17:18:22.499,C3:00:00:63:4D:05,-58,127,3.0,3.5,1.5
1783351102502,2026-07-06 17:18:22.502,C3:00:00:63:4D:08,-65,127,3.0,3.5,1.5
1783351102505,2026-07-06 17:18:22.505,C3:00:00:63:4C:D2,-54,127,3.0,3.5,1.5
1783351102510,2026-07-06 17:18:22.510,C3:00:00:63:4D:09,-63,127,3.0,3.5,1.5
1783351102514,2026-07-06 17:18:22.514,C3:00:00:63:4C:D2,-54,127,3.0,3.5,1.5
1783351102519,2026-07-06 17:18:22.519,C3:00:00:63:4D:0D,-49,127,3.0,3.5,1.5
1783351102576,2026-07-06 17:18:22.576,C3:00:00:63:4D:0A,-61,127,3.0,3.5,1.5
1783351102583,2026-07-06 17:18:22.583,C3:00:00:63:4D:05,-54,127,3.0,3.5,1.5
1783351102595,2026-07-06 17:18:22.595,C3:00:00:63:4D:04,-60,127,3.0,3.5,1.5
1783351102600,2026-07-06 17:18:22.600,C3:00:00:63:4C:D2,-60,127,3.0,3.5,1.5
1783351102614,2026-07-06 17:18:22.614,C3:00:00:63:4D:09,-69,127,3.0,3.5,1.5
1783351102628,2026-07-06 17:18:22.628,C3:00:00:63:4D:0D,-57,127,3.0,3.5,1.5
1783351102653,2026-07-06 17:18:22.653,C3:00:00:63:4D:07,-56,127,3.0,3.5,1.5
1783351102678,2026-07-06 17:18:22.678,C3:00:00:63:4D:0A,-63,127,3.0,3.5,1.5
1783351102682,2026-07-06 17:18:22.682,C3:00:00:63:4D:05,-59,127,3.0,3.5,1.5
1783351102702,2026-07-06 17:18:22.702,C3:00:00:63:4D:04,-55,127,3.0,3.5,1.5
1783351102706,2026-07-06 17:18:22.706,C3:00:00:63:4C:D2,-61,127,3.0,3.5,1.5
1783351102725,2026-07-06 17:18:22.725,C3:00:00:63:4D:09,-62,127,3.0,3.5,1.5
1783351102734,2026-07-06 17:18:22.734,C3:00:00:63:4D:0D,-49,127,3.0,3.5,1.5
1783351102754,2026-07-06 17:18:22.754,C3:00:00:63:4D:07,-58,127,3.0,3.5,1.5
1783351102800,2026-07-06 17:18:22.800,C3:00:00:63:4D:04,-56,127,3.0,3.5,1.5
1783351102809,2026-07-06 17:18:22.809,C3:00:00:63:4C:D2,-54,127,3.0,3.5,1.5
1783351102841,2026-07-06 17:18:22.841,C3:00:00:63:4D:09,-69,127,3.0,3.5,1.5
1783351102890,2026-07-06 17:18:22.890,C3:00:00:63:4D:05,-54,127,3.0,3.5,1.5
1783351102895,2026-07-06 17:18:22.895,C3:00:00:63:4D:0A,-61,127,3.0,3.5,1.5
1783351102900,2026-07-06 17:18:22.900,C3:00:00:63:4D:04,-60,127,3.0,3.5,1.5
1783351102919,2026-07-06 17:18:22.919,C3:00:00:63:4C:D2,-60,127,3.0,3.5,1.5
1783351102953,2026-07-06 17:18:22.953,C3:00:00:63:4D:08,-56,127,3.0,3.5,1.5
1783351102955,2026-07-06 17:18:22.955,C3:00:00:63:4D:09,-62,127,3.0,3.5,1.5
1783351103005,2026-07-06 17:18:23.005,C3:00:00:63:4D:0A,-63,127,3.0,3.5,1.5
1783351103009,2026-07-06 17:18:23.009,C3:00:00:63:4D:04,-55,127,3.0,3.5,1.5
1783351103014,2026-07-06 17:18:23.014,C3:00:00:63:4D:0D,-57,127,3.0,3.5,1.5
1783351103026,2026-07-06 17:18:23.026,C3:00:00:63:4C:D2,-61,127,3.0,3.5,1.5
1783351103033,2026-07-06 17:18:23.033,C3:00:00:63:4D:0D,-57,127,3.0,3.5,1.5
1783351103052,2026-07-06 17:18:23.052,C3:00:00:63:4D:0D,-49,127,3.0,3.5,1.5
1783351103057,2026-07-06 17:18:23.057,C3:00:00:63:4D:08,-65,127,3.0,3.5,1.5
1783351103065,2026-07-06 17:18:23.065,C3:00:00:63:4D:09,-63,127,3.0,3.5,1.5
1783351103086,2026-07-06 17:18:23.086,C3:00:00:63:4D:05,-58,127,3.0,3.5,1.5
1783351103108,2026-07-06 17:18:23.108,C3:00:00:63:4D:04,-56,127,3.0,3.5,1.5
1783351103129,2026-07-06 17:18:23.129,C3:00:00:63:4C:D2,-54,127,3.0,3.5,1.5
1783351103152,2026-07-06 17:18:23.152,C3:00:00:63:4D:07,-54,127,3.0,3.5,1.5
1783351103163,2026-07-06 17:18:23.163,C3:00:00:63:4D:0D,-57,127,3.0,3.5,1.5
1783351103174,2026-07-06 17:18:23.174,C3:00:00:63:4D:08,-61,127,3.0,3.5,1.5
1783351103180,2026-07-06 17:18:23.180,C3:00:00:63:4D:09,-69,127,3.0,3.5,1.5
1783351103183,2026-07-06 17:18:23.183,C3:00:00:63:4D:05,-54,127,3.0,3.5,1.5
1783351103198,2026-07-06 17:18:23.198,C3:00:00:63:4D:0A,-61,127,3.0,3.5,1.5
1783351103202,2026-07-06 17:18:23.202,C3:00:00:63:4D:04,-60,127,3.0,3.5,1.5
1783351103236,2026-07-06 17:18:23.236,C3:00:00:63:4C:D2,-61,127,3.0,3.5,1.5
1783351103253,2026-07-06 17:18:23.253,C3:00:00:63:4D:07,-56,127,3.0,3.5,1.5
1783351103274,2026-07-06 17:18:23.274,C3:00:00:63:4D:0D,-57,127,3.0,3.5,1.5
1783351103290,2026-07-06 17:18:23.290,C3:00:00:63:4D:08,-57,127,3.0,3.5,1.5
1783351103298,2026-07-06 17:18:23.298,C3:00:00:63:4D:09,-62,127,3.0,3.5,1.5
1783351103334,2026-07-06 17:18:23.334,C3:00:00:63:4C:D2,-54,127,3.0,3.5,1.5
1783351103381,2026-07-06 17:18:23.381,C3:00:00:63:4D:0D,-49,127,3.0,3.5,1.5
1783351103388,2026-07-06 17:18:23.388,C3:00:00:63:4D:05,-58,127,3.0,3.5,1.5
1783351103406,2026-07-06 17:18:23.406,C3:00:00:63:4D:0D,-49,127,3.0,3.5,1.5
1783351103412,2026-07-06 17:18:23.412,C3:00:00:63:4D:08,-65,127,3.0,3.5,1.5
1783351103415,2026-07-06 17:18:23.415,C3:00:00:63:4D:09,-63,127,3.0,3.5,1.5
1783351103447,2026-07-06 17:18:23.447,C3:00:00:63:4C:D2,-60,127,3.0,3.5,1.5
1783351103450,2026-07-06 17:18:23.450,C3:00:00:63:4D:07,-54,127,3.0,3.5,1.5
1783351103463,2026-07-06 17:18:23.463,C3:00:00:63:4D:08,-60,127,3.0,3.5,1.5
1783351103487,2026-07-06 17:18:23.487,C3:00:00:63:4D:0D,-57,127,3.0,3.5,1.5
1783351103490,2026-07-06 17:18:23.490,C3:00:00:63:4D:05,-54,127,3.0,3.5,1.5
1783351103505,2026-07-06 17:18:23.505,C3:00:00:63:4D:07,-54,127,3.0,3.5,1.5
1783351103521,2026-07-06 17:18:23.521,C3:00:00:63:4D:04,-60,127,3.0,3.5,1.5
1783351103526,2026-07-06 17:18:23.526,C3:00:00:63:4D:08,-60,127,3.0,3.5,1.5
1783351103545,2026-07-06 17:18:23.545,C3:00:00:63:4C:D2,-61,127,3.0,3.5,1.5
1783351103556,2026-07-06 17:18:23.556,C3:00:00:63:4D:07,-56,127,3.0,3.5,1.5
1783351103601,2026-07-06 17:18:23.601,C3:00:00:63:4D:05,-59,127,3.0,3.5,1.5
1783351103605,2026-07-06 17:18:23.605,C3:00:00:63:4D:0D,-56,127,3.0,3.5,1.5
1783351103622,2026-07-06 17:18:23.622,C3:00:00:63:4D:04,-55,127,3.0,3.5,1.5
1783351103631,2026-07-06 17:18:23.631,C3:00:00:63:4D:0A,-62,127,3.0,3.5,1.5
1783351103638,2026-07-06 17:18:23.638,C3:00:00:63:4D:09,-63,127,3.0,3.5,1.5
1783351103640,2026-07-06 17:18:23.640,C3:00:00:63:4D:07,-58,127,3.0,3.5,1.5
1783351103658,2026-07-06 17:18:23.658,C3:00:00:63:4C:D2,-54,127,3.0,3.5,1.5
1783351103693,2026-07-06 17:18:23.693,C3:00:00:63:4D:05,-58,127,3.0,3.5,1.5
1783351103708,2026-07-06 17:18:23.708,C3:00:00:63:4D:0D,-49,127,3.0,3.5,1.5
1783351103727,2026-07-06 17:18:23.727,C3:00:00:63:4D:04,-56,127,3.0,3.5,1.5
1783351103736,2026-07-06 17:18:23.736,C3:00:00:63:4C:D2,-60,127,3.0,3.5,1.5
1783351103753,2026-07-06 17:18:23.753,C3:00:00:63:4D:08,-61,127,3.0,3.5,1.5
1783351103757,2026-07-06 17:18:23.757,C3:00:00:63:4D:04,-60,127,3.0,3.5,1.5
1783351103764,2026-07-06 17:18:23.764,C3:00:00:63:4D:09,-69,127,3.0,3.5,1.5
1783351103767,2026-07-06 17:18:23.767,C3:00:00:63:4C:D2,-60,127,3.0,3.5,1.5
1783351103802,2026-07-06 17:18:23.802,C3:00:00:63:4D:05,-54,127,3.0,3.5,1.5
1783351103812,2026-07-06 17:18:23.812,C3:00:00:63:4D:0D,-57,127,3.0,3.5,1.5
1783351103826,2026-07-06 17:18:23.826,C3:00:00:63:4D:04,-60,127,3.0,3.5,1.5
1783351103838,2026-07-06 17:18:23.838,C3:00:00:63:4D:0A,-63,127,3.0,3.5,1.5
1783351103850,2026-07-06 17:18:23.850,C3:00:00:63:4D:07,-56,127,3.0,3.5,1.5
1783351103865,2026-07-06 17:18:23.865,C3:00:00:63:4D:09,-62,127,3.0,3.5,1.5
1783351103898,2026-07-06 17:18:23.898,C3:00:00:63:4D:05,-59,127,3.0,3.5,1.5
1783351103922,2026-07-06 17:18:23.922,C3:00:00:63:4D:05,-59,127,3.0,3.5,1.5
1783351103926,2026-07-06 17:18:23.926,C3:00:00:63:4D:0D,-57,127,3.0,3.5,1.5
1783351103954,2026-07-06 17:18:23.954,C3:00:00:63:4D:07,-58,127,3.0,3.5,1.5
1783351103975,2026-07-06 17:18:23.975,C3:00:00:63:4C:D2,-54,127,3.0,3.5,1.5
1783351103981,2026-07-06 17:18:23.981,C3:00:00:63:4D:09,-63,127,3.0,3.5,1.5
1783351103996,2026-07-06 17:18:23.996,C3:00:00:63:4D:08,-66,127,3.0,3.5,1.5
1783351103997,2026-07-06 17:18:23.997,C3:00:00:63:4D:0A,-62,127,3.0,3.5,1.5
1783351103999,2026-07-06 17:18:23.999,C3:00:00:63:4D:05,-58,127,3.0,3.5,1.5
1783351104006,2026-07-06 17:18:24.006,C3:00:00:63:4D:09,-63,127,3.0,3.5,1.5
1783351104022,2026-07-06 17:18:24.022,C3:00:00:63:4D:05,-58,127,3.0,3.5,1.5
1783351104047,2026-07-06 17:18:24.047,C3:00:00:63:4D:0A,-61,127,3.0,3.5,1.5
1783351104054,2026-07-06 17:18:24.054,C3:00:00:63:4D:07,-54,127,3.0,3.5,1.5
1783351104081,2026-07-06 17:18:24.081,C3:00:00:63:4C:D2,-60,127,3.0,3.5,1.5
1783351104100,2026-07-06 17:18:24.100,C3:00:00:63:4D:08,-60,127,3.0,3.5,1.5
1783351104104,2026-07-06 17:18:24.104,C3:00:00:63:4D:09,-69,127,3.0,3.5,1.5
1783351104107,2026-07-06 17:18:24.107,C3:00:00:63:4D:05,-54,127,3.0,3.5,1.5
1783351104127,2026-07-06 17:18:24.127,C3:00:00:63:4D:08,-60,127,3.0,3.5,1.5
1783351104137,2026-07-06 17:18:24.137,C3:00:00:63:4D:04,-55,127,3.0,3.5,1.5
1783351104141,2026-07-06 17:18:24.141,C3:00:00:63:4D:0D,-57,127,3.0,3.5,1.5
1783351104145,2026-07-06 17:18:24.145,C3:00:00:63:4D:0A,-63,127,3.0,3.5,1.5
1783351104152,2026-07-06 17:18:24.152,C3:00:00:63:4D:07,-57,127,3.0,3.5,1.5
1783351104187,2026-07-06 17:18:24.187,C3:00:00:63:4C:D2,-61,127,3.0,3.5,1.5
1783351104206,2026-07-06 17:18:24.206,C3:00:00:63:4D:05,-59,127,3.0,3.5,1.5
1783351104211,2026-07-06 17:18:24.211,C3:00:00:63:4D:09,-62,127,3.0,3.5,1.5
1783351104222,2026-07-06 17:18:24.222,C3:00:00:63:4D:08,-57,127,3.0,3.5,1.5
1783351104239,2026-07-06 17:18:24.239,C3:00:00:63:4D:04,-56,127,3.0,3.5,1.5
1783351104272,2026-07-06 17:18:24.272,C3:00:00:63:4D:04,-56,127,3.0,3.5,1.5
1783351104296,2026-07-06 17:18:24.296,C3:00:00:63:4C:D2,-54,127,3.0,3.5,1.5
1783351104325,2026-07-06 17:18:24.325,C3:00:00:63:4D:09,-61,127,3.0,3.5,1.5
1783351104340,2026-07-06 17:18:24.340,C3:00:00:63:4D:04,-59,127,3.0,3.5,1.5
1783351104353,2026-07-06 17:18:24.353,C3:00:00:63:4D:04,-59,127,3.0,3.5,1.5
1783351104371,2026-07-06 17:18:24.371,C3:00:00:63:4D:07,-55,127,3.0,3.5,1.5
1783351104398,2026-07-06 17:18:24.398,C3:00:00:63:4C:D2,-60,127,3.0,3.5,1.5
1783351104403,2026-07-06 17:18:24.403,C3:00:00:63:4D:05,-54,127,3.0,3.5,1.5
1783351104435,2026-07-06 17:18:24.435,C3:00:00:63:4D:09,-61,127,3.0,3.5,1.5
1783351104442,2026-07-06 17:18:24.442,C3:00:00:63:4D:08,-56,127,3.0,3.5,1.5
1783351104454,2026-07-06 17:18:24.454,C3:00:00:63:4D:07,-57,127,3.0,3.5,1.5
1783351104462,2026-07-06 17:18:24.462,C3:00:00:63:4D:0D,-58,127,3.0,3.5,1.5
1783351104526,2026-07-06 17:18:24.526,C3:00:00:63:4C:D2,-60,127,3.0,3.5,1.5
1783351104550,2026-07-06 17:18:24.550,C3:00:00:63:4D:04,-56,127,3.0,3.5,1.5
1783351104555,2026-07-06 17:18:24.555,C3:00:00:63:4D:09,-63,127,3.0,3.5,1.5
1783351104556,2026-07-06 17:18:24.556,C3:00:00:63:4D:07,-58,127,3.0,3.5,1.5
1783351104560,2026-07-06 17:18:24.560,C3:00:00:63:4D:08,-69,127,3.0,3.5,1.5
1783351104569,2026-07-06 17:18:24.569,C3:00:00:63:4D:0A,-65,127,3.0,3.5,1.5
1783351104573,2026-07-06 17:18:24.573,C3:00:00:63:4D:0D,-49,127,3.0,3.5,1.5
1783351104608,2026-07-06 17:18:24.608,C3:00:00:63:4D:05,-55,127,3.0,3.5,1.5
1783351104611,2026-07-06 17:18:24.611,C3:00:00:63:4C:D2,-53,127,3.0,3.5,1.5
1783351104627,2026-07-06 17:18:24.627,C3:00:00:63:4D:07,-66,127,3.0,3.5,1.5
1783351104654,2026-07-06 17:18:24.654,C3:00:00:63:4D:07,-55,127,3.0,3.5,1.5
1783351104658,2026-07-06 17:18:24.658,C3:00:00:63:4D:04,-59,127,3.0,3.5,1.5
1783351104674,2026-07-06 17:18:24.674,C3:00:00:63:4D:0D,-57,127,3.0,3.5,1.5
1783351104678,2026-07-06 17:18:24.678,C3:00:00:63:4D:0A,-61,127,3.0,3.5,1.5
1783351104699,2026-07-06 17:18:24.699,C3:00:00:63:4D:05,-54,127,3.0,3.5,1.5
1783351104714,2026-07-06 17:18:24.714,C3:00:00:63:4C:D2,-60,127,3.0,3.5,1.5
1783351104748,2026-07-06 17:18:24.748,C3:00:00:63:4D:07,-57,127,3.0,3.5,1.5
1783351104764,2026-07-06 17:18:24.764,C3:00:00:63:4D:04,-55,127,3.0,3.5,1.5
1783351104779,2026-07-06 17:18:24.779,C3:00:00:63:4D:09,-61,127,3.0,3.5,1.5
1783351104786,2026-07-06 17:18:24.786,C3:00:00:63:4D:0D,-58,127,3.0,3.5,1.5
1783351104814,2026-07-06 17:18:24.814,C3:00:00:63:4D:05,-58,127,3.0,3.5,1.5
1783351104855,2026-07-06 17:18:24.855,C3:00:00:63:4D:07,-58,127,3.0,3.5,1.5
1783351104883,2026-07-06 17:18:24.883,C3:00:00:63:4D:0A,-62,127,3.0,3.5,1.5
1783351104889,2026-07-06 17:18:24.889,C3:00:00:63:4D:09,-62,127,3.0,3.5,1.5
1783351104899,2026-07-06 17:18:24.899,C3:00:00:63:4D:0D,-49,127,3.0,3.5,1.5
1783351104910,2026-07-06 17:18:24.910,C3:00:00:63:4D:08,-69,127,3.0,3.5,1.5
1783351104914,2026-07-06 17:18:24.914,C3:00:00:63:4D:05,-55,127,3.0,3.5,1.5
1783351104969,2026-07-06 17:18:24.969,C3:00:00:63:4D:04,-59,127,3.0,3.5,1.5
1783351104972,2026-07-06 17:18:24.972,C3:00:00:63:4D:05,-54,127,3.0,3.5,1.5
1783351104993,2026-07-06 17:18:24.993,C3:00:00:63:4D:0A,-61,127,3.0,3.5,1.5
1783351105001,2026-07-06 17:18:25.001,C3:00:00:63:4D:09,-69,127,3.0,3.5,1.5
1783351105004,2026-07-06 17:18:25.004,C3:00:00:63:4D:0D,-57,127,3.0,3.5,1.5
1783351105021,2026-07-06 17:18:25.021,C3:00:00:63:4D:08,-61,127,3.0,3.5,1.5
1783351105029,2026-07-06 17:18:25.029,C3:00:00:63:4C:D2,-60,127,3.0,3.5,1.5
1783351105035,2026-07-06 17:18:25.035,C3:00:00:63:4D:0D,-58,127,3.0,3.5,1.5
1783351105058,2026-07-06 17:18:25.058,C3:00:00:63:4D:07,-57,127,3.0,3.5,1.5
1783351105073,2026-07-06 17:18:25.073,C3:00:00:63:4D:04,-55,127,3.0,3.5,1.5
1783351105109,2026-07-06 17:18:25.109,C3:00:00:63:4D:09,-61,127,3.0,3.5,1.5
1783351105115,2026-07-06 17:18:25.115,C3:00:00:63:4D:05,-58,127,3.0,3.5,1.5
1783351105129,2026-07-06 17:18:25.129,C3:00:00:63:4D:08,-56,127,3.0,3.5,1.5
1783351105132,2026-07-06 17:18:25.132,C3:00:00:63:4D:09,-61,127,3.0,3.5,1.5
1783351105139,2026-07-06 17:18:25.139,C3:00:00:63:4C:D2,-53,127,3.0,3.5,1.5
1783351105148,2026-07-06 17:18:25.148,C3:00:00:63:4D:07,-58,127,3.0,3.5,1.5
1783351105206,2026-07-06 17:18:25.206,C3:00:00:63:4D:0A,-62,127,3.0,3.5,1.5
1783351105210,2026-07-06 17:18:25.210,C3:00:00:63:4D:05,-58,127,3.0,3.5,1.5
1783351105220,2026-07-06 17:18:25.220,C3:00:00:63:4D:0D,-49,127,3.0,3.5,1.5
1783351105237,2026-07-06 17:18:25.237,C3:00:00:63:4D:09,-68,127,3.0,3.5,1.5
1783351105243,2026-07-06 17:18:25.243,C3:00:00:63:4C:D2,-60,127,3.0,3.5,1.5
1783351105244,2026-07-06 17:18:25.244,C3:00:00:63:4D:08,-61,127,3.0,3.5,1.5
1783351105247,2026-07-06 17:18:25.247,C3:00:00:63:4D:07,-54,127,3.0,3.5,1.5
1783351105269,2026-07-06 17:18:25.269,C3:00:00:63:4D:04,-60,127,3.0,3.5,1.5
1783351105310,2026-07-06 17:18:25.310,C3:00:00:63:4D:0A,-61,127,3.0,3.5,1.5
1783351105316,2026-07-06 17:18:25.316,C3:00:00:63:4D:05,-54,127,3.0,3.5,1.5
1783351105331,2026-07-06 17:18:25.331,C3:00:00:63:4D:0D,-57,127,3.0,3.5,1.5
1783351105351,2026-07-06 17:18:25.351,C3:00:00:63:4C:D2,-61,127,3.0,3.5,1.5
1783351105357,2026-07-06 17:18:25.357,C3:00:00:63:4D:07,-56,127,3.0,3.5,1.5
1783351105361,2026-07-06 17:18:25.361,C3:00:00:63:4D:08,-57,127,3.0,3.5,1.5
1783351105370,2026-07-06 17:18:25.370,C3:00:00:63:4D:04,-55,127,3.0,3.5,1.5
1783351105413,2026-07-06 17:18:25.413,C3:00:00:63:4D:0A,-63,127,3.0,3.5,1.5
1783351105418,2026-07-06 17:18:25.418,C3:00:00:63:4D:05,-59,127,3.0,3.5,1.5
1783351105436,2026-07-06 17:18:25.436,C3:00:00:63:4D:05,-65,127,3.0,3.5,1.5
1783351105445,2026-07-06 17:18:25.445,C3:00:00:63:4D:0D,-49,127,3.0,3.5,1.5
1783351105457,2026-07-06 17:18:25.457,C3:00:00:63:4D:07,-58,127,3.0,3.5,1.5
1783351105461,2026-07-06 17:18:25.461,C3:00:00:63:4C:D2,-54,127,3.0,3.5,1.5
1783351105463,2026-07-06 17:18:25.463,C3:00:00:63:4D:09,-63,127,3.0,3.5,1.5
1783351105469,2026-07-06 17:18:25.469,C3:00:00:63:4D:08,-66,127,3.0,3.5,1.5
1783351105478,2026-07-06 17:18:25.478,C3:00:00:63:4D:04,-56,127,3.0,3.5,1.5
1783351105491,2026-07-06 17:18:25.491,C3:00:00:63:4D:08,-66,127,3.0,3.5,1.5
1783351105512,2026-07-06 17:18:25.512,C3:00:00:63:4C:D2,-54,127,3.0,3.5,1.5
1783351105518,2026-07-06 17:18:25.518,C3:00:00:63:4D:05,-58,127,3.0,3.5,1.5
1783351105555,2026-07-06 17:18:25.555,C3:00:00:63:4D:07,-54,127,3.0,3.5,1.5
1783351105561,2026-07-06 17:18:25.561,C3:00:00:63:4C:D2,-60,127,3.0,3.5,1.5
1783351105567,2026-07-06 17:18:25.567,C3:00:00:63:4D:0D,-57,127,3.0,3.5,1.5
1783351105572,2026-07-06 17:18:25.572,C3:00:00:63:4D:0A,-69,127,3.0,3.5,1.5
1783351105581,2026-07-06 17:18:25.581,C3:00:00:63:4D:04,-60,127,3.0,3.5,1.5
1783351105590,2026-07-06 17:18:25.590,C3:00:00:63:4D:08,-61,127,3.0,3.5,1.5
1783351105613,2026-07-06 17:18:25.613,C3:00:00:63:4D:0A,-61,127,3.0,3.5,1.5
1783351105643,2026-07-06 17:18:25.643,C3:00:00:63:4D:07,-57,127,3.0,3.5,1.5
1783351105648,2026-07-06 17:18:25.648,C3:00:00:63:4D:0D,-58,127,3.0,3.5,1.5
1783351105671,2026-07-06 17:18:25.671,C3:00:00:63:4D:07,-57,127,3.0,3.5,1.5
1783351105679,2026-07-06 17:18:25.679,C3:00:00:63:4C:D2,-60,127,3.0,3.5,1.5
1783351105683,2026-07-06 17:18:25.683,C3:00:00:63:4D:04,-55,127,3.0,3.5,1.5
1783351105687,2026-07-06 17:18:25.687,C3:00:00:63:4D:09,-61,127,3.0,3.5,1.5
1783351105718,2026-07-06 17:18:25.718,C3:00:00:63:4D:05,-58,127,3.0,3.5,1.5
1783351105737,2026-07-06 17:18:25.737,C3:00:00:63:4D:0A,-65,127,3.0,3.5,1.5
1783351105741,2026-07-06 17:18:25.741,C3:00:00:63:4C:D2,-52,127,3.0,3.5,1.5
1783351105757,2026-07-06 17:18:25.757,C3:00:00:63:4D:07,-58,127,3.0,3.5,1.5
1783351105762,2026-07-06 17:18:25.762,C3:00:00:63:4D:0D,-49,127,3.0,3.5,1.5
1783351105781,2026-07-06 17:18:25.781,C3:00:00:63:4C:D2,-53,127,3.0,3.5,1.5
1783351105785,2026-07-06 17:18:25.785,C3:00:00:63:4D:04,-56,127,3.0,3.5,1.5
1783351105807,2026-07-06 17:18:25.807,C3:00:00:63:4D:09,-62,127,3.0,3.5,1.5
1783351105818,2026-07-06 17:18:25.818,C3:00:00:63:4D:05,-58,127,3.0,3.5,1.5
1783351105820,2026-07-06 17:18:25.820,C3:00:00:63:4D:08,-66,127,3.0,3.5,1.5
1783351105830,2026-07-06 17:18:25.830,C3:00:00:63:4D:0A,-61,127,3.0,3.5,1.5
1783351105847,2026-07-06 17:18:25.847,C3:00:00:63:4D:07,-55,127,3.0,3.5,1.5
1783351105862,2026-07-06 17:18:25.862,C3:00:00:63:4D:0D,-57,127,3.0,3.5,1.5
1783351105876,2026-07-06 17:18:25.876,C3:00:00:63:4C:D2,-60,127,3.0,3.5,1.5
1783351105881,2026-07-06 17:18:25.881,C3:00:00:63:4D:04,-59,127,3.0,3.5,1.5
1783351105911,2026-07-06 17:18:25.911,C3:00:00:63:4D:05,-54,127,3.0,3.5,1.5
1783351105928,2026-07-06 17:18:25.928,C3:00:00:63:4D:09,-69,127,3.0,3.5,1.5
1783351105931,2026-07-06 17:18:25.931,C3:00:00:63:4D:05,-58,127,3.0,3.5,1.5
1783351105934,2026-07-06 17:18:25.934,C3:00:00:63:4D:0A,-64,127,3.0,3.5,1.5
1783351105937,2026-07-06 17:18:25.937,C3:00:00:63:4D:08,-56,127,3.0,3.5,1.5
1783351105947,2026-07-06 17:18:25.947,C3:00:00:63:4D:0A,-63,127,3.0,3.5,1.5
1783351105958,2026-07-06 17:18:25.958,C3:00:00:63:4D:07,-57,127,3.0,3.5,1.5
1783351105968,2026-07-06 17:18:25.968,C3:00:00:63:4C:D2,-68,127,3.0,3.5,1.5
1783351105971,2026-07-06 17:18:25.971,C3:00:00:63:4D:0D,-58,127,3.0,3.5,1.5
1783351105977,2026-07-06 17:18:25.977,C3:00:00:63:4D:08,-56,127,3.0,3.5,1.5
1783351105979,2026-07-06 17:18:25.979,C3:00:00:63:4D:09,-61,127,3.0,3.5,1.5
1783351105993,2026-07-06 17:18:25.993,C3:00:00:63:4D:04,-55,127,3.0,3.5,1.5
1783351105996,2026-07-06 17:18:25.996,C3:00:00:63:4D:0A,-64,127,3.0,3.5,1.5
1783351106020,2026-07-06 17:18:26.020,C3:00:00:63:4D:05,-58,127,3.0,3.5,1.5
1783351106038,2026-07-06 17:18:26.038,C3:00:00:63:4D:09,-62,127,3.0,3.5,1.5
1783351106043,2026-07-06 17:18:26.043,C3:00:00:63:4D:05,-55,127,3.0,3.5,1.5
1783351106052,2026-07-06 17:18:26.052,C3:00:00:63:4D:0A,-65,127,3.0,3.5,1.5
1783351106055,2026-07-06 17:18:26.055,C3:00:00:63:4D:08,-68,127,3.0,3.5,1.5
1783351106061,2026-07-06 17:18:26.061,C3:00:00:63:4D:07,-58,127,3.0,3.5,1.5
1783351106078,2026-07-06 17:18:26.078,C3:00:00:63:4D:0D,-49,127,3.0,3.5,1.5
1783351106095,2026-07-06 17:18:26.095,C3:00:00:63:4C:D2,-53,127,3.0,3.5,1.5
1783351106152,2026-07-06 17:18:26.152,C3:00:00:63:4D:0A,-61,127,3.0,3.5,1.5
1783351106158,2026-07-06 17:18:26.158,C3:00:00:63:4D:07,-54,127,3.0,3.5,1.5
1783351106169,2026-07-06 17:18:26.169,C3:00:00:63:4D:08,-61,127,3.0,3.5,1.5
1783351106188,2026-07-06 17:18:26.188,C3:00:00:63:4D:0D,-57,127,3.0,3.5,1.5
1783351106194,2026-07-06 17:18:26.194,C3:00:00:63:4C:D2,-60,127,3.0,3.5,1.5
1783351106218,2026-07-06 17:18:26.218,C3:00:00:63:4D:05,-54,127,3.0,3.5,1.5
1783351106254,2026-07-06 17:18:26.254,C3:00:00:63:4D:07,-56,127,3.0,3.5,1.5
1783351106258,2026-07-06 17:18:26.258,C3:00:00:63:4D:09,-62,127,3.0,3.5,1.5
1783351106276,2026-07-06 17:18:26.276,C3:00:00:63:4D:04,-56,127,3.0,3.5,1.5
1783351106283,2026-07-06 17:18:26.283,C3:00:00:63:4D:08,-56,127,3.0,3.5,1.5
1783351106295,2026-07-06 17:18:26.295,C3:00:00:63:4D:04,-55,127,3.0,3.5,1.5
1783351106301,2026-07-06 17:18:26.301,C3:00:00:63:4D:0D,-57,127,3.0,3.5,1.5
1783351106312,2026-07-06 17:18:26.312,C3:00:00:63:4C:D2,-61,127,3.0,3.5,1.5
1783351106327,2026-07-06 17:18:26.327,C3:00:00:63:4D:05,-59,127,3.0,3.5,1.5
1783351106360,2026-07-06 17:18:26.360,C3:00:00:63:4D:0A,-62,127,3.0,3.5,1.5
1783351106381,2026-07-06 17:18:26.381,C3:00:00:63:4D:07,-58,127,3.0,3.5,1.5
1783351106396,2026-07-06 17:18:26.396,C3:00:00:63:4D:08,-73,127,3.0,3.5,1.5
1783351106399,2026-07-06 17:18:26.399,C3:00:00:63:4D:09,-71,127,3.0,3.5,1.5
1783351106408,2026-07-06 17:18:26.408,C3:00:00:63:4D:04,-56,127,3.0,3.5,1.5
1783351106410,2026-07-06 17:18:26.410,C3:00:00:63:4C:D2,-54,127,3.0,3.5,1.5
1783351106454,2026-07-06 17:18:26.454,C3:00:00:63:4D:07,-54,127,3.0,3.5,1.5
1783351106461,2026-07-06 17:18:26.461,C3:00:00:63:4D:0A,-61,127,3.0,3.5,1.5
1783351106509,2026-07-06 17:18:26.509,C3:00:00:63:4D:04,-60,127,3.0,3.5,1.5
1783351106520,2026-07-06 17:18:26.520,C3:00:00:63:4C:D2,-60,127,3.0,3.5,1.5
1783351106532,2026-07-06 17:18:26.532,C3:00:00:63:4D:05,-54,127,3.0,3.5,1.5
1783351106543,2026-07-06 17:18:26.543,C3:00:00:63:4C:D2,-61,127,3.0,3.5,1.5
1783351106552,2026-07-06 17:18:26.552,C3:00:00:63:4D:07,-56,127,3.0,3.5,1.5
1783351106564,2026-07-06 17:18:26.564,C3:00:00:63:4D:0A,-63,127,3.0,3.5,1.5
1783351106618,2026-07-06 17:18:26.618,C3:00:00:63:4D:0D,-56,127,3.0,3.5,1.5
1783351106621,2026-07-06 17:18:26.621,C3:00:00:63:4D:05,-59,127,3.0,3.5,1.5
1783351106626,2026-07-06 17:18:26.626,C3:00:00:63:4C:D2,-61,127,3.0,3.5,1.5
1783351106629,2026-07-06 17:18:26.629,C3:00:00:63:4D:08,-56,127,3.0,3.5,1.5
1783351106648,2026-07-06 17:18:26.648,C3:00:00:63:4D:07,-58,127,3.0,3.5,1.5
1783351106675,2026-07-06 17:18:26.675,C3:00:00:63:4D:0A,-65,127,3.0,3.5,1.5
1783351106713,2026-07-06 17:18:26.713,C3:00:00:63:4D:04,-56,127,3.0,3.5,1.5
1783351106731,2026-07-06 17:18:26.731,C3:00:00:63:4D:05,-55,127,3.0,3.5,1.5
1783351106736,2026-07-06 17:18:26.736,C3:00:00:63:4C:D2,-60,127,3.0,3.5,1.5
1783351106740,2026-07-06 17:18:26.740,C3:00:00:63:4D:08,-61,127,3.0,3.5,1.5
1783351106839,2026-07-06 17:18:26.839,C3:00:00:63:4D:09,-62,127,3.0,3.5,1.5
1783351106844,2026-07-06 17:18:26.844,C3:00:00:63:4C:D2,-61,127,3.0,3.5,1.5
1783351106848,2026-07-06 17:18:26.848,C3:00:00:63:4D:0D,-57,127,3.0,3.5,1.5
1783351106851,2026-07-06 17:18:26.851,C3:00:00:63:4D:07,-56,127,3.0,3.5,1.5
1783351106857,2026-07-06 17:18:26.857,C3:00:00:63:4D:08,-57,127,3.0,3.5,1.5
1783351106875,2026-07-06 17:18:26.875,C3:00:00:63:4D:0A,-63,127,3.0,3.5,1.5
1783351106920,2026-07-06 17:18:26.920,C3:00:00:63:4D:04,-55,127,3.0,3.5,1.5
1783351106929,2026-07-06 17:18:26.929,C3:00:00:63:4D:05,-58,127,3.0,3.5,1.5
1783351106948,2026-07-06 17:18:26.948,C3:00:00:63:4C:D2,-54,127,3.0,3.5,1.5
1783351106953,2026-07-06 17:18:26.953,C3:00:00:63:4D:09,-63,127,3.0,3.5,1.5
1783351106958,2026-07-06 17:18:26.958,C3:00:00:63:4D:0D,-49,127,3.0,3.5,1.5
1783351106961,2026-07-06 17:18:26.961,C3:00:00:63:4D:07,-58,127,3.0,3.5,1.5
1783351106969,2026-07-06 17:18:26.969,C3:00:00:63:4D:08,-65,127,3.0,3.5,1.5
1783351107021,2026-07-06 17:18:27.021,C3:00:00:63:4D:0D,-49,127,3.0,3.5,1.5
1783351107026,2026-07-06 17:18:27.026,C3:00:00:63:4D:04,-56,127,3.0,3.5,1.5
1783351107039,2026-07-06 17:18:27.039,C3:00:00:63:4D:05,-58,127,3.0,3.5,1.5
1783351107043,2026-07-06 17:18:27.043,C3:00:00:63:4D:0D,-65,127,3.0,3.5,1.5
1783351107046,2026-07-06 17:18:27.046,C3:00:00:63:4C:D2,-60,127,3.0,3.5,1.5
1783351107053,2026-07-06 17:18:27.053,C3:00:00:63:4D:07,-54,127,3.0,3.5,1.5
1783351107055,2026-07-06 17:18:27.055,C3:00:00:63:4D:09,-69,127,3.0,3.5,1.5
1783351107088,2026-07-06 17:18:27.088,C3:00:00:63:4D:0A,-61,127,3.0,3.5,1.5
1783351107091,2026-07-06 17:18:27.091,C3:00:00:63:4D:08,-61,127,3.0,3.5,1.5
1783351107134,2026-07-06 17:18:27.134,C3:00:00:63:4D:05,-60,127,3.0,3.5,1.5
1783351107158,2026-07-06 17:18:27.158,C3:00:00:63:4D:07,-56,127,3.0,3.5,1.5
1783351107168,2026-07-06 17:18:27.168,C3:00:00:63:4D:09,-62,127,3.0,3.5,1.5
1783351107190,2026-07-06 17:18:27.190,C3:00:00:63:4D:0A,-63,127,3.0,3.5,1.5
1783351107194,2026-07-06 17:18:27.194,C3:00:00:63:4D:08,-57,127,3.0,3.5,1.5
1783351107226,2026-07-06 17:18:27.226,C3:00:00:63:4D:04,-55,127,3.0,3.5,1.5
1783351107234,2026-07-06 17:18:27.234,C3:00:00:63:4D:05,-58,127,3.0,3.5,1.5
1783351107255,2026-07-06 17:18:27.255,C3:00:00:63:4D:07,-58,127,3.0,3.5,1.5
1783351107257,2026-07-06 17:18:27.257,C3:00:00:63:4C:D2,-53,127,3.0,3.5,1.5
1783351107276,2026-07-06 17:18:27.276,C3:00:00:63:4D:0D,-49,127,3.0,3.5,1.5
1783351107281,2026-07-06 17:18:27.281,C3:00:00:63:4D:09,-62,127,3.0,3.5,1.5
1783351107303,2026-07-06 17:18:27.303,C3:00:00:63:4D:0A,-65,127,3.0,3.5,1.5
1783351107336,2026-07-06 17:18:27.336,C3:00:00:63:4D:05,-54,127,3.0,3.5,1.5
1783351107354,2026-07-06 17:18:27.354,C3:00:00:63:4D:07,-55,127,3.0,3.5,1.5
1783351107376,2026-07-06 17:18:27.376,C3:00:00:63:4D:0D,-57,127,3.0,3.5,1.5
1783351107399,2026-07-06 17:18:27.399,C3:00:00:63:4D:0A,-61,127,3.0,3.5,1.5
1783351107429,2026-07-06 17:18:27.429,C3:00:00:63:4D:08,-57,127,3.0,3.5,1.5
1783351107437,2026-07-06 17:18:27.437,C3:00:00:63:4D:04,-55,127,3.0,3.5,1.5
1783351107455,2026-07-06 17:18:27.455,C3:00:00:63:4D:07,-56,127,3.0,3.5,1.5
1783351107470,2026-07-06 17:18:27.470,C3:00:00:63:4D:08,-57,127,3.0,3.5,1.5
1783351107476,2026-07-06 17:18:27.476,C3:00:00:63:4C:D2,-61,127,3.0,3.5,1.5
1783351107484,2026-07-06 17:18:27.484,C3:00:00:63:4D:0D,-56,127,3.0,3.5,1.5
1783351107509,2026-07-06 17:18:27.509,C3:00:00:63:4D:07,-56,127,3.0,3.5,1.5
1783351107512,2026-07-06 17:18:27.512,C3:00:00:63:4D:0A,-63,127,3.0,3.5,1.5
1783351107518,2026-07-06 17:18:27.518,C3:00:00:63:4D:09,-62,127,3.0,3.5,1.5
1783351107535,2026-07-06 17:18:27.535,C3:00:00:63:4D:05,-58,127,3.0,3.5,1.5
1783351107538,2026-07-06 17:18:27.538,C3:00:00:63:4D:04,-56,127,3.0,3.5,1.5
1783351107549,2026-07-06 17:18:27.549,C3:00:00:63:4D:08,-65,127,3.0,3.5,1.5
1783351107560,2026-07-06 17:18:27.560,C3:00:00:63:4D:07,-58,127,3.0,3.5,1.5
1783351107563,2026-07-06 17:18:27.563,C3:00:00:63:4D:0D,-49,127,3.0,3.5,1.5
1783351107580,2026-07-06 17:18:27.580,C3:00:00:63:4C:D2,-54,127,3.0,3.5,1.5
1783351107601,2026-07-06 17:18:27.601,C3:00:00:63:4D:0D,-49,127,3.0,3.5,1.5
1783351107621,2026-07-06 17:18:27.621,C3:00:00:63:4D:0A,-62,127,3.0,3.5,1.5
1783351107637,2026-07-06 17:18:27.637,C3:00:00:63:4D:09,-69,127,3.0,3.5,1.5
1783351107641,2026-07-06 17:18:27.641,C3:00:00:63:4D:05,-54,127,3.0,3.5,1.5
1783351107642,2026-07-06 17:18:27.642,C3:00:00:63:4D:04,-60,127,3.0,3.5,1.5
1783351107651,2026-07-06 17:18:27.651,C3:00:00:63:4D:07,-54,127,3.0,3.5,1.5
1783351107662,2026-07-06 17:18:27.662,C3:00:00:63:4D:08,-61,127,3.0,3.5,1.5
1783351107666,2026-07-06 17:18:27.666,C3:00:00:63:4D:07,-54,127,3.0,3.5,1.5
1783351107683,2026-07-06 17:18:27.683,C3:00:00:63:4C:D2,-60,127,3.0,3.5,1.5
1783351107702,2026-07-06 17:18:27.702,C3:00:00:63:4D:0D,-57,127,3.0,3.5,1.5
1783351107721,2026-07-06 17:18:27.721,C3:00:00:63:4D:0A,-61,127,3.0,3.5,1.5
1783351107741,2026-07-06 17:18:27.741,C3:00:00:63:4D:05,-59,127,3.0,3.5,1.5
1783351107745,2026-07-06 17:18:27.745,C3:00:00:63:4D:04,-55,127,3.0,3.5,1.5
1783351107749,2026-07-06 17:18:27.749,C3:00:00:63:4D:09,-62,127,3.0,3.5,1.5
1783351107775,2026-07-06 17:18:27.775,C3:00:00:63:4D:08,-57,127,3.0,3.5,1.5
1783351107797,2026-07-06 17:18:27.797,C3:00:00:63:4C:D2,-61,127,3.0,3.5,1.5
1783351107812,2026-07-06 17:18:27.812,C3:00:00:63:4D:0D,-56,127,3.0,3.5,1.5
1783351107819,2026-07-06 17:18:27.819,C3:00:00:63:4D:0A,-63,127,3.0,3.5,1.5
1783351107834,2026-07-06 17:18:27.834,C3:00:00:63:4D:05,-58,127,3.0,3.5,1.5
1783351107844,2026-07-06 17:18:27.844,C3:00:00:63:4D:04,-56,127,3.0,3.5,1.5
1783351107851,2026-07-06 17:18:27.851,C3:00:00:63:4D:07,-58,127,3.0,3.5,1.5
1783351107899,2026-07-06 17:18:27.899,C3:00:00:63:4C:D2,-54,127,3.0,3.5,1.5
1783351107922,2026-07-06 17:18:27.922,C3:00:00:63:4D:0D,-49,127,3.0,3.5,1.5
1783351107927,2026-07-06 17:18:27.927,C3:00:00:63:4D:05,-58,127,3.0,3.5,1.5
1783351107948,2026-07-06 17:18:27.948,C3:00:00:63:4D:05,-54,127,3.0,3.5,1.5
1783351107953,2026-07-06 17:18:27.953,C3:00:00:63:4D:04,-60,127,3.0,3.5,1.5
1783351107960,2026-07-06 17:18:27.960,C3:00:00:63:4D:07,-54,127,3.0,3.5,1.5
1783351107971,2026-07-06 17:18:27.971,C3:00:00:63:4D:09,-68,127,3.0,3.5,1.5
1783351107976,2026-07-06 17:18:27.976,C3:00:00:63:4D:08,-61,127,3.0,3.5,1.5
1783351107984,2026-07-06 17:18:27.984,C3:00:00:63:4D:09,-68,127,3.0,3.5,1.5
1783351108001,2026-07-06 17:18:28.001,C3:00:00:63:4C:D2,-60,127,3.0,3.5,1.5
1783351108010,2026-07-06 17:18:28.010,C3:00:00:63:4D:08,-61,127,3.0,3.5,1.5
1783351108031,2026-07-06 17:18:28.031,C3:00:00:63:4D:0D,-57,127,3.0,3.5,1.5
1783351108041,2026-07-06 17:18:28.041,C3:00:00:63:4D:05,-59,127,3.0,3.5,1.5
1783351108043,2026-07-06 17:18:28.043,C3:00:00:63:4D:0A,-63,127,3.0,3.5,1.5
1783351108051,2026-07-06 17:18:28.051,C3:00:00:63:4D:04,-55,127,3.0,3.5,1.5
1783351108052,2026-07-06 17:18:28.052,C3:00:00:63:4D:07,-56,127,3.0,3.5,1.5
1783351108057,2026-07-06 17:18:28.057,C3:00:00:63:4D:05,-59,127,3.0,3.5,1.5
1783351108113,2026-07-06 17:18:28.113,C3:00:00:63:4C:D2,-61,127,3.0,3.5,1.5
1783351108117,2026-07-06 17:18:28.117,C3:00:00:63:4D:08,-57,127,3.0,3.5,1.5
1783351108139,2026-07-06 17:18:28.139,C3:00:00:63:4D:0D,-49,127,3.0,3.5,1.5
1783351108151,2026-07-06 17:18:28.151,C3:00:00:63:4D:07,-58,127,3.0,3.5,1.5
1783351108200,2026-07-06 17:18:28.200,C3:00:00:63:4D:09,-63,127,3.0,3.5,1.5
1783351108219,2026-07-06 17:18:28.219,C3:00:00:63:4C:D2,-54,127,3.0,3.5,1.5
1783351108235,2026-07-06 17:18:28.235,C3:00:00:63:4D:05,-56,127,3.0,3.5,1.5
1783351108244,2026-07-06 17:18:28.244,C3:00:00:63:4D:0A,-61,127,3.0,3.5,1.5
1783351108249,2026-07-06 17:18:28.249,C3:00:00:63:4D:0D,-57,127,3.0,3.5,1.5
1783351108252,2026-07-06 17:18:28.252,C3:00:00:63:4D:07,-54,127,3.0,3.5,1.5
1783351108311,2026-07-06 17:18:28.311,C3:00:00:63:4D:09,-69,127,3.0,3.5,1.5
1783351108329,2026-07-06 17:18:28.329,C3:00:00:63:4C:D2,-60,127,3.0,3.5,1.5
1783351108344,2026-07-06 17:18:28.344,C3:00:00:63:4D:05,-59,127,3.0,3.5,1.5
1783351108348,2026-07-06 17:18:28.348,C3:00:00:63:4D:0D,-57,127,3.0,3.5,1.5
1783351108351,2026-07-06 17:18:28.351,C3:00:00:63:4D:0A,-63,127,3.0,3.5,1.5
1783351108353,2026-07-06 17:18:28.353,C3:00:00:63:4D:08,-57,127,3.0,3.5,1.5
1783351108355,2026-07-06 17:18:28.355,C3:00:00:63:4D:07,-56,127,3.0,3.5,1.5
1783351108360,2026-07-06 17:18:28.360,C3:00:00:63:4D:04,-55,127,3.0,3.5,1.5
1783351108377,2026-07-06 17:18:28.377,C3:00:00:63:4D:04,-56,127,3.0,3.5,1.5
1783351108390,2026-07-06 17:18:28.390,C3:00:00:63:4D:07,-56,127,3.0,3.5,1.5
1783351108425,2026-07-06 17:18:28.425,C3:00:00:63:4C:D2,-61,127,3.0,3.5,1.5
1783351108428,2026-07-06 17:18:28.428,C3:00:00:63:4D:09,-62,127,3.0,3.5,1.5
1783351108442,2026-07-06 17:18:28.442,C3:00:00:63:4D:05,-58,127,3.0,3.5,1.5
1783351108466,2026-07-06 17:18:28.466,C3:00:00:63:4D:0D,-49,127,3.0,3.5,1.5
1783351108530,2026-07-06 17:18:28.530,C3:00:00:63:4C:D2,-60,127,3.0,3.5,1.5
1783351108538,2026-07-06 17:18:28.538,C3:00:00:63:4D:05,-54,127,3.0,3.5,1.5
1783351108554,2026-07-06 17:18:28.554,C3:00:00:63:4D:07,-55,127,3.0,3.5,1.5
1783351108556,2026-07-06 17:18:28.556,C3:00:00:63:4C:D2,-61,127,3.0,3.5,1.5
1783351108558,2026-07-06 17:18:28.558,C3:00:00:63:4D:0A,-61,127,3.0,3.5,1.5
1783351108563,2026-07-06 17:18:28.563,C3:00:00:63:4D:0D,-57,127,3.0,3.5,1.5
1783351108567,2026-07-06 17:18:28.567,C3:00:00:63:4D:04,-59,127,3.0,3.5,1.5
1783351108583,2026-07-06 17:18:28.583,C3:00:00:63:4D:08,-61,127,3.0,3.5,1.5
1783351108638,2026-07-06 17:18:28.638,C3:00:00:63:4D:07,-64,127,3.0,3.5,1.5
1783351108656,2026-07-06 17:18:28.656,C3:00:00:63:4D:07,-57,127,3.0,3.5,1.5
1783351108660,2026-07-06 17:18:28.660,C3:00:00:63:4D:0A,-63,127,3.0,3.5,1.5
1783351108669,2026-07-06 17:18:28.669,C3:00:00:63:4D:04,-55,127,3.0,3.5,1.5
1783351108681,2026-07-06 17:18:28.681,C3:00:00:63:4D:0D,-58,127,3.0,3.5,1.5
1783351108695,2026-07-06 17:18:28.695,C3:00:00:63:4D:08,-57,127,3.0,3.5,1.5
1783351108748,2026-07-06 17:18:28.748,C3:00:00:63:4D:05,-55,127,3.0,3.5,1.5
1783351108751,2026-07-06 17:18:28.751,C3:00:00:63:4C:D2,-53,127,3.0,3.5,1.5
1783351108755,2026-07-06 17:18:28.755,C3:00:00:63:4D:07,-58,127,3.0,3.5,1.5
1783351108770,2026-07-06 17:18:28.770,C3:00:00:63:4D:0A,-65,127,3.0,3.5,1.5
1783351108774,2026-07-06 17:18:28.774,C3:00:00:63:4D:09,-62,127,3.0,3.5,1.5
1783351108777,2026-07-06 17:18:28.777,C3:00:00:63:4D:04,-56,127,3.0,3.5,1.5
1783351108782,2026-07-06 17:18:28.782,C3:00:00:63:4D:0D,-49,127,3.0,3.5,1.5
1783351108850,2026-07-06 17:18:28.850,C3:00:00:63:4D:07,-55,127,3.0,3.5,1.5
1783351108855,2026-07-06 17:18:28.855,C3:00:00:63:4D:05,-54,127,3.0,3.5,1.5
1783351108871,2026-07-06 17:18:28.871,C3:00:00:63:4D:0A,-61,127,3.0,3.5,1.5
1783351108885,2026-07-06 17:18:28.885,C3:00:00:63:4D:0D,-57,127,3.0,3.5,1.5
1783351108913,2026-07-06 17:18:28.913,C3:00:00:63:4D:0A,-61,127,3.0,3.5,1.5
1783351108926,2026-07-06 17:18:28.926,C3:00:00:63:4D:08,-61,127,3.0,3.5,1.5
1783351108956,2026-07-06 17:18:28.956,C3:00:00:63:4D:07,-57,127,3.0,3.5,1.5
1783351108978,2026-07-06 17:18:28.978,C3:00:00:63:4D:04,-55,127,3.0,3.5,1.5
1783351108998,2026-07-06 17:18:28.998,C3:00:00:63:4D:09,-61,127,3.0,3.5,1.5
1783351109024,2026-07-06 17:18:29.024,C3:00:00:63:4D:0D,-57,127,3.0,3.5,1.5
1783351109043,2026-07-06 17:18:29.043,C3:00:00:63:4D:08,-66,127,3.0,3.5,1.5
1783351109049,2026-07-06 17:18:29.049,C3:00:00:63:4D:05,-58,127,3.0,3.5,1.5
1783351109051,2026-07-06 17:18:29.051,C3:00:00:63:4D:07,-58,127,3.0,3.5,1.5
1783351109067,2026-07-06 17:18:29.067,C3:00:00:63:4C:D2,-54,127,3.0,3.5,1.5
1783351109111,2026-07-06 17:18:29.111,C3:00:00:63:4D:0D,-49,127,3.0,3.5,1.5
1783351109116,2026-07-06 17:18:29.116,C3:00:00:63:4D:09,-64,127,3.0,3.5,1.5
1783351109138,2026-07-06 17:18:29.138,C3:00:00:63:4D:09,-69,127,3.0,3.5,1.5
1783351109145,2026-07-06 17:18:29.145,C3:00:00:63:4D:05,-54,127,3.0,3.5,1.5
1783351109149,2026-07-06 17:18:29.149,C3:00:00:63:4D:07,-54,127,3.0,3.5,1.5
1783351109162,2026-07-06 17:18:29.162,C3:00:00:63:4D:08,-61,127,3.0,3.5,1.5
1783351109173,2026-07-06 17:18:29.173,C3:00:00:63:4C:D2,-60,127,3.0,3.5,1.5
1783351109184,2026-07-06 17:18:29.184,C3:00:00:63:4D:0A,-61,127,3.0,3.5,1.5
1783351109187,2026-07-06 17:18:29.187,C3:00:00:63:4D:04,-60,127,3.0,3.5,1.5
1783351109207,2026-07-06 17:18:29.207,C3:00:00:63:4D:0D,-57,127,3.0,3.5,1.5
1783351109230,2026-07-06 17:18:29.230,C3:00:00:63:4D:09,-66,127,3.0,3.5,1.5
1783351109257,2026-07-06 17:18:29.257,C3:00:00:63:4D:05,-59,127,3.0,3.5,1.5
1783351109262,2026-07-06 17:18:29.262,C3:00:00:63:4D:07,-56,127,3.0,3.5,1.5
1783351109276,2026-07-06 17:18:29.276,C3:00:00:63:4D:08,-57,127,3.0,3.5,1.5
1783351109278,2026-07-06 17:18:29.278,C3:00:00:63:4C:D2,-61,127,3.0,3.5,1.5
1783351109291,2026-07-06 17:18:29.291,C3:00:00:63:4D:04,-55,127,3.0,3.5,1.5
1783351109295,2026-07-06 17:18:29.295,C3:00:00:63:4D:0A,-63,127,3.0,3.5,1.5
1783351109318,2026-07-06 17:18:29.318,C3:00:00:63:4D:0D,-57,127,3.0,3.5,1.5
1783351109341,2026-07-06 17:18:29.341,C3:00:00:63:4D:09,-63,127,3.0,3.5,1.5
1783351109349,2026-07-06 17:18:29.349,C3:00:00:63:4D:07,-58,127,3.0,3.5,1.5
1783351109353,2026-07-06 17:18:29.353,C3:00:00:63:4D:05,-58,127,3.0,3.5,1.5
1783351109387,2026-07-06 17:18:29.387,C3:00:00:63:4D:04,-56,127,3.0,3.5,1.5
1783351109395,2026-07-06 17:18:29.395,C3:00:00:63:4D:0A,-62,127,3.0,3.5,1.5
1783351109430,2026-07-06 17:18:29.430,C3:00:00:63:4D:0D,-57,127,3.0,3.5,1.5
1783351109452,2026-07-06 17:18:29.452,C3:00:00:63:4D:05,-62,127,3.0,3.5,1.5
1783351109456,2026-07-06 17:18:29.456,C3:00:00:63:4D:07,-54,127,3.0,3.5,1.5
1783351109460,2026-07-06 17:18:29.460,C3:00:00:63:4D:09,-69,127,3.0,3.5,1.5
1783351109464,2026-07-06 17:18:29.464,C3:00:00:63:4D:05,-54,127,3.0,3.5,1.5
1783351109469,2026-07-06 17:18:29.469,C3:00:00:63:4D:08,-61,127,3.0,3.5,1.5
1783351109482,2026-07-06 17:18:29.482,C3:00:00:63:4C:D2,-60,127,3.0,3.5,1.5
1783351109488,2026-07-06 17:18:29.488,C3:00:00:63:4D:04,-60,127,3.0,3.5,1.5
1783351109518,2026-07-06 17:18:29.518,C3:00:00:63:4C:D2,-60,127,3.0,3.5,1.5
1783351109536,2026-07-06 17:18:29.536,C3:00:00:63:4D:0D,-57,127,3.0,3.5,1.5
1783351109557,2026-07-06 17:18:29.557,C3:00:00:63:4D:05,-59,127,3.0,3.5,1.5
1783351109560,2026-07-06 17:18:29.560,C3:00:00:63:4D:07,-56,127,3.0,3.5,1.5
1783351109569,2026-07-06 17:18:29.569,C3:00:00:63:4D:0D,-57,127,3.0,3.5,1.5
1783351109574,2026-07-06 17:18:29.574,C3:00:00:63:4D:09,-62,127,3.0,3.5,1.5
1783351109595,2026-07-06 17:18:29.595,C3:00:00:63:4D:04,-61,127,3.0,3.5,1.5
1783351109615,2026-07-06 17:18:29.615,C3:00:00:63:4D:0A,-63,127,3.0,3.5,1.5
1783351109621,2026-07-06 17:18:29.621,C3:00:00:63:4D:08,-57,127,3.0,3.5,1.5
1783351109652,2026-07-06 17:18:29.652,C3:00:00:63:4D:0D,-49,127,3.0,3.5,1.5
1783351109658,2026-07-06 17:18:29.658,C3:00:00:63:4D:07,-58,127,3.0,3.5,1.5
1783351109683,2026-07-06 17:18:29.683,C3:00:00:63:4D:07,-59,127,3.0,3.5,1.5
1783351109688,2026-07-06 17:18:29.688,C3:00:00:63:4D:09,-64,127,3.0,3.5,1.5
1783351109698,2026-07-06 17:18:29.698,C3:00:00:63:4D:04,-56,127,3.0,3.5,1.5
1783351109700,2026-07-06 17:18:29.700,C3:00:00:63:4C:D2,-54,127,3.0,3.5,1.5
1783351109713,2026-07-06 17:18:29.713,C3:00:00:63:4D:0A,-62,127,3.0,3.5,1.5
1783351109748,2026-07-06 17:18:29.748,C3:00:00:63:4D:07,-54,127,3.0,3.5,1.5
1783351109753,2026-07-06 17:18:29.753,C3:00:00:63:4D:05,-54,127,3.0,3.5,1.5
1783351109755,2026-07-06 17:18:29.755,C3:00:00:63:4C:D2,-60,127,3.0,3.5,1.5
1783351109802,2026-07-06 17:18:29.802,C3:00:00:63:4D:04,-59,127,3.0,3.5,1.5
1783351109808,2026-07-06 17:18:29.808,C3:00:00:63:4C:D2,-60,127,3.0,3.5,1.5
1783351109827,2026-07-06 17:18:29.827,C3:00:00:63:4D:0A,-61,127,3.0,3.5,1.5
1783351109847,2026-07-06 17:18:29.847,C3:00:00:63:4D:08,-56,127,3.0,3.5,1.5
1783351109853,2026-07-06 17:18:29.853,C3:00:00:63:4D:07,-57,127,3.0,3.5,1.5
1783351109858,2026-07-06 17:18:29.858,C3:00:00:63:4D:0D,-58,127,3.0,3.5,1.5
1783351109860,2026-07-06 17:18:29.860,C3:00:00:63:4D:05,-58,127,3.0,3.5,1.5
1783351109908,2026-07-06 17:18:29.908,C3:00:00:63:4D:04,-55,127,3.0,3.5,1.5
1783351109933,2026-07-06 17:18:29.933,C3:00:00:63:4D:05,-55,127,3.0,3.5,1.5
1783351109952,2026-07-06 17:18:29.952,C3:00:00:63:4D:0A,-65,127,3.0,3.5,1.5
1783351109956,2026-07-06 17:18:29.956,C3:00:00:63:4D:05,-55,127,3.0,3.5,1.5
1783351109959,2026-07-06 17:18:29.959,C3:00:00:63:4D:07,-58,127,3.0,3.5,1.5
1783351109962,2026-07-06 17:18:29.962,C3:00:00:63:4D:08,-68,127,3.0,3.5,1.5
1783351109972,2026-07-06 17:18:29.972,C3:00:00:63:4D:0D,-49,127,3.0,3.5,1.5
1783351109979,2026-07-06 17:18:29.979,C3:00:00:63:4C:D2,-61,127,3.0,3.5,1.5
1783351109981,2026-07-06 17:18:29.981,C3:00:00:63:4D:08,-66,127,3.0,3.5,1.5
1783351109990,2026-07-06 17:18:29.990,C3:00:00:63:4D:09,-63,127,3.0,3.5,1.5
1783351110004,2026-07-06 17:18:30.004,C3:00:00:63:4D:0A,-62,127,3.0,3.5,1.5
1783351110014,2026-07-06 17:18:30.014,C3:00:00:63:4D:04,-56,127,3.0,3.5,1.5
1783351110016,2026-07-06 17:18:30.016,C3:00:00:63:4C:D2,-53,127,3.0,3.5,1.5
1783351110024,2026-07-06 17:18:30.024,C3:00:00:63:4D:09,-62,127,3.0,3.5,1.5
1783351110026,2026-07-06 17:18:30.026,C3:00:00:63:4D:0A,-65,127,3.0,3.5,1.5
1783351110049,2026-07-06 17:18:30.049,C3:00:00:63:4D:07,-55,127,3.0,3.5,1.5
1783351110064,2026-07-06 17:18:30.064,C3:00:00:63:4D:05,-54,127,3.0,3.5,1.5
1783351110074,2026-07-06 17:18:30.074,C3:00:00:63:4D:0D,-57,127,3.0,3.5,1.5
1783351110082,2026-07-06 17:18:30.082,C3:00:00:63:4D:08,-62,127,3.0,3.5,1.5
1783351110087,2026-07-06 17:18:30.087,C3:00:00:63:4D:05,-54,127,3.0,3.5,1.5
1783351110107,2026-07-06 17:18:30.107,C3:00:00:63:4D:04,-59,127,3.0,3.5,1.5
1783351110117,2026-07-06 17:18:30.117,C3:00:00:63:4C:D2,-60,127,3.0,3.5,1.5
1783351110149,2026-07-06 17:18:30.149,C3:00:00:63:4D:07,-57,127,3.0,3.5,1.5
1783351110165,2026-07-06 17:18:30.165,C3:00:00:63:4D:05,-58,127,3.0,3.5,1.5
1783351110195,2026-07-06 17:18:30.195,C3:00:00:63:4D:08,-56,127,3.0,3.5,1.5
1783351110219,2026-07-06 17:18:30.219,C3:00:00:63:4D:04,-55,127,3.0,3.5,1.5
1783351110240,2026-07-06 17:18:30.240,C3:00:00:63:4D:0A,-65,127,3.0,3.5,1.5
1783351110249,2026-07-06 17:18:30.249,C3:00:00:63:4D:09,-62,127,3.0,3.5,1.5
1783351110258,2026-07-06 17:18:30.258,C3:00:00:63:4D:07,-58,127,3.0,3.5,1.5
1783351110267,2026-07-06 17:18:30.267,C3:00:00:63:4D:05,-55,127,3.0,3.5,1.5
1783351110286,2026-07-06 17:18:30.286,C3:00:00:63:4D:04,-56,127,3.0,3.5,1.5
1783351110296,2026-07-06 17:18:30.296,C3:00:00:63:4D:0D,-49,127,3.0,3.5,1.5
1783351110303,2026-07-06 17:18:30.303,C3:00:00:63:4D:08,-66,127,3.0,3.5,1.5
1783351110325,2026-07-06 17:18:30.325,C3:00:00:63:4D:04,-56,127,3.0,3.5,1.5
1783351110349,2026-07-06 17:18:30.349,C3:00:00:63:4D:0A,-61,127,3.0,3.5,1.5
1783351110356,2026-07-06 17:18:30.356,C3:00:00:63:4D:07,-54,127,3.0,3.5,1.5
1783351110361,2026-07-06 17:18:30.361,C3:00:00:63:4D:05,-54,127,3.0,3.5,1.5
1783351110368,2026-07-06 17:18:30.368,C3:00:00:63:4D:09,-69,127,3.0,3.5,1.5
1783351110384,2026-07-06 17:18:30.384,C3:00:00:63:4D:04,-60,127,3.0,3.5,1.5
1783351110401,2026-07-06 17:18:30.401,C3:00:00:63:4D:0D,-57,127,3.0,3.5,1.5
1783351110409,2026-07-06 17:18:30.409,C3:00:00:63:4D:08,-68,127,3.0,3.5,1.5
1783351110411,2026-07-06 17:18:30.411,C3:00:00:63:4D:09,-76,127,3.0,3.5,1.5
1783351110416,2026-07-06 17:18:30.416,C3:00:00:63:4D:07,-54,127,3.0,3.5,1.5
1783351110419,2026-07-06 17:18:30.419,C3:00:00:63:4D:04,-60,127,3.0,3.5,1.5
1783351110425,2026-07-06 17:18:30.425,C3:00:00:63:4D:08,-61,127,3.0,3.5,1.5
1783351110441,2026-07-06 17:18:30.441,C3:00:00:63:4C:D2,-61,127,3.0,3.5,1.5
1783351110451,2026-07-06 17:18:30.451,C3:00:00:63:4D:0A,-63,127,3.0,3.5,1.5
1783351110458,2026-07-06 17:18:30.458,C3:00:00:63:4D:07,-56,127,3.0,3.5,1.5
1783351110460,2026-07-06 17:18:30.460,C3:00:00:63:4D:05,-59,127,3.0,3.5,1.5
1783351110476,2026-07-06 17:18:30.476,C3:00:00:63:4D:09,-62,127,3.0,3.5,1.5
1783351110512,2026-07-06 17:18:30.512,C3:00:00:63:4D:0D,-56,127,3.0,3.5,1.5
1783351110549,2026-07-06 17:18:30.549,C3:00:00:63:4C:D2,-54,127,3.0,3.5,1.5
1783351110553,2026-07-06 17:18:30.553,C3:00:00:63:4D:07,-58,127,3.0,3.5,1.5
1783351110559,2026-07-06 17:18:30.559,C3:00:00:63:4D:0A,-62,127,3.0,3.5,1.5
1783351110564,2026-07-06 17:18:30.564,C3:00:00:63:4D:05,-58,127,3.0,3.5,1.5
1783351110589,2026-07-06 17:18:30.589,C3:00:00:63:4D:09,-63,127,3.0,3.5,1.5
1783351110619,2026-07-06 17:18:30.619,C3:00:00:63:4D:0D,-49,127,3.0,3.5,1.5
1783351110633,2026-07-06 17:18:30.633,C3:00:00:63:4D:04,-60,127,3.0,3.5,1.5
1783351110706,2026-07-06 17:18:30.706,C3:00:00:63:4D:09,-69,127,3.0,3.5,1.5
1783351110728,2026-07-06 17:18:30.728,C3:00:00:63:4D:0D,-57,127,3.0,3.5,1.5
1783351110733,2026-07-06 17:18:30.733,C3:00:00:63:4D:04,-55,127,3.0,3.5,1.5
1783351110758,2026-07-06 17:18:30.758,C3:00:00:63:4C:D2,-60,127,3.0,3.5,1.5
1783351110763,2026-07-06 17:18:30.763,C3:00:00:63:4D:05,-58,127,3.0,3.5,1.5
1783351110768,2026-07-06 17:18:30.768,C3:00:00:63:4D:0A,-63,127,3.0,3.5,1.5
1783351110772,2026-07-06 17:18:30.772,C3:00:00:63:4D:08,-56,127,3.0,3.5,1.5
1783351110825,2026-07-06 17:18:30.825,C3:00:00:63:4D:09,-61,127,3.0,3.5,1.5
1783351110831,2026-07-06 17:18:30.831,C3:00:00:63:4D:04,-56,127,3.0,3.5,1.5
1783351110838,2026-07-06 17:18:30.838,C3:00:00:63:4D:0D,-49,127,3.0,3.5,1.5
1783351110877,2026-07-06 17:18:30.877,C3:00:00:63:4D:0A,-65,127,3.0,3.5,1.5
1783351110882,2026-07-06 17:18:30.882,C3:00:00:63:4D:08,-68,127,3.0,3.5,1.5
1783351110922,2026-07-06 17:18:30.922,C3:00:00:63:4D:0A,-64,127,3.0,3.5,1.5
1783351110931,2026-07-06 17:18:30.931,C3:00:00:63:4D:09,-69,127,3.0,3.5,1.5
1783351110942,2026-07-06 17:18:30.942,C3:00:00:63:4D:04,-60,127,3.0,3.5,1.5
1783351110947,2026-07-06 17:18:30.947,C3:00:00:63:4D:0D,-57,127,3.0,3.5,1.5
1783351110958,2026-07-06 17:18:30.958,C3:00:00:63:4D:07,-54,127,3.0,3.5,1.5
1783351110970,2026-07-06 17:18:30.970,C3:00:00:63:4C:D2,-60,127,3.0,3.5,1.5
1783351110973,2026-07-06 17:18:30.973,C3:00:00:63:4D:05,-54,127,3.0,3.5,1.5
1783351110979,2026-07-06 17:18:30.979,C3:00:00:63:4D:0A,-61,127,3.0,3.5,1.5
1783351110996,2026-07-06 17:18:30.996,C3:00:00:63:4D:08,-61,127,3.0,3.5,1.5
1783351111024,2026-07-06 17:18:31.024,C3:00:00:63:4D:0D,-57,127,3.0,3.5,1.5
1783351111039,2026-07-06 17:18:31.039,C3:00:00:63:4D:04,-55,127,3.0,3.5,1.5
1783351111048,2026-07-06 17:18:31.048,C3:00:00:63:4D:0D,-66,127,3.0,3.5,1.5
1783351111061,2026-07-06 17:18:31.061,C3:00:00:63:4D:07,-57,127,3.0,3.5,1.5
1783351111074,2026-07-06 17:18:31.074,C3:00:00:63:4D:05,-58,127,3.0,3.5,1.5
1783351111076,2026-07-06 17:18:31.076,C3:00:00:63:4D:0D,-58,127,3.0,3.5,1.5
1783351111078,2026-07-06 17:18:31.078,C3:00:00:63:4C:D2,-60,127,3.0,3.5,1.5
1783351111079,2026-07-06 17:18:31.079,C3:00:00:63:4D:0A,-63,127,3.0,3.5,1.5
1783351111116,2026-07-06 17:18:31.116,C3:00:00:63:4D:08,-56,127,3.0,3.5,1.5
1783351111119,2026-07-06 17:18:31.119,C3:00:00:63:4D:09,-61,127,3.0,3.5,1.5
1783351111137,2026-07-06 17:18:31.137,C3:00:00:63:4D:09,-61,127,3.0,3.5,1.5
1783351111144,2026-07-06 17:18:31.144,C3:00:00:63:4D:04,-56,127,3.0,3.5,1.5
1783351111154,2026-07-06 17:18:31.154,C3:00:00:63:4D:07,-58,127,3.0,3.5,1.5
1783351111158,2026-07-06 17:18:31.158,C3:00:00:63:4D:0D,-49,127,3.0,3.5,1.5
1783351111171,2026-07-06 17:18:31.171,C3:00:00:63:4D:09,-61,127,3.0,3.5,1.5
1783351111177,2026-07-06 17:18:31.177,C3:00:00:63:4D:05,-55,127,3.0,3.5,1.5
1783351111180,2026-07-06 17:18:31.180,C3:00:00:63:4C:D2,-53,127,3.0,3.5,1.5
1783351111186,2026-07-06 17:18:31.186,C3:00:00:63:4D:0A,-65,127,3.0,3.5,1.5
1783351111230,2026-07-06 17:18:31.230,C3:00:00:63:4D:08,-68,127,3.0,3.5,1.5
1783351111251,2026-07-06 17:18:31.251,C3:00:00:63:4D:04,-60,127,3.0,3.5,1.5
1783351111256,2026-07-06 17:18:31.256,C3:00:00:63:4D:07,-55,127,3.0,3.5,1.5
1783351111260,2026-07-06 17:18:31.260,C3:00:00:63:4D:0D,-57,127,3.0,3.5,1.5
1783351111266,2026-07-06 17:18:31.266,C3:00:00:63:4D:05,-54,127,3.0,3.5,1.5
1783351111272,2026-07-06 17:18:31.272,C3:00:00:63:4D:09,-69,127,3.0,3.5,1.5
1783351111282,2026-07-06 17:18:31.282,C3:00:00:63:4D:0A,-61,127,3.0,3.5,1.5
1783351111290,2026-07-06 17:18:31.290,C3:00:00:63:4C:D2,-60,127,3.0,3.5,1.5
1783351111344,2026-07-06 17:18:31.344,C3:00:00:63:4D:08,-57,127,3.0,3.5,1.5
1783351111359,2026-07-06 17:18:31.359,C3:00:00:63:4D:04,-55,127,3.0,3.5,1.5
1783351111365,2026-07-06 17:18:31.365,C3:00:00:63:4D:07,-56,127,3.0,3.5,1.5
1783351111369,2026-07-06 17:18:31.369,C3:00:00:63:4D:05,-59,127,3.0,3.5,1.5
1783351111375,2026-07-06 17:18:31.375,C3:00:00:63:4D:0D,-57,127,3.0,3.5,1.5
1783351111394,2026-07-06 17:18:31.394,C3:00:00:63:4C:D2,-61,127,3.0,3.5,1.5
1783351111404,2026-07-06 17:18:31.404,C3:00:00:63:4D:0A,-63,127,3.0,3.5,1.5
1783351111453,2026-07-06 17:18:31.453,C3:00:00:63:4D:07,-58,127,3.0,3.5,1.5
1783351111457,2026-07-06 17:18:31.457,C3:00:00:63:4D:04,-56,127,3.0,3.5,1.5
1783351111474,2026-07-06 17:18:31.474,C3:00:00:63:4D:05,-58,127,3.0,3.5,1.5
1783351111478,2026-07-06 17:18:31.478,C3:00:00:63:4D:08,-65,127,3.0,3.5,1.5
1783351111499,2026-07-06 17:18:31.499,C3:00:00:63:4D:0A,-62,127,3.0,3.5,1.5
1783351111511,2026-07-06 17:18:31.511,C3:00:00:63:4D:09,-63,127,3.0,3.5,1.5
1783351111515,2026-07-06 17:18:31.515,C3:00:00:63:4D:07,-58,127,3.0,3.5,1.5
1783351111549,2026-07-06 17:18:31.549,C3:00:00:63:4D:07,-54,127,3.0,3.5,1.5
1783351111552,2026-07-06 17:18:31.552,C3:00:00:63:4D:04,-60,127,3.0,3.5,1.5
1783351111573,2026-07-06 17:18:31.573,C3:00:00:63:4D:08,-61,127,3.0,3.5,1.5
1783351111578,2026-07-06 17:18:31.578,C3:00:00:63:4D:05,-54,127,3.0,3.5,1.5
1783351111581,2026-07-06 17:18:31.581,C3:00:00:63:4D:0D,-57,127,3.0,3.5,1.5
1783351111601,2026-07-06 17:18:31.601,C3:00:00:63:4D:0A,-61,127,3.0,3.5,1.5
1783351111605,2026-07-06 17:18:31.605,C3:00:00:63:4D:0D,-57,127,3.0,3.5,1.5
1783351111612,2026-07-06 17:18:31.612,C3:00:00:63:4C:D2,-60,127,3.0,3.5,1.5
1783351111614,2026-07-06 17:18:31.614,C3:00:00:63:4D:09,-69,127,3.0,3.5,1.5
1783351111656,2026-07-06 17:18:31.656,C3:00:00:63:4D:07,-56,127,3.0,3.5,1.5
1783351111658,2026-07-06 17:18:31.658,C3:00:00:63:4D:04,-55,127,3.0,3.5,1.5
1783351111675,2026-07-06 17:18:31.675,C3:00:00:63:4D:05,-59,127,3.0,3.5,1.5
1783351111683,2026-07-06 17:18:31.683,C3:00:00:63:4D:08,-57,127,3.0,3.5,1.5
1783351111700,2026-07-06 17:18:31.700,C3:00:00:63:4D:0D,-56,127,3.0,3.5,1.5
1783351111705,2026-07-06 17:18:31.705,C3:00:00:63:4D:0A,-63,127,3.0,3.5,1.5
1783351111713,2026-07-06 17:18:31.713,C3:00:00:63:4C:D2,-61,127,3.0,3.5,1.5
1783351111730,2026-07-06 17:18:31.730,C3:00:00:63:4D:09,-63,127,3.0,3.5,1.5
1783351111754,2026-07-06 17:18:31.754,C3:00:00:63:4D:04,-56,127,3.0,3.5,1.5
1783351111760,2026-07-06 17:18:31.760,C3:00:00:63:4C:D2,-54,127,3.0,3.5,1.5
1783351111774,2026-07-06 17:18:31.774,C3:00:00:63:4D:05,-58,127,3.0,3.5,1.5
1783351111913,2026-07-06 17:18:31.913,C3:00:00:63:4D:0D,-57,127,3.0,3.5,1.5
1783351111920,2026-07-06 17:18:31.920,C3:00:00:63:4D:08,-61,127,3.0,3.5,1.5
1783351111942,2026-07-06 17:18:31.942,C3:00:00:63:4D:05,-60,127,3.0,3.5,1.5
1783351111975,2026-07-06 17:18:31.975,C3:00:00:63:4D:08,-58,127,3.0,3.5,1.5
1783351111990,2026-07-06 17:18:31.990,C3:00:00:63:4D:09,-62,127,3.0,3.5,1.5
1783351112005,2026-07-06 17:18:32.005,C3:00:00:63:4D:0A,-63,127,3.0,3.5,1.5
1783351112083,2026-07-06 17:18:32.083,C3:00:00:63:4D:05,-58,127,3.0,3.5,1.5
1783351112101,2026-07-06 17:18:32.101,C3:00:00:63:4D:05,-58,127,3.0,3.5,1.5
1783351112184,2026-07-06 17:18:32.184,C3:00:00:63:4D:05,-54,127,3.0,3.5,1.5
1783351112192,2026-07-06 17:18:32.192,C3:00:00:63:4D:09,-69,127,3.0,3.5,1.5
1783351112279,2026-07-06 17:18:32.279,C3:00:00:63:4D:04,-56,127,3.0,3.5,1.5
1783351112282,2026-07-06 17:18:32.282,C3:00:00:63:4D:05,-59,127,3.0,3.5,1.5
1783351112294,2026-07-06 17:18:32.294,C3:00:00:63:4D:04,-56,127,3.0,3.5,1.5
1783351112312,2026-07-06 17:18:32.312,C3:00:00:63:4D:04,-63,127,3.0,3.5,1.5
1783351112358,2026-07-06 17:18:32.358,C3:00:00:63:4D:07,-59,127,3.0,3.5,1.5
1783351112372,2026-07-06 17:18:32.372,C3:00:00:63:4D:08,-70,127,3.0,3.5,1.5
1783351112378,2026-07-06 17:18:32.378,C3:00:00:63:4D:04,-56,127,3.0,3.5,1.5
1783351112381,2026-07-06 17:18:32.381,C3:00:00:63:4D:05,-55,127,3.0,3.5,1.5
1783351112398,2026-07-06 17:18:32.398,C3:00:00:63:4D:04,-56,127,3.0,3.5,1.5
1783351112422,2026-07-06 17:18:32.422,C3:00:00:63:4D:09,-62,127,3.0,3.5,1.5
1783351112425,2026-07-06 17:18:32.425,C3:00:00:63:4D:07,-59,127,3.0,3.5,1.5
1783351112456,2026-07-06 17:18:32.456,C3:00:00:63:4C:D2,-60,127,3.0,3.5,1.5
1783351112475,2026-07-06 17:18:32.475,C3:00:00:63:4D:05,-54,127,3.0,3.5,1.5
1783351112481,2026-07-06 17:18:32.481,C3:00:00:63:4D:04,-60,127,3.0,3.5,1.5
1783351112490,2026-07-06 17:18:32.490,C3:00:00:63:4D:08,-60,127,3.0,3.5,1.5
1783351112537,2026-07-06 17:18:32.537,C3:00:00:63:4D:09,-63,127,3.0,3.5,1.5
1783351112556,2026-07-06 17:18:32.556,C3:00:00:63:4D:0A,-63,127,3.0,3.5,1.5
1783351112560,2026-07-06 17:18:32.560,C3:00:00:63:4D:07,-56,127,3.0,3.5,1.5
1783351112563,2026-07-06 17:18:32.563,C3:00:00:63:4D:0D,-56,127,3.0,3.5,1.5
1783351112567,2026-07-06 17:18:32.567,C3:00:00:63:4C:D2,-61,127,3.0,3.5,1.5
1783351112581,2026-07-06 17:18:32.581,C3:00:00:63:4D:05,-58,127,3.0,3.5,1.5
1783351112584,2026-07-06 17:18:32.584,C3:00:00:63:4D:04,-55,127,3.0,3.5,1.5
1783351112589,2026-07-06 17:18:32.589,C3:00:00:63:4C:D2,-61,127,3.0,3.5,1.5
1783351112605,2026-07-06 17:18:32.605,C3:00:00:63:4D:08,-56,127,3.0,3.5,1.5
1783351112645,2026-07-06 17:18:32.645,C3:00:00:63:4D:09,-62,127,3.0,3.5,1.5
1783351112666,2026-07-06 17:18:32.666,C3:00:00:63:4D:0A,-66,127,3.0,3.5,1.5
1783351112671,2026-07-06 17:18:32.671,C3:00:00:63:4C:D2,-54,127,3.0,3.5,1.5
1783351112675,2026-07-06 17:18:32.675,C3:00:00:63:4D:0D,-49,127,3.0,3.5,1.5
1783351112686,2026-07-06 17:18:32.686,C3:00:00:63:4D:05,-55,127,3.0,3.5,1.5
1783351112688,2026-07-06 17:18:32.688,C3:00:00:63:4D:04,-56,127,3.0,3.5,1.5
1783351112726,2026-07-06 17:18:32.726,C3:00:00:63:4D:08,-70,127,3.0,3.5,1.5
1783351112750,2026-07-06 17:18:32.750,C3:00:00:63:4D:07,-55,127,3.0,3.5,1.5
1783351112754,2026-07-06 17:18:32.754,C3:00:00:63:4D:0A,-59,127,3.0,3.5,1.5
1783351112759,2026-07-06 17:18:32.759,C3:00:00:63:4D:09,-70,127,3.0,3.5,1.5
1783351112771,2026-07-06 17:18:32.771,C3:00:00:63:4C:D2,-60,127,3.0,3.5,1.5
1783351112788,2026-07-06 17:18:32.788,C3:00:00:63:4D:05,-54,127,3.0,3.5,1.5
1783351112792,2026-07-06 17:18:32.792,C3:00:00:63:4D:04,-60,127,3.0,3.5,1.5
1783351112858,2026-07-06 17:18:32.858,C3:00:00:63:4D:07,-56,127,3.0,3.5,1.5
1783351112863,2026-07-06 17:18:32.863,C3:00:00:63:4D:0A,-63,127,3.0,3.5,1.5
1783351112870,2026-07-06 17:18:32.870,C3:00:00:63:4D:09,-63,127,3.0,3.5,1.5
1783351112881,2026-07-06 17:18:32.881,C3:00:00:63:4C:D2,-61,127,3.0,3.5,1.5
1783351112884,2026-07-06 17:18:32.884,C3:00:00:63:4D:05,-60,127,3.0,3.5,1.5
1783351112892,2026-07-06 17:18:32.892,C3:00:00:63:4D:0D,-56,127,3.0,3.5,1.5
1783351112897,2026-07-06 17:18:32.897,C3:00:00:63:4D:04,-55,127,3.0,3.5,1.5
1783351112913,2026-07-06 17:18:32.913,C3:00:00:63:4D:0A,-63,127,3.0,3.5,1.5
1783351112949,2026-07-06 17:18:32.949,C3:00:00:63:4D:08,-67,127,3.0,3.5,1.5
1783351112960,2026-07-06 17:18:32.960,C3:00:00:63:4D:07,-59,127,3.0,3.5,1.5
1783351112981,2026-07-06 17:18:32.981,C3:00:00:63:4C:D2,-54,127,3.0,3.5,1.5
1783351112987,2026-07-06 17:18:32.987,C3:00:00:63:4D:09,-63,127,3.0,3.5,1.5
1783351112996,2026-07-06 17:18:32.996,C3:00:00:63:4D:0D,-49,127,3.0,3.5,1.5
1783351113002,2026-07-06 17:18:33.002,C3:00:00:63:4D:04,-56,127,3.0,3.5,1.5
1783351113007,2026-07-06 17:18:33.007,C3:00:00:63:4D:05,-58,127,3.0,3.5,1.5
1783351113029,2026-07-06 17:18:33.029,C3:00:00:63:4D:0D,-50,127,3.0,3.5,1.5
1783351113056,2026-07-06 17:18:33.056,C3:00:00:63:4D:07,-54,127,3.0,3.5,1.5
1783351113085,2026-07-06 17:18:33.085,C3:00:00:63:4D:05,-54,127,3.0,3.5,1.5
1783351113090,2026-07-06 17:18:33.090,C3:00:00:63:4C:D2,-60,127,3.0,3.5,1.5
1783351113093,2026-07-06 17:18:33.093,C3:00:00:63:4D:04,-60,127,3.0,3.5,1.5
1783351113099,2026-07-06 17:18:33.099,C3:00:00:63:4D:09,-69,127,3.0,3.5,1.5
1783351113153,2026-07-06 17:18:33.153,C3:00:00:63:4D:07,-56,127,3.0,3.5,1.5
1783351113157,2026-07-06 17:18:33.157,C3:00:00:63:4D:09,-63,127,3.0,3.5,1.5
1783351113173,2026-07-06 17:18:33.173,C3:00:00:63:4D:0A,-63,127,3.0,3.5,1.5
1783351113179,2026-07-06 17:18:33.179,C3:00:00:63:4D:08,-58,127,3.0,3.5,1.5
1783351113189,2026-07-06 17:18:33.189,C3:00:00:63:4D:05,-60,127,3.0,3.5,1.5
1783351113198,2026-07-06 17:18:33.198,C3:00:00:63:4D:04,-56,127,3.0,3.5,1.5
1783351113257,2026-07-06 17:18:33.257,C3:00:00:63:4D:07,-59,127,3.0,3.5,1.5
1783351113285,2026-07-06 17:18:33.285,C3:00:00:63:4D:05,-58,127,3.0,3.5,1.5
1783351113293,2026-07-06 17:18:33.293,C3:00:00:63:4D:08,-67,127,3.0,3.5,1.5
1783351113305,2026-07-06 17:18:33.305,C3:00:00:63:4D:04,-56,127,3.0,3.5,1.5
1783351113310,2026-07-06 17:18:33.310,C3:00:00:63:4C:D2,-54,127,3.0,3.5,1.5
1783351113316,2026-07-06 17:18:33.316,C3:00:00:63:4D:0D,-49,127,3.0,3.5,1.5
1783351113331,2026-07-06 17:18:33.331,C3:00:00:63:4D:09,-69,127,3.0,3.5,1.5
1783351113352,2026-07-06 17:18:33.352,C3:00:00:63:4D:07,-54,127,3.0,3.5,1.5
1783351113385,2026-07-06 17:18:33.385,C3:00:00:63:4D:0A,-59,127,3.0,3.5,1.5
1783351113394,2026-07-06 17:18:33.394,C3:00:00:63:4D:05,-54,127,3.0,3.5,1.5
1783351113404,2026-07-06 17:18:33.404,C3:00:00:63:4D:04,-60,127,3.0,3.5,1.5
1783351113408,2026-07-06 17:18:33.408,C3:00:00:63:4D:08,-60,127,3.0,3.5,1.5
1783351113413,2026-07-06 17:18:33.413,C3:00:00:63:4C:D2,-60,127,3.0,3.5,1.5
1783351113444,2026-07-06 17:18:33.444,C3:00:00:63:4D:09,-63,127,3.0,3.5,1.5
1783351113451,2026-07-06 17:18:33.451,C3:00:00:63:4D:07,-56,127,3.0,3.5,1.5
1783351113455,2026-07-06 17:18:33.455,C3:00:00:63:4D:05,-66,127,3.0,3.5,1.5
1783351113472,2026-07-06 17:18:33.472,C3:00:00:63:4D:08,-57,127,3.0,3.5,1.5
1783351113494,2026-07-06 17:18:33.494,C3:00:00:63:4D:0A,-63,127,3.0,3.5,1.5
1783351113499,2026-07-06 17:18:33.499,C3:00:00:63:4D:05,-60,127,3.0,3.5,1.5
1783351113512,2026-07-06 17:18:33.512,C3:00:00:63:4D:04,-55,127,3.0,3.5,1.5
1783351113516,2026-07-06 17:18:33.516,C3:00:00:63:4C:D2,-61,127,3.0,3.5,1.5
1783351113529,2026-07-06 17:18:33.529,C3:00:00:63:4D:08,-57,127,3.0,3.5,1.5
1783351113535,2026-07-06 17:18:33.535,C3:00:00:63:4D:0D,-49,127,3.0,3.5,1.5
1783351113538,2026-07-06 17:18:33.538,C3:00:00:63:4C:D2,-54,127,3.0,3.5,1.5
1783351113550,2026-07-06 17:18:33.550,C3:00:00:63:4D:07,-59,127,3.0,3.5,1.5
1783351113579,2026-07-06 17:18:33.579,C3:00:00:63:4D:0D,-49,127,3.0,3.5,1.5
1783351113617,2026-07-06 17:18:33.617,C3:00:00:63:4D:0A,-63,127,3.0,3.5,1.5
1783351113619,2026-07-06 17:18:33.619,C3:00:00:63:4D:04,-56,127,3.0,3.5,1.5
1783351113622,2026-07-06 17:18:33.622,C3:00:00:63:4C:D2,-54,127,3.0,3.5,1.5
1783351113637,2026-07-06 17:18:33.637,C3:00:00:63:4D:0D,-56,127,3.0,3.5,1.5
1783351113642,2026-07-06 17:18:33.642,C3:00:00:63:4D:08,-60,127,3.0,3.5,1.5
1783351113653,2026-07-06 17:18:33.653,C3:00:00:63:4D:07,-54,127,3.0,3.5,1.5
1783351113670,2026-07-06 17:18:33.670,C3:00:00:63:4D:09,-70,127,3.0,3.5,1.5
1783351113676,2026-07-06 17:18:33.676,C3:00:00:63:4D:07,-54,127,3.0,3.5,1.5
1783351113709,2026-07-06 17:18:33.709,C3:00:00:63:4D:0A,-59,127,3.0,3.5,1.5
1783351113718,2026-07-06 17:18:33.718,C3:00:00:63:4D:04,-60,127,3.0,3.5,1.5
1783351113729,2026-07-06 17:18:33.729,C3:00:00:63:4C:D2,-61,127,3.0,3.5,1.5
1783351113752,2026-07-06 17:18:33.752,C3:00:00:63:4D:0D,-56,127,3.0,3.5,1.5
1783351113756,2026-07-06 17:18:33.756,C3:00:00:63:4D:07,-56,127,3.0,3.5,1.5
1783351113761,2026-07-06 17:18:33.761,C3:00:00:63:4D:08,-57,127,3.0,3.5,1.5
1783351113767,2026-07-06 17:18:33.767,C3:00:00:63:4C:D2,-61,127,3.0,3.5,1.5
1783351113790,2026-07-06 17:18:33.790,C3:00:00:63:4D:09,-63,127,3.0,3.5,1.5
1783351113815,2026-07-06 17:18:33.815,C3:00:00:63:4D:0A,-63,127,3.0,3.5,1.5
1783351113822,2026-07-06 17:18:33.822,C3:00:00:63:4D:04,-55,127,3.0,3.5,1.5
1783351113839,2026-07-06 17:18:33.839,C3:00:00:63:4C:D2,-54,127,3.0,3.5,1.5
1783351113857,2026-07-06 17:18:33.857,C3:00:00:63:4D:07,-59,127,3.0,3.5,1.5
1783351113860,2026-07-06 17:18:33.860,C3:00:00:63:4D:0D,-50,127,3.0,3.5,1.5
1783351113866,2026-07-06 17:18:33.866,C3:00:00:63:4D:08,-67,127,3.0,3.5,1.5
1783351113900,2026-07-06 17:18:33.900,C3:00:00:63:4D:05,-58,127,3.0,3.5,1.5
1783351113909,2026-07-06 17:18:33.909,C3:00:00:63:4D:09,-64,127,3.0,3.5,1.5
1783351113921,2026-07-06 17:18:33.921,C3:00:00:63:4D:0A,-63,127,3.0,3.5,1.5
1783351113923,2026-07-06 17:18:33.923,C3:00:00:63:4D:04,-56,127,3.0,3.5,1.5
1783351113957,2026-07-06 17:18:33.957,C3:00:00:63:4D:07,-54,127,3.0,3.5,1.5
1783351113960,2026-07-06 17:18:33.960,C3:00:00:63:4D:05,-54,127,3.0,3.5,1.5
1783351113965,2026-07-06 17:18:33.965,C3:00:00:63:4D:0D,-55,127,3.0,3.5,1.5
1783351113992,2026-07-06 17:18:33.992,C3:00:00:63:4C:D2,-68,127,3.0,3.5,1.5
1783351113996,2026-07-06 17:18:33.996,C3:00:00:63:4D:09,-70,127,3.0,3.5,1.5
1783351114011,2026-07-06 17:18:34.011,C3:00:00:63:4D:08,-60,127,3.0,3.5,1.5
1783351114014,2026-07-06 17:18:34.014,C3:00:00:63:4D:0A,-60,127,3.0,3.5,1.5
1783351114039,2026-07-06 17:18:34.039,C3:00:00:63:4C:D2,-61,127,3.0,3.5,1.5
1783351114053,2026-07-06 17:18:34.053,C3:00:00:63:4D:07,-56,127,3.0,3.5,1.5
1783351114070,2026-07-06 17:18:34.070,C3:00:00:63:4D:0D,-56,127,3.0,3.5,1.5
1783351114094,2026-07-06 17:18:34.094,C3:00:00:63:4D:05,-59,127,3.0,3.5,1.5
1783351114101,2026-07-06 17:18:34.101,C3:00:00:63:4D:08,-58,127,3.0,3.5,1.5
1783351114120,2026-07-06 17:18:34.120,C3:00:00:63:4D:05,-59,127,3.0,3.5,1.5
1783351114124,2026-07-06 17:18:34.124,C3:00:00:63:4D:0A,-63,127,3.0,3.5,1.5
1783351114128,2026-07-06 17:18:34.128,C3:00:00:63:4D:04,-56,127,3.0,3.5,1.5
1783351114134,2026-07-06 17:18:34.134,C3:00:00:63:4D:09,-64,127,3.0,3.5,1.5
1783351114148,2026-07-06 17:18:34.148,C3:00:00:63:4D:07,-59,127,3.0,3.5,1.5
1783351114151,2026-07-06 17:18:34.151,C3:00:00:63:4C:D2,-54,127,3.0,3.5,1.5
1783351114207,2026-07-06 17:18:34.207,C3:00:00:63:4D:05,-58,127,3.0,3.5,1.5
1783351114218,2026-07-06 17:18:34.218,C3:00:00:63:4D:08,-68,127,3.0,3.5,1.5
1783351114240,2026-07-06 17:18:34.240,C3:00:00:63:4D:09,-69,127,3.0,3.5,1.5
1783351114258,2026-07-06 17:18:34.258,C3:00:00:63:4C:D2,-60,127,3.0,3.5,1.5
1783351114283,2026-07-06 17:18:34.283,C3:00:00:63:4D:04,-60,127,3.0,3.5,1.5
1783351114305,2026-07-06 17:18:34.305,C3:00:00:63:4D:05,-54,127,3.0,3.5,1.5
1783351114330,2026-07-06 17:18:34.330,C3:00:00:63:4D:08,-57,127,3.0,3.5,1.5
1783351114334,2026-07-06 17:18:34.334,C3:00:00:63:4D:04,-55,127,3.0,3.5,1.5
1783351114338,2026-07-06 17:18:34.338,C3:00:00:63:4D:0A,-63,127,3.0,3.5,1.5
1783351114352,2026-07-06 17:18:34.352,C3:00:00:63:4D:07,-56,127,3.0,3.5,1.5
1783351114357,2026-07-06 17:18:34.357,C3:00:00:63:4D:09,-63,127,3.0,3.5,1.5
1783351114366,2026-07-06 17:18:34.366,C3:00:00:63:4C:D2,-61,127,3.0,3.5,1.5
1783351114398,2026-07-06 17:18:34.398,C3:00:00:63:4D:0D,-56,127,3.0,3.5,1.5
1783351114403,2026-07-06 17:18:34.403,C3:00:00:63:4D:05,-59,127,3.0,3.5,1.5
1783351114410,2026-07-06 17:18:34.410,C3:00:00:63:4D:08,-65,127,3.0,3.5,1.5
1783351114419,2026-07-06 17:18:34.419,C3:00:00:63:4D:09,-70,127,3.0,3.5,1.5
1783351114443,2026-07-06 17:18:34.443,C3:00:00:63:4D:07,-59,127,3.0,3.5,1.5
1783351114451,2026-07-06 17:18:34.451,C3:00:00:63:4D:08,-67,127,3.0,3.5,1.5
1783351114458,2026-07-06 17:18:34.458,C3:00:00:63:4D:07,-59,127,3.0,3.5,1.5
1783351114471,2026-07-06 17:18:34.471,C3:00:00:63:4C:D2,-54,127,3.0,3.5,1.5
1783351114474,2026-07-06 17:18:34.474,C3:00:00:63:4D:09,-64,127,3.0,3.5,1.5
1783351114544,2026-07-06 17:18:34.544,C3:00:00:63:4D:0A,-59,127,3.0,3.5,1.5
1783351114547,2026-07-06 17:18:34.547,C3:00:00:63:4D:07,-54,127,3.0,3.5,1.5
1783351114561,2026-07-06 17:18:34.561,C3:00:00:63:4D:08,-59,127,3.0,3.5,1.5
1783351114578,2026-07-06 17:18:34.578,C3:00:00:63:4C:D2,-60,127,3.0,3.5,1.5
1783351114585,2026-07-06 17:18:34.585,C3:00:00:63:4D:09,-70,127,3.0,3.5,1.5
1783351114599,2026-07-06 17:18:34.599,C3:00:00:63:4C:D2,-60,127,3.0,3.5,1.5
1783351114607,2026-07-06 17:18:34.607,C3:00:00:63:4D:05,-54,127,3.0,3.5,1.5
1783351114616,2026-07-06 17:18:34.616,C3:00:00:63:4D:0D,-57,127,3.0,3.5,1.5
1783351114646,2026-07-06 17:18:34.646,C3:00:00:63:4D:0A,-63,127,3.0,3.5,1.5
1783351114649,2026-07-06 17:18:34.649,C3:00:00:63:4D:07,-56,127,3.0,3.5,1.5
1783351114671,2026-07-06 17:18:34.671,C3:00:00:63:4D:08,-56,127,3.0,3.5,1.5
1783351114687,2026-07-06 17:18:34.687,C3:00:00:63:4C:D2,-61,127,3.0,3.5,1.5
1783351114702,2026-07-06 17:18:34.702,C3:00:00:63:4D:09,-62,127,3.0,3.5,1.5
1783351114706,2026-07-06 17:18:34.706,C3:00:00:63:4D:05,-59,127,3.0,3.5,1.5
1783351114720,2026-07-06 17:18:34.720,C3:00:00:63:4D:0D,-56,127,3.0,3.5,1.5
1783351114757,2026-07-06 17:18:34.757,C3:00:00:63:4D:07,-58,127,3.0,3.5,1.5
1783351114761,2026-07-06 17:18:34.761,C3:00:00:63:4D:0A,-62,127,3.0,3.5,1.5
1783351114794,2026-07-06 17:18:34.794,C3:00:00:63:4C:D2,-54,127,3.0,3.5,1.5
1783351114800,2026-07-06 17:18:34.800,C3:00:00:63:4D:08,-66,127,3.0,3.5,1.5
1783351114808,2026-07-06 17:18:34.808,C3:00:00:63:4D:05,-58,127,3.0,3.5,1.5
1783351114812,2026-07-06 17:18:34.812,C3:00:00:63:4D:09,-63,127,3.0,3.5,1.5
1783351114830,2026-07-06 17:18:34.830,C3:00:00:63:4D:0D,-58,127,3.0,3.5,1.5
1783351114847,2026-07-06 17:18:34.847,C3:00:00:63:4D:07,-55,127,3.0,3.5,1.5
1783351114854,2026-07-06 17:18:34.854,C3:00:00:63:4D:04,-59,127,3.0,3.5,1.5
1783351114860,2026-07-06 17:18:34.860,C3:00:00:63:4D:0A,-61,127,3.0,3.5,1.5
1783351114900,2026-07-06 17:18:34.900,C3:00:00:63:4C:D2,-60,127,3.0,3.5,1.5
1783351114903,2026-07-06 17:18:34.903,C3:00:00:63:4D:08,-61,127,3.0,3.5,1.5
1783351114909,2026-07-06 17:18:34.909,C3:00:00:63:4D:05,-54,127,3.0,3.5,1.5
1783351114917,2026-07-06 17:18:34.917,C3:00:00:63:4D:0A,-61,127,3.0,3.5,1.5
1783351114939,2026-07-06 17:18:34.939,C3:00:00:63:4D:0D,-58,127,3.0,3.5,1.5
1783351114965,2026-07-06 17:18:34.965,C3:00:00:63:4D:04,-55,127,3.0,3.5,1.5
1783351114970,2026-07-06 17:18:34.970,C3:00:00:63:4D:0A,-63,127,3.0,3.5,1.5
1783351114999,2026-07-06 17:18:34.999,C3:00:00:63:4C:D2,-60,127,3.0,3.5,1.5
1783351115003,2026-07-06 17:18:35.003,C3:00:00:63:4D:05,-58,127,3.0,3.5,1.5
1783351115020,2026-07-06 17:18:35.020,C3:00:00:63:4D:08,-56,127,3.0,3.5,1.5
1783351115025,2026-07-06 17:18:35.025,C3:00:00:63:4D:0D,-58,127,3.0,3.5,1.5
1783351115046,2026-07-06 17:18:35.046,C3:00:00:63:4D:0D,-57,127,3.0,3.5,1.5
1783351115053,2026-07-06 17:18:35.053,C3:00:00:63:4D:07,-58,127,3.0,3.5,1.5
1783351115065,2026-07-06 17:18:35.065,C3:00:00:63:4D:04,-56,127,3.0,3.5,1.5
1783351115067,2026-07-06 17:18:35.067,C3:00:00:63:4D:0D,-49,127,3.0,3.5,1.5
1783351115072,2026-07-06 17:18:35.072,C3:00:00:63:4D:0A,-65,127,3.0,3.5,1.5
1783351115112,2026-07-06 17:18:35.112,C3:00:00:63:4D:05,-58,127,3.0,3.5,1.5
1783351115135,2026-07-06 17:18:35.135,C3:00:00:63:4D:08,-61,127,3.0,3.5,1.5
1783351115151,2026-07-06 17:18:35.151,C3:00:00:63:4D:09,-69,127,3.0,3.5,1.5
1783351115156,2026-07-06 17:18:35.156,C3:00:00:63:4D:0D,-57,127,3.0,3.5,1.5
1783351115161,2026-07-06 17:18:35.161,C3:00:00:63:4D:07,-54,127,3.0,3.5,1.5
1783351115173,2026-07-06 17:18:35.173,C3:00:00:63:4D:04,-60,127,3.0,3.5,1.5
1783351115178,2026-07-06 17:18:35.178,C3:00:00:63:4D:09,-70,127,3.0,3.5,1.5
1783351115184,2026-07-06 17:18:35.184,C3:00:00:63:4D:0A,-60,127,3.0,3.5,1.5
1783351115211,2026-07-06 17:18:35.211,C3:00:00:63:4D:05,-54,127,3.0,3.5,1.5
1783351115255,2026-07-06 17:18:35.255,C3:00:00:63:4D:08,-57,127,3.0,3.5,1.5
1783351115259,2026-07-06 17:18:35.259,C3:00:00:63:4D:07,-56,127,3.0,3.5,1.5
1783351115266,2026-07-06 17:18:35.266,C3:00:00:63:4D:0D,-57,127,3.0,3.5,1.5
1783351115270,2026-07-06 17:18:35.270,C3:00:00:63:4D:04,-55,127,3.0,3.5,1.5
1783351115274,2026-07-06 17:18:35.274,C3:00:00:63:4D:09,-62,127,3.0,3.5,1.5
1783351115280,2026-07-06 17:18:35.280,C3:00:00:63:4D:0A,-63,127,3.0,3.5,1.5
1783351115352,2026-07-06 17:18:35.352,C3:00:00:63:4D:07,-58,127,3.0,3.5,1.5
1783351115368,2026-07-06 17:18:35.368,C3:00:00:63:4D:08,-65,127,3.0,3.5,1.5
1783351115371,2026-07-06 17:18:35.371,C3:00:00:63:4D:0D,-49,127,3.0,3.5,1.5
1783351115376,2026-07-06 17:18:35.376,C3:00:00:63:4D:04,-56,127,3.0,3.5,1.5
1783351115383,2026-07-06 17:18:35.383,C3:00:00:63:4D:09,-63,127,3.0,3.5,1.5
1783351115385,2026-07-06 17:18:35.385,C3:00:00:63:4D:0A,-62,127,3.0,3.5,1.5
1783351115422,2026-07-06 17:18:35.422,C3:00:00:63:4D:0D,-49,127,3.0,3.5,1.5
1783351115457,2026-07-06 17:18:35.457,C3:00:00:63:4D:07,-54,127,3.0,3.5,1.5
1783351115481,2026-07-06 17:18:35.481,C3:00:00:63:4D:0D,-57,127,3.0,3.5,1.5
1783351115488,2026-07-06 17:18:35.488,C3:00:00:63:4D:0A,-61,127,3.0,3.5,1.5
1783351115492,2026-07-06 17:18:35.492,C3:00:00:63:4D:08,-61,127,3.0,3.5,1.5
1783351115497,2026-07-06 17:18:35.497,C3:00:00:63:4D:09,-69,127,3.0,3.5,1.5
1783351115508,2026-07-06 17:18:35.508,C3:00:00:63:4D:05,-54,127,3.0,3.5,1.5
1783351115526,2026-07-06 17:18:35.526,C3:00:00:63:4D:07,-57,127,3.0,3.5,1.5
1783351115530,2026-07-06 17:18:35.530,C3:00:00:63:4C:D2,-61,127,3.0,3.5,1.5
1783351115559,2026-07-06 17:18:35.559,C3:00:00:63:4D:07,-56,127,3.0,3.5,1.5
1783351115580,2026-07-06 17:18:35.580,C3:00:00:63:4D:04,-55,127,3.0,3.5,1.5
1783351115584,2026-07-06 17:18:35.584,C3:00:00:63:4D:0D,-58,127,3.0,3.5,1.5
1783351115590,2026-07-06 17:18:35.590,C3:00:00:63:4D:0A,-63,127,3.0,3.5,1.5
1783351115599,2026-07-06 17:18:35.599,C3:00:00:63:4D:0D,-58,127,3.0,3.5,1.5
1783351115602,2026-07-06 17:18:35.602,C3:00:00:63:4D:08,-56,127,3.0,3.5,1.5
1783351115608,2026-07-06 17:18:35.608,C3:00:00:63:4D:05,-58,127,3.0,3.5,1.5
1783351115638,2026-07-06 17:18:35.638,C3:00:00:63:4C:D2,-53,127,3.0,3.5,1.5
1783351115649,2026-07-06 17:18:35.649,C3:00:00:63:4D:07,-58,127,3.0,3.5,1.5
1783351115683,2026-07-06 17:18:35.683,C3:00:00:63:4D:04,-56,127,3.0,3.5,1.5
1783351115689,2026-07-06 17:18:35.689,C3:00:00:63:4D:0D,-49,127,3.0,3.5,1.5
1783351115693,2026-07-06 17:18:35.693,C3:00:00:63:4D:07,-58,127,3.0,3.5,1.5
1783351115699,2026-07-06 17:18:35.699,C3:00:00:63:4D:0A,-65,127,3.0,3.5,1.5
1783351115711,2026-07-06 17:18:35.711,C3:00:00:63:4D:08,-68,127,3.0,3.5,1.5
1783351115716,2026-07-06 17:18:35.716,C3:00:00:63:4D:05,-55,127,3.0,3.5,1.5
1783351115722,2026-07-06 17:18:35.722,C3:00:00:63:4D:09,-62,127,3.0,3.5,1.5
1783351115742,2026-07-06 17:18:35.742,C3:00:00:63:4C:D2,-60,127,3.0,3.5,1.5
1783351115752,2026-07-06 17:18:35.752,C3:00:00:63:4D:04,-60,127,3.0,3.5,1.5
1783351115798,2026-07-06 17:18:35.798,C3:00:00:63:4D:0D,-57,127,3.0,3.5,1.5
1783351115802,2026-07-06 17:18:35.802,C3:00:00:63:4D:0A,-61,127,3.0,3.5,1.5
1783351115808,2026-07-06 17:18:35.808,C3:00:00:63:4D:05,-54,127,3.0,3.5,1.5
1783351115829,2026-07-06 17:18:35.829,C3:00:00:63:4D:08,-61,127,3.0,3.5,1.5
1783351115841,2026-07-06 17:18:35.841,C3:00:00:63:4D:09,-62,127,3.0,3.5,1.5
1783351115849,2026-07-06 17:18:35.849,C3:00:00:63:4C:D2,-61,127,3.0,3.5,1.5
1783351115889,2026-07-06 17:18:35.889,C3:00:00:63:4D:04,-55,127,3.0,3.5,1.5
1783351115914,2026-07-06 17:18:35.914,C3:00:00:63:4D:0D,-57,127,3.0,3.5,1.5
1783351115920,2026-07-06 17:18:35.920,C3:00:00:63:4D:0A,-63,127,3.0,3.5,1.5
1783351115923,2026-07-06 17:18:35.923,C3:00:00:63:4D:05,-59,127,3.0,3.5,1.5
1783351115945,2026-07-06 17:18:35.945,C3:00:00:63:4D:08,-66,127,3.0,3.5,1.5
1783351115951,2026-07-06 17:18:35.951,C3:00:00:63:4D:07,-58,127,3.0,3.5,1.5
1783351115955,2026-07-06 17:18:35.955,C3:00:00:63:4C:D2,-54,127,3.0,3.5,1.5
1783351115958,2026-07-06 17:18:35.958,C3:00:00:63:4D:05,-58,127,3.0,3.5,1.5
1783351115986,2026-07-06 17:18:35.986,C3:00:00:63:4D:08,-66,127,3.0,3.5,1.5
1783351115999,2026-07-06 17:18:35.999,C3:00:00:63:4D:09,-63,127,3.0,3.5,1.5
1783351116014,2026-07-06 17:18:36.014,C3:00:00:63:4D:05,-58,127,3.0,3.5,1.5
1783351116019,2026-07-06 17:18:36.019,C3:00:00:63:4D:0A,-62,127,3.0,3.5,1.5
1783351116021,2026-07-06 17:18:36.021,C3:00:00:63:4D:0D,-49,127,3.0,3.5,1.5
1783351116034,2026-07-06 17:18:36.034,C3:00:00:63:4D:0A,-61,127,3.0,3.5,1.5
1783351116052,2026-07-06 17:18:36.052,C3:00:00:63:4D:07,-54,127,3.0,3.5,1.5
1783351116054,2026-07-06 17:18:36.054,C3:00:00:63:4D:08,-60,127,3.0,3.5,1.5
1783351116064,2026-07-06 17:18:36.064,C3:00:00:63:4C:D2,-60,127,3.0,3.5,1.5
1783351116069,2026-07-06 17:18:36.069,C3:00:00:63:4D:09,-69,127,3.0,3.5,1.5
1783351116086,2026-07-06 17:18:36.086,C3:00:00:63:4D:04,-60,127,3.0,3.5,1.5
1783351116114,2026-07-06 17:18:36.114,C3:00:00:63:4D:0A,-61,127,3.0,3.5,1.5
1783351116124,2026-07-06 17:18:36.124,C3:00:00:63:4D:05,-54,127,3.0,3.5,1.5
1783351116133,2026-07-06 17:18:36.133,C3:00:00:63:4D:0D,-57,127,3.0,3.5,1.5
1783351116149,2026-07-06 17:18:36.149,C3:00:00:63:4D:07,-56,127,3.0,3.5,1.5
1783351116176,2026-07-06 17:18:36.176,C3:00:00:63:4D:09,-62,127,3.0,3.5,1.5
1783351116184,2026-07-06 17:18:36.184,C3:00:00:63:4D:08,-57,127,3.0,3.5,1.5
1783351116217,2026-07-06 17:18:36.217,C3:00:00:63:4D:05,-59,127,3.0,3.5,1.5
1783351116222,2026-07-06 17:18:36.222,C3:00:00:63:4D:0A,-63,127,3.0,3.5,1.5
1783351116254,2026-07-06 17:18:36.254,C3:00:00:63:4D:07,-58,127,3.0,3.5,1.5
1783351116276,2026-07-06 17:18:36.276,C3:00:00:63:4C:D2,-54,127,3.0,3.5,1.5
1783351116284,2026-07-06 17:18:36.284,C3:00:00:63:4D:04,-57,127,3.0,3.5,1.5
1783351116300,2026-07-06 17:18:36.300,C3:00:00:63:4D:09,-62,127,3.0,3.5,1.5
1783351116302,2026-07-06 17:18:36.302,C3:00:00:63:4D:04,-64,127,3.0,3.5,1.5
1783351116346,2026-07-06 17:18:36.346,C3:00:00:63:4D:0D,-57,127,3.0,3.5,1.5
1783351116350,2026-07-06 17:18:36.350,C3:00:00:63:4D:07,-55,127,3.0,3.5,1.5
1783351116384,2026-07-06 17:18:36.384,C3:00:00:63:4C:D2,-60,127,3.0,3.5,1.5
1783351116400,2026-07-06 17:18:36.400,C3:00:00:63:4D:04,-60,127,3.0,3.5,1.5
1783351116402,2026-07-06 17:18:36.402,C3:00:00:63:4D:08,-61,127,3.0,3.5,1.5
1783351116407,2026-07-06 17:18:36.407,C3:00:00:63:4D:09,-69,127,3.0,3.5,1.5
1783351116417,2026-07-06 17:18:36.417,C3:00:00:63:4D:04,-60,127,3.0,3.5,1.5
1783351116421,2026-07-06 17:18:36.421,C3:00:00:63:4D:05,-54,127,3.0,3.5,1.5
1783351116435,2026-07-06 17:18:36.435,C3:00:00:63:4D:0A,-63,127,3.0,3.5,1.5
1783351116451,2026-07-06 17:18:36.451,C3:00:00:63:4D:07,-56,127,3.0,3.5,1.5
1783351116454,2026-07-06 17:18:36.454,C3:00:00:63:4D:0D,-57,127,3.0,3.5,1.5
1783351116484,2026-07-06 17:18:36.484,C3:00:00:63:4C:D2,-61,127,3.0,3.5,1.5
1783351116508,2026-07-06 17:18:36.508,C3:00:00:63:4D:04,-55,127,3.0,3.5,1.5
1783351116516,2026-07-06 17:18:36.516,C3:00:00:63:4D:08,-57,127,3.0,3.5,1.5
1783351116590,2026-07-06 17:18:36.590,C3:00:00:63:4C:D2,-54,127,3.0,3.5,1.5
1783351116611,2026-07-06 17:18:36.611,C3:00:00:63:4D:04,-56,127,3.0,3.5,1.5
1783351116616,2026-07-06 17:18:36.616,C3:00:00:63:4C:D2,-54,127,3.0,3.5,1.5
1783351116620,2026-07-06 17:18:36.620,C3:00:00:63:4D:05,-58,127,3.0,3.5,1.5
1783351116625,2026-07-06 17:18:36.625,C3:00:00:63:4D:08,-66,127,3.0,3.5,1.5
1783351116632,2026-07-06 17:18:36.632,C3:00:00:63:4D:09,-69,127,3.0,3.5,1.5
1783351116642,2026-07-06 17:18:36.642,C3:00:00:63:4D:0A,-61,127,3.0,3.5,1.5
1783351116675,2026-07-06 17:18:36.675,C3:00:00:63:4D:07,-61,127,3.0,3.5,1.5
1783351116698,2026-07-06 17:18:36.698,C3:00:00:63:4C:D2,-60,127,3.0,3.5,1.5
1783351116703,2026-07-06 17:18:36.703,C3:00:00:63:4D:04,-60,127,3.0,3.5,1.5
1783351116728,2026-07-06 17:18:36.728,C3:00:00:63:4D:05,-59,127,3.0,3.5,1.5
1783351116748,2026-07-06 17:18:36.748,C3:00:00:63:4D:08,-57,127,3.0,3.5,1.5
1783351116751,2026-07-06 17:18:36.751,C3:00:00:63:4D:0A,-63,127,3.0,3.5,1.5
1783351116753,2026-07-06 17:18:36.753,C3:00:00:63:4D:07,-56,127,3.0,3.5,1.5
1783351116755,2026-07-06 17:18:36.755,C3:00:00:63:4D:09,-62,127,3.0,3.5,1.5
1783351116775,2026-07-06 17:18:36.775,C3:00:00:63:4D:0D,-57,127,3.0,3.5,1.5
1783351116805,2026-07-06 17:18:36.805,C3:00:00:63:4C:D2,-61,127,3.0,3.5,1.5
1783351116809,2026-07-06 17:18:36.809,C3:00:00:63:4D:04,-55,127,3.0,3.5,1.5
1783351116829,2026-07-06 17:18:36.829,C3:00:00:63:4D:05,-58,127,3.0,3.5,1.5
1783351116854,2026-07-06 17:18:36.854,C3:00:00:63:4D:07,-58,127,3.0,3.5,1.5
1783351116860,2026-07-06 17:18:36.860,C3:00:00:63:4D:0A,-62,127,3.0,3.5,1.5
1783351116864,2026-07-06 17:18:36.864,C3:00:00:63:4D:08,-66,127,3.0,3.5,1.5
1783351116870,2026-07-06 17:18:36.870,C3:00:00:63:4D:09,-63,127,3.0,3.5,1.5
1783351116883,2026-07-06 17:18:36.883,C3:00:00:63:4D:0D,-48,127,3.0,3.5,1.5
1783351116918,2026-07-06 17:18:36.918,C3:00:00:63:4D:04,-56,127,3.0,3.5,1.5
1783351116924,2026-07-06 17:18:36.924,C3:00:00:63:4D:0A,-62,127,3.0,3.5,1.5
1783351116948,2026-07-06 17:18:36.948,C3:00:00:63:4D:07,-54,127,3.0,3.5,1.5
1783351116955,2026-07-06 17:18:36.955,C3:00:00:63:4D:0A,-61,127,3.0,3.5,1.5
1783351116974,2026-07-06 17:18:36.974,C3:00:00:63:4D:08,-60,127,3.0,3.5,1.5
1783351116979,2026-07-06 17:18:36.979,C3:00:00:63:4D:09,-69,127,3.0,3.5,1.5
1783351116985,2026-07-06 17:18:36.985,C3:00:00:63:4D:0D,-57,127,3.0,3.5,1.5
1783351116989,2026-07-06 17:18:36.989,C3:00:00:63:4D:05,-54,127,3.0,3.5,1.5
1783351117012,2026-07-06 17:18:37.012,C3:00:00:63:4C:D2,-60,127,3.0,3.5,1.5
1783351117017,2026-07-06 17:18:37.017,C3:00:00:63:4D:04,-60,127,3.0,3.5,1.5
1783351117025,2026-07-06 17:18:37.025,C3:00:00:63:4D:0D,-57,127,3.0,3.5,1.5
1783351117029,2026-07-06 17:18:37.029,C3:00:00:63:4D:05,-54,127,3.0,3.5,1.5
1783351117089,2026-07-06 17:18:37.089,C3:00:00:63:4D:09,-62,127,3.0,3.5,1.5
1783351117118,2026-07-06 17:18:37.118,C3:00:00:63:4D:04,-59,127,3.0,3.5,1.5
1783351117125,2026-07-06 17:18:37.125,C3:00:00:63:4D:05,-59,127,3.0,3.5,1.5
1783351117149,2026-07-06 17:18:37.149,C3:00:00:63:4D:07,-58,127,3.0,3.5,1.5
1783351117170,2026-07-06 17:18:37.170,C3:00:00:63:4D:0A,-62,127,3.0,3.5,1.5
1783351117173,2026-07-06 17:18:37.173,C3:00:00:63:4D:09,-63,127,3.0,3.5,1.5
1783351117205,2026-07-06 17:18:37.205,C3:00:00:63:4D:0D,-49,127,3.0,3.5,1.5
1783351117209,2026-07-06 17:18:37.209,C3:00:00:63:4D:09,-63,127,3.0,3.5,1.5
1783351117214,2026-07-06 17:18:37.214,C3:00:00:63:4D:08,-66,127,3.0,3.5,1.5
1783351117224,2026-07-06 17:18:37.224,C3:00:00:63:4C:D2,-54,127,3.0,3.5,1.5
1783351117228,2026-07-06 17:18:37.228,C3:00:00:63:4D:04,-56,127,3.0,3.5,1.5
1783351117232,2026-07-06 17:18:37.232,C3:00:00:63:4D:05,-54,127,3.0,3.5,1.5
1783351117252,2026-07-06 17:18:37.252,C3:00:00:63:4D:07,-54,127,3.0,3.5,1.5
1783351117269,2026-07-06 17:18:37.269,C3:00:00:63:4D:0A,-61,127,3.0,3.5,1.5
1783351117318,2026-07-06 17:18:37.318,C3:00:00:63:4D:0D,-57,127,3.0,3.5,1.5
1783351117323,2026-07-06 17:18:37.323,C3:00:00:63:4D:09,-69,127,3.0,3.5,1.5
1783351117328,2026-07-06 17:18:37.328,C3:00:00:63:4D:08,-60,127,3.0,3.5,1.5
1783351117333,2026-07-06 17:18:37.333,C3:00:00:63:4D:04,-60,127,3.0,3.5,1.5
1783351117337,2026-07-06 17:18:37.337,C3:00:00:63:4D:05,-54,127,3.0,3.5,1.5
1783351117339,2026-07-06 17:18:37.339,C3:00:00:63:4C:D2,-61,127,3.0,3.5,1.5
1783351117350,2026-07-06 17:18:37.350,C3:00:00:63:4D:07,-56,127,3.0,3.5,1.5
1783351117372,2026-07-06 17:18:37.372,C3:00:00:63:4D:0A,-63,127,3.0,3.5,1.5
1783351117420,2026-07-06 17:18:37.420,C3:00:00:63:4D:0D,-57,127,3.0,3.5,1.5
1783351117432,2026-07-06 17:18:37.432,C3:00:00:63:4D:04,-56,127,3.0,3.5,1.5
1783351117445,2026-07-06 17:18:37.445,C3:00:00:63:4D:05,-58,127,3.0,3.5,1.5
1783351117452,2026-07-06 17:18:37.452,C3:00:00:63:4D:09,-63,127,3.0,3.5,1.5
1783351117455,2026-07-06 17:18:37.455,C3:00:00:63:4C:D2,-54,127,3.0,3.5,1.5
1783351117462,2026-07-06 17:18:37.462,C3:00:00:63:4D:07,-58,127,3.0,3.5,1.5
1783351117470,2026-07-06 17:18:37.470,C3:00:00:63:4D:05,-65,127,3.0,3.5,1.5
1783351117476,2026-07-06 17:18:37.476,C3:00:00:63:4D:08,-66,127,3.0,3.5,1.5
1783351117483,2026-07-06 17:18:37.483,C3:00:00:63:4D:0A,-62,127,3.0,3.5,1.5
1783351117534,2026-07-06 17:18:37.534,C3:00:00:63:4D:05,-54,127,3.0,3.5,1.5
1783351117552,2026-07-06 17:18:37.552,C3:00:00:63:4D:09,-69,127,3.0,3.5,1.5
1783351117556,2026-07-06 17:18:37.556,C3:00:00:63:4C:D2,-60,127,3.0,3.5,1.5
1783351117560,2026-07-06 17:18:37.560,C3:00:00:63:4D:07,-54,127,3.0,3.5,1.5
1783351117562,2026-07-06 17:18:37.562,C3:00:00:63:4D:08,-60,127,3.0,3.5,1.5
1783351117585,2026-07-06 17:18:37.585,C3:00:00:63:4D:0A,-61,127,3.0,3.5,1.5
1783351117601,2026-07-06 17:18:37.601,C3:00:00:63:4D:0D,-57,127,3.0,3.5,1.5
1783351117608,2026-07-06 17:18:37.608,C3:00:00:63:4D:0A,-69,127,3.0,3.5,1.5
1783351117636,2026-07-06 17:18:37.636,C3:00:00:63:4D:0D,-57,127,3.0,3.5,1.5
1783351117648,2026-07-06 17:18:37.648,C3:00:00:63:4D:07,-56,127,3.0,3.5,1.5
1783351117656,2026-07-06 17:18:37.656,C3:00:00:63:4C:D2,-61,127,3.0,3.5,1.5
1783351117667,2026-07-06 17:18:37.667,C3:00:00:63:4D:08,-57,127,3.0,3.5,1.5
1783351117693,2026-07-06 17:18:37.693,C3:00:00:63:4D:0A,-63,127,3.0,3.5,1.5
1783351117698,2026-07-06 17:18:37.698,C3:00:00:63:4D:07,-57,127,3.0,3.5,1.5
1783351117743,2026-07-06 17:18:37.743,C3:00:00:63:4D:05,-58,127,3.0,3.5,1.5
1783351117745,2026-07-06 17:18:37.745,C3:00:00:63:4D:04,-56,127,3.0,3.5,1.5
1783351117752,2026-07-06 17:18:37.752,C3:00:00:63:4D:0D,-49,127,3.0,3.5,1.5
1783351117764,2026-07-06 17:18:37.764,C3:00:00:63:4D:07,-58,127,3.0,3.5,1.5
1783351117769,2026-07-06 17:18:37.769,C3:00:00:63:4C:D2,-54,127,3.0,3.5,1.5
1783351117778,2026-07-06 17:18:37.778,C3:00:00:63:4D:09,-63,127,3.0,3.5,1.5
1783351117780,2026-07-06 17:18:37.780,C3:00:00:63:4C:D2,-54,127,3.0,3.5,1.5
1783351117783,2026-07-06 17:18:37.783,C3:00:00:63:4D:08,-66,127,3.0,3.5,1.5
1783351117833,2026-07-06 17:18:37.833,C3:00:00:63:4D:05,-54,127,3.0,3.5,1.5
1783351117864,2026-07-06 17:18:37.864,C3:00:00:63:4C:D2,-60,127,3.0,3.5,1.5
1783351117888,2026-07-06 17:18:37.888,C3:00:00:63:4D:09,-69,127,3.0,3.5,1.5
1783351117893,2026-07-06 17:18:37.893,C3:00:00:63:4D:08,-61,127,3.0,3.5,1.5
1783351117900,2026-07-06 17:18:37.900,C3:00:00:63:4D:0A,-61,127,3.0,3.5,1.5
1783351117944,2026-07-06 17:18:37.944,C3:00:00:63:4D:04,-55,127,3.0,3.5,1.5
1783351117948,2026-07-06 17:18:37.948,C3:00:00:63:4D:07,-57,127,3.0,3.5,1.5
1783351117954,2026-07-06 17:18:37.954,C3:00:00:63:4D:0D,-58,127,3.0,3.5,1.5
1783351117970,2026-07-06 17:18:37.970,C3:00:00:63:4D:05,-59,127,3.0,3.5,1.5
1783351117986,2026-07-06 17:18:37.986,C3:00:00:63:4D:08,-57,127,3.0,3.5,1.5
1783351117991,2026-07-06 17:18:37.991,C3:00:00:63:4C:D2,-68,127,3.0,3.5,1.5
1783351117997,2026-07-06 17:18:37.997,C3:00:00:63:4D:09,-62,127,3.0,3.5,1.5
1783351118004,2026-07-06 17:18:38.004,C3:00:00:63:4D:0A,-63,127,3.0,3.5,1.5
1783351118018,2026-07-06 17:18:38.018,C3:00:00:63:4D:09,-62,127,3.0,3.5,1.5
1783351118029,2026-07-06 17:18:38.029,C3:00:00:63:4D:0A,-62,127,3.0,3.5,1.5
1783351118047,2026-07-06 17:18:38.047,C3:00:00:63:4D:04,-56,127,3.0,3.5,1.5
1783351118051,2026-07-06 17:18:38.051,C3:00:00:63:4D:07,-58,127,3.0,3.5,1.5
1783351118118,2026-07-06 17:18:38.118,C3:00:00:63:4D:0A,-62,127,3.0,3.5,1.5
1783351118123,2026-07-06 17:18:38.123,C3:00:00:63:4D:09,-63,127,3.0,3.5,1.5
1783351118130,2026-07-06 17:18:38.130,C3:00:00:63:4D:08,-60,127,3.0,3.5,1.5
1783351118152,2026-07-06 17:18:38.152,C3:00:00:63:4D:04,-60,127,3.0,3.5,1.5
1783351118175,2026-07-06 17:18:38.175,C3:00:00:63:4C:D2,-60,127,3.0,3.5,1.5
1783351118219,2026-07-06 17:18:38.219,C3:00:00:63:4D:0A,-61,127,3.0,3.5,1.5
1783351118236,2026-07-06 17:18:38.236,C3:00:00:63:4D:09,-62,127,3.0,3.5,1.5
1783351118241,2026-07-06 17:18:38.241,C3:00:00:63:4D:08,-57,127,3.0,3.5,1.5
1783351118244,2026-07-06 17:18:38.244,C3:00:00:63:4D:05,-59,127,3.0,3.5,1.5
1783351118251,2026-07-06 17:18:38.251,C3:00:00:63:4D:07,-56,127,3.0,3.5,1.5
1783351118253,2026-07-06 17:18:38.253,C3:00:00:63:4D:04,-55,127,3.0,3.5,1.5
1783351118283,2026-07-06 17:18:38.283,C3:00:00:63:4D:04,-56,127,3.0,3.5,1.5
1783351118289,2026-07-06 17:18:38.289,C3:00:00:63:4C:D2,-61,127,3.0,3.5,1.5
1783351118355,2026-07-06 17:18:38.355,C3:00:00:63:4D:09,-63,127,3.0,3.5,1.5
1783351118361,2026-07-06 17:18:38.361,C3:00:00:63:4D:08,-66,127,3.0,3.5,1.5
1783351118365,2026-07-06 17:18:38.365,C3:00:00:63:4D:04,-56,127,3.0,3.5,1.5
1783351118388,2026-07-06 17:18:38.388,C3:00:00:63:4C:D2,-54,127,3.0,3.5,1.5
1783351118393,2026-07-06 17:18:38.393,C3:00:00:63:4D:0D,-49,127,3.0,3.5,1.5
1783351118418,2026-07-06 17:18:38.418,C3:00:00:63:4D:04,-57,127,3.0,3.5,1.5
1783351118425,2026-07-06 17:18:38.425,C3:00:00:63:4D:08,-74,127,3.0,3.5,1.5
1783351118432,2026-07-06 17:18:38.432,C3:00:00:63:4D:09,-71,127,3.0,3.5,1.5
1783351118437,2026-07-06 17:18:38.437,C3:00:00:63:4D:05,-54,127,3.0,3.5,1.5
1783351118460,2026-07-06 17:18:38.460,C3:00:00:63:4D:04,-60,127,3.0,3.5,1.5
1783351118467,2026-07-06 17:18:38.467,C3:00:00:63:4D:09,-69,127,3.0,3.5,1.5
1783351118471,2026-07-06 17:18:38.471,C3:00:00:63:4D:07,-54,127,3.0,3.5,1.5
1783351118531,2026-07-06 17:18:38.531,C3:00:00:63:4D:0A,-63,127,3.0,3.5,1.5
1783351118552,2026-07-06 17:18:38.552,C3:00:00:63:4D:07,-56,127,3.0,3.5,1.5
1783351118557,2026-07-06 17:18:38.557,C3:00:00:63:4D:05,-59,127,3.0,3.5,1.5
1783351118564,2026-07-06 17:18:38.564,C3:00:00:63:4D:04,-55,127,3.0,3.5,1.5
1783351118582,2026-07-06 17:18:38.582,C3:00:00:63:4D:09,-62,127,3.0,3.5,1.5
1783351118605,2026-07-06 17:18:38.605,C3:00:00:63:4D:0D,-57,127,3.0,3.5,1.5
1783351118610,2026-07-06 17:18:38.610,C3:00:00:63:4C:D2,-60,127,3.0,3.5,1.5
1783351118634,2026-07-06 17:18:38.634,C3:00:00:63:4C:D2,-54,127,3.0,3.5,1.5
1783351118641,2026-07-06 17:18:38.641,C3:00:00:63:4D:0A,-62,127,3.0,3.5,1.5
1783351118646,2026-07-06 17:18:38.646,C3:00:00:63:4D:05,-58,127,3.0,3.5,1.5
1783351118650,2026-07-06 17:18:38.650,C3:00:00:63:4D:07,-58,127,3.0,3.5,1.5
1783351118667,2026-07-06 17:18:38.667,C3:00:00:63:4D:04,-56,127,3.0,3.5,1.5
1783351118683,2026-07-06 17:18:38.683,C3:00:00:63:4D:09,-63,127,3.0,3.5,1.5
1783351118705,2026-07-06 17:18:38.705,C3:00:00:63:4D:08,-66,127,3.0,3.5,1.5
1783351118715,2026-07-06 17:18:38.715,C3:00:00:63:4D:0D,-49,127,3.0,3.5,1.5
1783351118722,2026-07-06 17:18:38.722,C3:00:00:63:4C:D2,-53,127,3.0,3.5,1.5
1783351118738,2026-07-06 17:18:38.738,C3:00:00:63:4D:0A,-61,127,3.0,3.5,1.5
1783351118745,2026-07-06 17:18:38.745,C3:00:00:63:4D:05,-54,127,3.0,3.5,1.5
1783351118815,2026-07-06 17:18:38.815,C3:00:00:63:4C:D2,-60,127,3.0,3.5,1.5
1783351118818,2026-07-06 17:18:38.818,C3:00:00:63:4D:08,-61,127,3.0,3.5,1.5
1783351118833,2026-07-06 17:18:38.833,C3:00:00:63:4D:0D,-57,127,3.0,3.5,1.5
1783351118846,2026-07-06 17:18:38.846,C3:00:00:63:4D:05,-58,127,3.0,3.5,1.5
1783351118850,2026-07-06 17:18:38.850,C3:00:00:63:4D:07,-57,127,3.0,3.5,1.5
1783351118852,2026-07-06 17:18:38.852,C3:00:00:63:4D:0A,-64,127,3.0,3.5,1.5
1783351118869,2026-07-06 17:18:38.869,C3:00:00:63:4D:04,-55,127,3.0,3.5,1.5
1783351118921,2026-07-06 17:18:38.921,C3:00:00:63:4D:09,-61,127,3.0,3.5,1.5
1783351118923,2026-07-06 17:18:38.923,C3:00:00:63:4C:D2,-60,127,3.0,3.5,1.5
1783351118926,2026-07-06 17:18:38.926,C3:00:00:63:4D:0A,-63,127,3.0,3.5,1.5
1783351118932,2026-07-06 17:18:38.932,C3:00:00:63:4D:0D,-49,127,3.0,3.5,1.5
1783351118950,2026-07-06 17:18:38.950,C3:00:00:63:4D:05,-58,127,3.0,3.5,1.5
1783351118954,2026-07-06 17:18:38.954,C3:00:00:63:4D:07,-58,127,3.0,3.5,1.5
1783351118965,2026-07-06 17:18:38.965,C3:00:00:63:4D:0A,-62,127,3.0,3.5,1.5
1783351119027,2026-07-06 17:18:39.027,C3:00:00:63:4D:0D,-49,127,3.0,3.5,1.5
1783351119032,2026-07-06 17:18:39.032,C3:00:00:63:4C:D2,-60,127,3.0,3.5,1.5
1783351119045,2026-07-06 17:18:39.045,C3:00:00:63:4D:08,-60,127,3.0,3.5,1.5
1783351119048,2026-07-06 17:18:39.048,C3:00:00:63:4D:07,-54,127,3.0,3.5,1.5
1783351119062,2026-07-06 17:18:39.062,C3:00:00:63:4D:0D,-57,127,3.0,3.5,1.5
1783351119152,2026-07-06 17:18:39.152,C3:00:00:63:4D:07,-56,127,3.0,3.5,1.5
1783351119158,2026-07-06 17:18:39.158,C3:00:00:63:4D:05,-59,127,3.0,3.5,1.5
1783351119161,2026-07-06 17:18:39.161,C3:00:00:63:4D:0D,-57,127,3.0,3.5,1.5
1783351119164,2026-07-06 17:18:39.164,C3:00:00:63:4D:09,-62,127,3.0,3.5,1.5
1783351119167,2026-07-06 17:18:39.167,C3:00:00:63:4D:08,-57,127,3.0,3.5,1.5
1783351119180,2026-07-06 17:18:39.180,C3:00:00:63:4D:04,-55,127,3.0,3.5,1.5
1783351119188,2026-07-06 17:18:39.188,C3:00:00:63:4D:09,-62,127,3.0,3.5,1.5
1783351119244,2026-07-06 17:18:39.244,C3:00:00:63:4C:D2,-54,127,3.0,3.5,1.5
1783351119248,2026-07-06 17:18:39.248,C3:00:00:63:4D:07,-58,127,3.0,3.5,1.5
1783351119253,2026-07-06 17:18:39.253,C3:00:00:63:4D:0D,-49,127,3.0,3.5,1.5
1783351119266,2026-07-06 17:18:39.266,C3:00:00:63:4D:09,-63,127,3.0,3.5,1.5
1783351119342,2026-07-06 17:18:39.342,C3:00:00:63:4C:D2,-60,127,3.0,3.5,1.5
1783351119346,2026-07-06 17:18:39.346,C3:00:00:63:4D:05,-54,127,3.0,3.5,1.5
1783351119351,2026-07-06 17:18:39.351,C3:00:00:63:4D:07,-54,127,3.0,3.5,1.5
1783351119366,2026-07-06 17:18:39.366,C3:00:00:63:4D:0D,-57,127,3.0,3.5,1.5
1783351119429,2026-07-06 17:18:39.429,C3:00:00:63:4D:0D,-57,127,3.0,3.5,1.5
1783351119453,2026-07-06 17:18:39.453,C3:00:00:63:4C:D2,-61,127,3.0,3.5,1.5
1783351119458,2026-07-06 17:18:39.458,C3:00:00:63:4D:07,-56,127,3.0,3.5,1.5
1783351119463,2026-07-06 17:18:39.463,C3:00:00:63:4D:05,-59,127,3.0,3.5,1.5
1783351119469,2026-07-06 17:18:39.469,C3:00:00:63:4D:08,-56,127,3.0,3.5,1.5
1783351119475,2026-07-06 17:18:39.475,C3:00:00:63:4D:0D,-57,127,3.0,3.5,1.5
1783351119488,2026-07-06 17:18:39.488,C3:00:00:63:4D:04,-55,127,3.0,3.5,1.5
1783351119489,2026-07-06 17:18:39.489,C3:00:00:63:4D:09,-62,127,3.0,3.5,1.5
1783351119503,2026-07-06 17:18:39.503,C3:00:00:63:4D:08,-57,127,3.0,3.5,1.5
1783351119557,2026-07-06 17:18:39.557,C3:00:00:63:4D:07,-58,127,3.0,3.5,1.5
1783351119560,2026-07-06 17:18:39.560,C3:00:00:63:4D:05,-58,127,3.0,3.5,1.5
1783351119566,2026-07-06 17:18:39.566,C3:00:00:63:4C:D2,-54,127,3.0,3.5,1.5
1783351119588,2026-07-06 17:18:39.588,C3:00:00:63:4D:04,-56,127,3.0,3.5,1.5
1783351119603,2026-07-06 17:18:39.603,C3:00:00:63:4D:09,-63,127,3.0,3.5,1.5
1783351119652,2026-07-06 17:18:39.652,C3:00:00:63:4D:05,-54,127,3.0,3.5,1.5
1783351119664,2026-07-06 17:18:39.664,C3:00:00:63:4C:D2,-60,127,3.0,3.5,1.5
1783351119687,2026-07-06 17:18:39.687,C3:00:00:63:4D:0D,-57,127,3.0,3.5,1.5
1783351119693,2026-07-06 17:18:39.693,C3:00:00:63:4D:0A,-61,127,3.0,3.5,1.5
1783351119734,2026-07-06 17:18:39.734,C3:00:00:63:4D:08,-56,127,3.0,3.5,1.5
1783351119751,2026-07-06 17:18:39.751,C3:00:00:63:4D:07,-57,127,3.0,3.5,1.5
1783351119756,2026-07-06 17:18:39.756,C3:00:00:63:4D:04,-56,127,3.0,3.5,1.5
1783351119761,2026-07-06 17:18:39.761,C3:00:00:63:4D:05,-58,127,3.0,3.5,1.5
1783351119766,2026-07-06 17:18:39.766,C3:00:00:63:4C:D2,-60,127,3.0,3.5,1.5
1783351119786,2026-07-06 17:18:39.786,C3:00:00:63:4C:D2,-60,127,3.0,3.5,1.5
1783351119791,2026-07-06 17:18:39.791,C3:00:00:63:4D:0D,-58,127,3.0,3.5,1.5
1783351119795,2026-07-06 17:18:39.795,C3:00:00:63:4D:0A,-63,127,3.0,3.5,1.5
1783351119797,2026-07-06 17:18:39.797,C3:00:00:63:4D:04,-55,127,3.0,3.5,1.5
1783351119829,2026-07-06 17:18:39.829,C3:00:00:63:4D:09,-61,127,3.0,3.5,1.5
1783351119853,2026-07-06 17:18:39.853,C3:00:00:63:4D:07,-58,127,3.0,3.5,1.5
1783351119860,2026-07-06 17:18:39.860,C3:00:00:63:4D:08,-68,127,3.0,3.5,1.5
1783351119866,2026-07-06 17:18:39.866,C3:00:00:63:4D:05,-55,127,3.0,3.5,1.5
1783351119880,2026-07-06 17:18:39.880,C3:00:00:63:4C:D2,-53,127,3.0,3.5,1.5
1783351119896,2026-07-06 17:18:39.896,C3:00:00:63:4D:04,-56,127,3.0,3.5,1.5
1783351119906,2026-07-06 17:18:39.906,C3:00:00:63:4D:0A,-62,127,3.0,3.5,1.5
1783351119913,2026-07-06 17:18:39.913,C3:00:00:63:4D:0D,-49,127,3.0,3.5,1.5
1783351119937,2026-07-06 17:18:39.937,C3:00:00:63:4D:09,-69,127,3.0,3.5,1.5
1783351119948,2026-07-06 17:18:39.948,C3:00:00:63:4D:07,-55,127,3.0,3.5,1.5
1783351119962,2026-07-06 17:18:39.962,C3:00:00:63:4D:05,-54,127,3.0,3.5,1.5
1783351119972,2026-07-06 17:18:39.972,C3:00:00:63:4D:08,-61,127,3.0,3.5,1.5
1783351119978,2026-07-06 17:18:39.978,C3:00:00:63:4D:05,-54,127,3.0,3.5,1.5
1783351119984,2026-07-06 17:18:39.984,C3:00:00:63:4C:D2,-60,127,3.0,3.5,1.5
1783351119993,2026-07-06 17:18:39.993,C3:00:00:63:4D:08,-62,127,3.0,3.5,1.5
1783351120001,2026-07-06 17:18:40.001,C3:00:00:63:4D:09,-71,127,3.0,3.5,1.5
1783351120003,2026-07-06 17:18:40.003,C3:00:00:63:4D:0A,-61,127,3.0,3.5,1.5
1783351120007,2026-07-06 17:18:40.007,C3:00:00:63:4D:04,-60,127,3.0,3.5,1.5
1783351120012,2026-07-06 17:18:40.012,C3:00:00:63:4D:0D,-57,127,3.0,3.5,1.5
1783351120021,2026-07-06 17:18:40.021,C3:00:00:63:4D:0A,-61,127,3.0,3.5,1.5
1783351120057,2026-07-06 17:18:40.057,C3:00:00:63:4D:07,-56,127,3.0,3.5,1.5
1783351120060,2026-07-06 17:18:40.060,C3:00:00:63:4D:05,-58,127,3.0,3.5,1.5
1783351120079,2026-07-06 17:18:40.079,C3:00:00:63:4D:08,-56,127,3.0,3.5,1.5
1783351120126,2026-07-06 17:18:40.126,C3:00:00:63:4D:0D,-58,127,3.0,3.5,1.5
1783351120147,2026-07-06 17:18:40.147,C3:00:00:63:4D:05,-55,127,3.0,3.5,1.5
1783351120151,2026-07-06 17:18:40.151,C3:00:00:63:4D:07,-58,127,3.0,3.5,1.5
1783351120171,2026-07-06 17:18:40.171,C3:00:00:63:4D:05,-55,127,3.0,3.5,1.5
1783351120175,2026-07-06 17:18:40.175,C3:00:00:63:4D:09,-61,127,3.0,3.5,1.5
1783351120181,2026-07-06 17:18:40.181,C3:00:00:63:4D:08,-69,127,3.0,3.5,1.5
1783351120200,2026-07-06 17:18:40.200,C3:00:00:63:4C:D2,-53,127,3.0,3.5,1.5
1783351120204,2026-07-06 17:18:40.204,C3:00:00:63:4D:08,-68,127,3.0,3.5,1.5
1783351120212,2026-07-06 17:18:40.212,C3:00:00:63:4D:04,-56,127,3.0,3.5,1.5
1783351120219,2026-07-06 17:18:40.219,C3:00:00:63:4D:0A,-62,127,3.0,3.5,1.5
1783351120229,2026-07-06 17:18:40.229,C3:00:00:63:4D:0D,-57,127,3.0,3.5,1.5
1783351120254,2026-07-06 17:18:40.254,C3:00:00:63:4D:07,-55,127,3.0,3.5,1.5
1783351120260,2026-07-06 17:18:40.260,C3:00:00:63:4D:05,-54,127,3.0,3.5,1.5
1783351120280,2026-07-06 17:18:40.280,C3:00:00:63:4D:04,-60,127,3.0,3.5,1.5
1783351120298,2026-07-06 17:18:40.298,C3:00:00:63:4C:D2,-60,127,3.0,3.5,1.5
1783351120302,2026-07-06 17:18:40.302,C3:00:00:63:4D:04,-67,127,3.0,3.5,1.5
1783351120307,2026-07-06 17:18:40.307,C3:00:00:63:4D:08,-61,127,3.0,3.5,1.5
1783351120323,2026-07-06 17:18:40.323,C3:00:00:63:4D:0A,-61,127,3.0,3.5,1.5
1783351120328,2026-07-06 17:18:40.328,C3:00:00:63:4D:04,-59,127,3.0,3.5,1.5
1783351120336,2026-07-06 17:18:40.336,C3:00:00:63:4D:0D,-58,127,3.0,3.5,1.5
1783351120350,2026-07-06 17:18:40.350,C3:00:00:63:4D:07,-57,127,3.0,3.5,1.5
1783351120369,2026-07-06 17:18:40.369,C3:00:00:63:4D:05,-58,127,3.0,3.5,1.5
1783351120397,2026-07-06 17:18:40.397,C3:00:00:63:4D:09,-61,127,3.0,3.5,1.5
1783351120406,2026-07-06 17:18:40.406,C3:00:00:63:4C:D2,-60,127,3.0,3.5,1.5
1783351120412,2026-07-06 17:18:40.412,C3:00:00:63:4D:04,-55,127,3.0,3.5,1.5
1783351120419,2026-07-06 17:18:40.419,C3:00:00:63:4D:0A,-63,127,3.0,3.5,1.5
1783351120431,2026-07-06 17:18:40.431,C3:00:00:63:4D:04,-56,127,3.0,3.5,1.5
1783351120449,2026-07-06 17:18:40.449,C3:00:00:63:4D:0D,-49,127,3.0,3.5,1.5
1783351120461,2026-07-06 17:18:40.461,C3:00:00:63:4D:07,-58,127,3.0,3.5,1.5
1783351120488,2026-07-06 17:18:40.488,C3:00:00:63:4D:07,-58,127,3.0,3.5,1.5
1783351120509,2026-07-06 17:18:40.509,C3:00:00:63:4D:09,-61,127,3.0,3.5,1.5
1783351120515,2026-07-06 17:18:40.515,C3:00:00:63:4D:04,-56,127,3.0,3.5,1.5
1783351120518,2026-07-06 17:18:40.518,C3:00:00:63:4C:D2,-53,127,3.0,3.5,1.5
1783351120529,2026-07-06 17:18:40.529,C3:00:00:63:4D:0A,-61,127,3.0,3.5,1.5
1783351120535,2026-07-06 17:18:40.535,C3:00:00:63:4D:08,-60,127,3.0,3.5,1.5
1783351120547,2026-07-06 17:18:40.547,C3:00:00:63:4D:07,-54,127,3.0,3.5,1.5
1783351120555,2026-07-06 17:18:40.555,C3:00:00:63:4D:05,-54,127,3.0,3.5,1.5
1783351120636,2026-07-06 17:18:40.636,C3:00:00:63:4D:0A,-63,127,3.0,3.5,1.5
1783351120641,2026-07-06 17:18:40.641,C3:00:00:63:4C:D2,-60,127,3.0,3.5,1.5
1783351120646,2026-07-06 17:18:40.646,C3:00:00:63:4D:07,-57,127,3.0,3.5,1.5
1783351120658,2026-07-06 17:18:40.658,C3:00:00:63:4D:08,-56,127,3.0,3.5,1.5
1783351120661,2026-07-06 17:18:40.661,C3:00:00:63:4D:0D,-58,127,3.0,3.5,1.5
1783351120665,2026-07-06 17:18:40.665,C3:00:00:63:4D:05,-58,127,3.0,3.5,1.5
1783351120667,2026-07-06 17:18:40.667,C3:00:00:63:4D:07,-64,127,3.0,3.5,1.5
1783351120724,2026-07-06 17:18:40.724,C3:00:00:63:4C:D2,-60,127,3.0,3.5,1.5
1783351120726,2026-07-06 17:18:40.726,C3:00:00:63:4D:04,-55,127,3.0,3.5,1.5
1783351120738,2026-07-06 17:18:40.738,C3:00:00:63:4D:0A,-65,127,3.0,3.5,1.5
1783351120745,2026-07-06 17:18:40.745,C3:00:00:63:4D:09,-61,127,3.0,3.5,1.5
1783351120749,2026-07-06 17:18:40.749,C3:00:00:63:4D:07,-58,127,3.0,3.5,1.5
1783351120767,2026-07-06 17:18:40.767,C3:00:00:63:4D:0D,-49,127,3.0,3.5,1.5
1783351120769,2026-07-06 17:18:40.769,C3:00:00:63:4D:05,-55,127,3.0,3.5,1.5
1783351120777,2026-07-06 17:18:40.777,C3:00:00:63:4D:08,-68,127,3.0,3.5,1.5
1783351120843,2026-07-06 17:18:40.843,C3:00:00:63:4D:0A,-61,127,3.0,3.5,1.5
1783351120847,2026-07-06 17:18:40.847,C3:00:00:63:4D:07,-55,127,3.0,3.5,1.5
1783351120875,2026-07-06 17:18:40.875,C3:00:00:63:4D:0D,-57,127,3.0,3.5,1.5
1783351120935,2026-07-06 17:18:40.935,C3:00:00:63:4D:04,-55,127,3.0,3.5,1.5
1783351120940,2026-07-06 17:18:40.940,C3:00:00:63:4C:D2,-60,127,3.0,3.5,1.5
1783351120946,2026-07-06 17:18:40.946,C3:00:00:63:4D:0A,-63,127,3.0,3.5,1.5
1783351120951,2026-07-06 17:18:40.951,C3:00:00:63:4D:07,-57,127,3.0,3.5,1.5
1783351120973,2026-07-06 17:18:40.973,C3:00:00:63:4D:05,-58,127,3.0,3.5,1.5
1783351120979,2026-07-06 17:18:40.979,C3:00:00:63:4D:09,-61,127,3.0,3.5,1.5
1783351120983,2026-07-06 17:18:40.983,C3:00:00:63:4D:0D,-58,127,3.0,3.5,1.5
1783351120994,2026-07-06 17:18:40.994,C3:00:00:63:4D:05,-58,127,3.0,3.5,1.5
1783351121003,2026-07-06 17:18:41.003,C3:00:00:63:4D:08,-56,127,3.0,3.5,1.5
1783351121032,2026-07-06 17:18:41.032,C3:00:00:63:4D:0D,-49,127,3.0,3.5,1.5
1783351121038,2026-07-06 17:18:41.038,C3:00:00:63:4D:04,-56,127,3.0,3.5,1.5
1783351121041,2026-07-06 17:18:41.041,C3:00:00:63:4C:D2,-53,127,3.0,3.5,1.5
1783351121054,2026-07-06 17:18:41.054,C3:00:00:63:4D:0A,-65,127,3.0,3.5,1.5
1783351121059,2026-07-06 17:18:41.059,C3:00:00:63:4D:07,-58,127,3.0,3.5,1.5
1783351121073,2026-07-06 17:18:41.073,C3:00:00:63:4D:05,-55,127,3.0,3.5,1.5
1783351121078,2026-07-06 17:18:41.078,C3:00:00:63:4D:09,-61,127,3.0,3.5,1.5
1783351121094,2026-07-06 17:18:41.094,C3:00:00:63:4D:0D,-49,127,3.0,3.5,1.5
1783351121133,2026-07-06 17:18:41.133,C3:00:00:63:4D:04,-60,127,3.0,3.5,1.5
1783351121148,2026-07-06 17:18:41.148,C3:00:00:63:4D:07,-53,127,3.0,3.5,1.5
1783351121155,2026-07-06 17:18:41.155,C3:00:00:63:4D:0A,-61,127,3.0,3.5,1.5
1783351121173,2026-07-06 17:18:41.173,C3:00:00:63:4D:05,-54,127,3.0,3.5,1.5
1783351121197,2026-07-06 17:18:41.197,C3:00:00:63:4D:09,-69,127,3.0,3.5,1.5
1783351121204,2026-07-06 17:18:41.204,C3:00:00:63:4D:0D,-57,127,3.0,3.5,1.5
1783351121211,2026-07-06 17:18:41.211,C3:00:00:63:4D:09,-70,127,3.0,3.5,1.5
1783351121228,2026-07-06 17:18:41.228,C3:00:00:63:4D:08,-56,127,3.0,3.5,1.5
1783351121237,2026-07-06 17:18:41.237,C3:00:00:63:4D:04,-55,127,3.0,3.5,1.5
1783351121243,2026-07-06 17:18:41.243,C3:00:00:63:4D:07,-57,127,3.0,3.5,1.5
1783351121346,2026-07-06 17:18:41.346,C3:00:00:63:4D:04,-56,127,3.0,3.5,1.5
1783351121350,2026-07-06 17:18:41.350,C3:00:00:63:4D:07,-58,127,3.0,3.5,1.5
1783351121355,2026-07-06 17:18:41.355,C3:00:00:63:4D:08,-68,127,3.0,3.5,1.5
1783351121361,2026-07-06 17:18:41.361,C3:00:00:63:4C:D2,-53,127,3.0,3.5,1.5
1783351121381,2026-07-06 17:18:41.381,C3:00:00:63:4D:0A,-65,127,3.0,3.5,1.5
1783351121383,2026-07-06 17:18:41.383,C3:00:00:63:4D:05,-55,127,3.0,3.5,1.5
1783351121413,2026-07-06 17:18:41.413,C3:00:00:63:4D:0D,-49,127,3.0,3.5,1.5
1783351121426,2026-07-06 17:18:41.426,C3:00:00:63:4D:09,-69,127,3.0,3.5,1.5
1783351121442,2026-07-06 17:18:41.442,C3:00:00:63:4D:07,-55,127,3.0,3.5,1.5
1783351121449,2026-07-06 17:18:41.449,C3:00:00:63:4D:04,-60,127,3.0,3.5,1.5
1783351121460,2026-07-06 17:18:41.460,C3:00:00:63:4D:08,-61,127,3.0,3.5,1.5
1783351121462,2026-07-06 17:18:41.462,C3:00:00:63:4C:D2,-60,127,3.0,3.5,1.5
1783351121477,2026-07-06 17:18:41.477,C3:00:00:63:4D:08,-61,127,3.0,3.5,1.5
1783351121491,2026-07-06 17:18:41.491,C3:00:00:63:4D:05,-62,127,3.0,3.5,1.5
1783351121519,2026-07-06 17:18:41.519,C3:00:00:63:4D:0D,-57,127,3.0,3.5,1.5
1783351121575,2026-07-06 17:18:41.575,C3:00:00:63:4D:0A,-63,127,3.0,3.5,1.5
1783351121597,2026-07-06 17:18:41.597,C3:00:00:63:4D:0A,-71,127,3.0,3.5,1.5
1783351121611,2026-07-06 17:18:41.611,C3:00:00:63:4D:0D,-58,127,3.0,3.5,1.5
1783351121635,2026-07-06 17:18:41.635,C3:00:00:63:4D:0D,-49,127,3.0,3.5,1.5
1783351121652,2026-07-06 17:18:41.652,C3:00:00:63:4D:09,-61,127,3.0,3.5,1.5
1783351121673,2026-07-06 17:18:41.673,C3:00:00:63:4D:05,-55,127,3.0,3.5,1.5
1783351121685,2026-07-06 17:18:41.685,C3:00:00:63:4C:D2,-53,127,3.0,3.5,1.5
1783351121689,2026-07-06 17:18:41.689,C3:00:00:63:4D:08,-68,127,3.0,3.5,1.5
1783351121712,2026-07-06 17:18:41.712,C3:00:00:63:4D:07,-58,127,3.0,3.5,1.5
1783351121741,2026-07-06 17:18:41.741,C3:00:00:63:4D:0D,-57,127,3.0,3.5,1.5
1783351121753,2026-07-06 17:18:41.753,C3:00:00:63:4D:07,-55,127,3.0,3.5,1.5
1783351121769,2026-07-06 17:18:41.769,C3:00:00:63:4D:09,-69,127,3.0,3.5,1.5
1783351121773,2026-07-06 17:18:41.773,C3:00:00:63:4D:05,-54,127,3.0,3.5,1.5
1783351121800,2026-07-06 17:18:41.800,C3:00:00:63:4C:D2,-60,127,3.0,3.5,1.5
1783351121847,2026-07-06 17:18:41.847,C3:00:00:63:4D:0D,-57,127,3.0,3.5,1.5
1783351121853,2026-07-06 17:18:41.853,C3:00:00:63:4D:07,-56,127,3.0,3.5,1.5
1783351121863,2026-07-06 17:18:41.863,C3:00:00:63:4D:04,-55,127,3.0,3.5,1.5
1783351121879,2026-07-06 17:18:41.879,C3:00:00:63:4D:05,-59,127,3.0,3.5,1.5
1783351121883,2026-07-06 17:18:41.883,C3:00:00:63:4D:09,-62,127,3.0,3.5,1.5
1783351121887,2026-07-06 17:18:41.887,C3:00:00:63:4D:0A,-63,127,3.0,3.5,1.5
1783351121894,2026-07-06 17:18:41.894,C3:00:00:63:4C:D2,-61,127,3.0,3.5,1.5
1783351121920,2026-07-06 17:18:41.920,C3:00:00:63:4D:08,-57,127,3.0,3.5,1.5
1783351121952,2026-07-06 17:18:41.952,C3:00:00:63:4D:07,-58,127,3.0,3.5,1.5
1783351121958,2026-07-06 17:18:41.958,C3:00:00:63:4D:04,-57,127,3.0,3.5,1.5
1783351121980,2026-07-06 17:18:41.980,C3:00:00:63:4D:05,-58,127,3.0,3.5,1.5
1783351121985,2026-07-06 17:18:41.985,C3:00:00:63:4D:0A,-62,127,3.0,3.5,1.5
1783351121993,2026-07-06 17:18:41.993,C3:00:00:63:4D:08,-66,127,3.0,3.5,1.5
1783351122001,2026-07-06 17:18:42.001,C3:00:00:63:4D:05,-58,127,3.0,3.5,1.5
1783351122003,2026-07-06 17:18:42.003,C3:00:00:63:4D:09,-63,127,3.0,3.5,1.5
1783351122005,2026-07-06 17:18:42.005,C3:00:00:63:4C:D2,-54,127,3.0,3.5,1.5
1783351122009,2026-07-06 17:18:42.009,C3:00:00:63:4D:0A,-62,127,3.0,3.5,1.5
1783351122019,2026-07-06 17:18:42.019,C3:00:00:63:4C:D2,-60,127,3.0,3.5,1.5
1783351122022,2026-07-06 17:18:42.022,C3:00:00:63:4D:09,-63,127,3.0,3.5,1.5
1783351122024,2026-07-06 17:18:42.024,C3:00:00:63:4D:0A,-62,127,3.0,3.5,1.5
1783351122032,2026-07-06 17:18:42.032,C3:00:00:63:4D:08,-60,127,3.0,3.5,1.5
1783351122047,2026-07-06 17:18:42.047,C3:00:00:63:4D:07,-54,127,3.0,3.5,1.5
1783351122080,2026-07-06 17:18:42.080,C3:00:00:63:4D:05,-54,127,3.0,3.5,1.5
1783351122108,2026-07-06 17:18:42.108,C3:00:00:63:4D:09,-69,127,3.0,3.5,1.5
1783351122146,2026-07-06 17:18:42.146,C3:00:00:63:4D:07,-56,127,3.0,3.5,1.5
1783351122152,2026-07-06 17:18:42.152,C3:00:00:63:4D:08,-57,127,3.0,3.5,1.5
1783351122163,2026-07-06 17:18:42.163,C3:00:00:63:4D:05,-59,127,3.0,3.5,1.5
1783351122210,2026-07-06 17:18:42.210,C3:00:00:63:4C:D2,-61,127,3.0,3.5,1.5
1783351122216,2026-07-06 17:18:42.216,C3:00:00:63:4D:0A,-63,127,3.0,3.5,1.5
1783351122228,2026-07-06 17:18:42.228,C3:00:00:63:4D:09,-62,127,3.0,3.5,1.5
1783351122246,2026-07-06 17:18:42.246,C3:00:00:63:4D:07,-58,127,3.0,3.5,1.5
1783351122267,2026-07-06 17:18:42.267,C3:00:00:63:4D:08,-66,127,3.0,3.5,1.5
1783351122274,2026-07-06 17:18:42.274,C3:00:00:63:4D:04,-56,127,3.0,3.5,1.5
1783351122277,2026-07-06 17:18:42.277,C3:00:00:63:4D:0D,-49,127,3.0,3.5,1.5
1783351122282,2026-07-06 17:18:42.282,C3:00:00:63:4D:05,-58,127,3.0,3.5,1.5
1783351122318,2026-07-06 17:18:42.318,C3:00:00:63:4D:0A,-62,127,3.0,3.5,1.5
1783351122321,2026-07-06 17:18:42.321,C3:00:00:63:4C:D2,-54,127,3.0,3.5,1.5
1783351122341,2026-07-06 17:18:42.341,C3:00:00:63:4D:09,-68,127,3.0,3.5,1.5
1783351122346,2026-07-06 17:18:42.346,C3:00:00:63:4D:07,-54,127,3.0,3.5,1.5
1783351122373,2026-07-06 17:18:42.373,C3:00:00:63:4D:04,-60,127,3.0,3.5,1.5
1783351122388,2026-07-06 17:18:42.388,C3:00:00:63:4D:0D,-57,127,3.0,3.5,1.5
1783351122417,2026-07-06 17:18:42.417,C3:00:00:63:4D:0A,-61,127,3.0,3.5,1.5
1783351122421,2026-07-06 17:18:42.421,C3:00:00:63:4C:D2,-60,127,3.0,3.5,1.5
1783351122440,2026-07-06 17:18:42.440,C3:00:00:63:4D:08,-65,127,3.0,3.5,1.5
1783351122444,2026-07-06 17:18:42.444,C3:00:00:63:4D:09,-70,127,3.0,3.5,1.5
1783351122448,2026-07-06 17:18:42.448,C3:00:00:63:4D:07,-56,127,3.0,3.5,1.5
1783351122467,2026-07-06 17:18:42.467,C3:00:00:63:4D:09,-62,127,3.0,3.5,1.5
1783351122471,2026-07-06 17:18:42.471,C3:00:00:63:4D:04,-55,127,3.0,3.5,1.5
1783351122484,2026-07-06 17:18:42.484,C3:00:00:63:4D:05,-59,127,3.0,3.5,1.5
1783351122492,2026-07-06 17:18:42.492,C3:00:00:63:4D:08,-56,127,3.0,3.5,1.5
1783351122499,2026-07-06 17:18:42.499,C3:00:00:63:4D:07,-57,127,3.0,3.5,1.5
1783351122502,2026-07-06 17:18:42.502,C3:00:00:63:4D:0D,-57,127,3.0,3.5,1.5
1783351122527,2026-07-06 17:18:42.527,C3:00:00:63:4C:D2,-61,127,3.0,3.5,1.5
1783351122574,2026-07-06 17:18:42.574,C3:00:00:63:4D:09,-63,127,3.0,3.5,1.5
1783351122579,2026-07-06 17:18:42.579,C3:00:00:63:4D:04,-56,127,3.0,3.5,1.5
1783351122601,2026-07-06 17:18:42.601,C3:00:00:63:4D:0D,-49,127,3.0,3.5,1.5
1783351122625,2026-07-06 17:18:42.625,C3:00:00:63:4D:0A,-62,127,3.0,3.5,1.5
1783351122630,2026-07-06 17:18:42.630,C3:00:00:63:4C:D2,-60,127,3.0,3.5,1.5
1783351122648,2026-07-06 17:18:42.648,C3:00:00:63:4D:07,-54,127,3.0,3.5,1.5
1783351122657,2026-07-06 17:18:42.657,C3:00:00:63:4C:D2,-60,127,3.0,3.5,1.5
1783351122679,2026-07-06 17:18:42.679,C3:00:00:63:4D:05,-55,127,3.0,3.5,1.5
1783351122683,2026-07-06 17:18:42.683,C3:00:00:63:4D:04,-60,127,3.0,3.5,1.5
1783351122713,2026-07-06 17:18:42.713,C3:00:00:63:4D:0D,-57,127,3.0,3.5,1.5
1783351122726,2026-07-06 17:18:42.726,C3:00:00:63:4D:08,-61,127,3.0,3.5,1.5
1783351122740,2026-07-06 17:18:42.740,C3:00:00:63:4D:0A,-63,127,3.0,3.5,1.5
1783351122751,2026-07-06 17:18:42.751,C3:00:00:63:4C:D2,-61,127,3.0,3.5,1.5
1783351122753,2026-07-06 17:18:42.753,C3:00:00:63:4D:07,-56,127,3.0,3.5,1.5
1783351122780,2026-07-06 17:18:42.780,C3:00:00:63:4D:04,-55,127,3.0,3.5,1.5
1783351122786,2026-07-06 17:18:42.786,C3:00:00:63:4D:05,-59,127,3.0,3.5,1.5
1783351122798,2026-07-06 17:18:42.798,C3:00:00:63:4D:09,-62,127,3.0,3.5,1.5
1783351122819,2026-07-06 17:18:42.819,C3:00:00:63:4D:0D,-56,127,3.0,3.5,1.5
1783351122839,2026-07-06 17:18:42.839,C3:00:00:63:4D:0A,-62,127,3.0,3.5,1.5
1783351122846,2026-07-06 17:18:42.846,C3:00:00:63:4D:08,-66,127,3.0,3.5,1.5
1783351122908,2026-07-06 17:18:42.908,C3:00:00:63:4D:09,-63,127,3.0,3.5,1.5
1783351122930,2026-07-06 17:18:42.930,C3:00:00:63:4D:0D,-49,127,3.0,3.5,1.5
1783351122945,2026-07-06 17:18:42.945,C3:00:00:63:4D:0A,-61,127,3.0,3.5,1.5
1783351122951,2026-07-06 17:18:42.951,C3:00:00:63:4D:07,-54,127,3.0,3.5,1.5
1783351122960,2026-07-06 17:18:42.960,C3:00:00:63:4D:08,-61,127,3.0,3.5,1.5
1783351122983,2026-07-06 17:18:42.983,C3:00:00:63:4D:05,-54,127,3.0,3.5,1.5
1783351122986,2026-07-06 17:18:42.986,C3:00:00:63:4D:04,-60,127,3.0,3.5,1.5
1783351123027,2026-07-06 17:18:43.027,C3:00:00:63:4D:09,-69,127,3.0,3.5,1.5
1783351123032,2026-07-06 17:18:43.032,C3:00:00:63:4D:0D,-57,127,3.0,3.5,1.5
1783351123046,2026-07-06 17:18:43.046,C3:00:00:63:4D:0A,-63,127,3.0,3.5,1.5
1783351123050,2026-07-06 17:18:43.050,C3:00:00:63:4D:07,-56,127,3.0,3.5,1.5
1783351123054,2026-07-06 17:18:43.054,C3:00:00:63:4C:D2,-61,127,3.0,3.5,1.5
1783351123060,2026-07-06 17:18:43.060,C3:00:00:63:4D:0D,-57,127,3.0,3.5,1.5
1783351123074,2026-07-06 17:18:43.074,C3:00:00:63:4D:08,-57,127,3.0,3.5,1.5
1783351123076,2026-07-06 17:18:43.076,C3:00:00:63:4D:0D,-64,127,3.0,3.5,1.5
1783351123085,2026-07-06 17:18:43.085,C3:00:00:63:4D:05,-59,127,3.0,3.5,1.5
1783351123092,2026-07-06 17:18:43.092,C3:00:00:63:4D:04,-55,127,3.0,3.5,1.5
1783351123150,2026-07-06 17:18:43.150,C3:00:00:63:4D:07,-58,127,3.0,3.5,1.5
1783351123153,2026-07-06 17:18:43.153,C3:00:00:63:4D:0A,-62,127,3.0,3.5,1.5
1783351123159,2026-07-06 17:18:43.159,C3:00:00:63:4D:09,-63,127,3.0,3.5,1.5
1783351123170,2026-07-06 17:18:43.170,C3:00:00:63:4C:D2,-54,127,3.0,3.5,1.5
1783351123187,2026-07-06 17:18:43.187,C3:00:00:63:4D:08,-66,127,3.0,3.5,1.5
1783351123200,2026-07-06 17:18:43.200,C3:00:00:63:4D:04,-56,127,3.0,3.5,1.5
1783351123210,2026-07-06 17:18:43.210,C3:00:00:63:4D:09,-63,127,3.0,3.5,1.5
1783351123249,2026-07-06 17:18:43.249,C3:00:00:63:4D:07,-54,127,3.0,3.5,1.5
1783351123256,2026-07-06 17:18:43.256,C3:00:00:63:4D:0A,-61,127,3.0,3.5,1.5
1783351123269,2026-07-06 17:18:43.269,C3:00:00:63:4C:D2,-60,127,3.0,3.5,1.5
1783351123294,2026-07-06 17:18:43.294,C3:00:00:63:4D:05,-54,127,3.0,3.5,1.5
1783351123299,2026-07-06 17:18:43.299,C3:00:00:63:4D:08,-61,127,3.0,3.5,1.5
1783351123302,2026-07-06 17:18:43.302,C3:00:00:63:4D:04,-60,127,3.0,3.5,1.5
1783351123348,2026-07-06 17:18:43.348,C3:00:00:63:4D:07,-56,127,3.0,3.5,1.5
1783351123358,2026-07-06 17:18:43.358,C3:00:00:63:4D:0D,-57,127,3.0,3.5,1.5
1783351123380,2026-07-06 17:18:43.380,C3:00:00:63:4C:D2,-61,127,3.0,3.5,1.5
1783351123405,2026-07-06 17:18:43.405,C3:00:00:63:4D:04,-55,127,3.0,3.5,1.5
1783351123418,2026-07-06 17:18:43.418,C3:00:00:63:4D:08,-56,127,3.0,3.5,1.5
1783351123467,2026-07-06 17:18:43.467,C3:00:00:63:4D:0D,-49,127,3.0,3.5,1.5
1783351123471,2026-07-06 17:18:43.471,C3:00:00:63:4D:0A,-62,127,3.0,3.5,1.5
1783351123476,2026-07-06 17:18:43.476,C3:00:00:63:4D:08,-66,127,3.0,3.5,1.5
1783351123482,2026-07-06 17:18:43.482,C3:00:00:63:4D:09,-63,127,3.0,3.5,1.5
1783351123484,2026-07-06 17:18:43.484,C3:00:00:63:4C:D2,-54,127,3.0,3.5,1.5
1783351123494,2026-07-06 17:18:43.494,C3:00:00:63:4D:05,-58,127,3.0,3.5,1.5
1783351123511,2026-07-06 17:18:43.511,C3:00:00:63:4D:04,-56,127,3.0,3.5,1.5
1783351123534,2026-07-06 17:18:43.534,C3:00:00:63:4D:08,-61,127,3.0,3.5,1.5
1783351123541,2026-07-06 17:18:43.541,C3:00:00:63:4D:07,-54,127,3.0,3.5,1.5
1783351123559,2026-07-06 17:18:43.559,C3:00:00:63:4D:07,-54,127,3.0,3.5,1.5
1783351123566,2026-07-06 17:18:43.566,C3:00:00:63:4D:0A,-61,127,3.0,3.5,1.5
1783351123570,2026-07-06 17:18:43.570,C3:00:00:63:4D:0D,-57,127,3.0,3.5,1.5
1783351123593,2026-07-06 17:18:43.593,C3:00:00:63:4C:D2,-60,127,3.0,3.5,1.5
1783351123612,2026-07-06 17:18:43.612,C3:00:00:63:4D:04,-60,127,3.0,3.5,1.5
1783351123618,2026-07-06 17:18:43.618,C3:00:00:63:4D:0D,-57,127,3.0,3.5,1.5
1783351123654,2026-07-06 17:18:43.654,C3:00:00:63:4D:07,-56,127,3.0,3.5,1.5
1783351123686,2026-07-06 17:18:43.686,C3:00:00:63:4D:0D,-57,127,3.0,3.5,1.5
1783351123691,2026-07-06 17:18:43.691,C3:00:00:63:4C:D2,-61,127,3.0,3.5,1.5
1783351123699,2026-07-06 17:18:43.699,C3:00:00:63:4D:05,-59,127,3.0,3.5,1.5
1783351123710,2026-07-06 17:18:43.710,C3:00:00:63:4D:04,-55,127,3.0,3.5,1.5
1783351123726,2026-07-06 17:18:43.726,C3:00:00:63:4D:07,-56,127,3.0,3.5,1.5
1783351123749,2026-07-06 17:18:43.749,C3:00:00:63:4D:04,-57,127,3.0,3.5,1.5
1783351123767,2026-07-06 17:18:43.767,C3:00:00:63:4D:08,-66,127,3.0,3.5,1.5
1783351123793,2026-07-06 17:18:43.793,C3:00:00:63:4D:0D,-49,127,3.0,3.5,1.5
1783351123798,2026-07-06 17:18:43.798,C3:00:00:63:4D:05,-58,127,3.0,3.5,1.5
1783351123801,2026-07-06 17:18:43.801,C3:00:00:63:4C:D2,-54,127,3.0,3.5,1.5
1783351123816,2026-07-06 17:18:43.816,C3:00:00:63:4D:04,-56,127,3.0,3.5,1.5
1783351123847,2026-07-06 17:18:43.847,C3:00:00:63:4D:07,-54,127,3.0,3.5,1.5
1783351123878,2026-07-06 17:18:43.878,C3:00:00:63:4D:08,-61,127,3.0,3.5,1.5
1783351123895,2026-07-06 17:18:43.895,C3:00:00:63:4D:0A,-61,127,3.0,3.5,1.5
1783351123900,2026-07-06 17:18:43.900,C3:00:00:63:4C:D2,-60,127,3.0,3.5,1.5
1783351123921,2026-07-06 17:18:43.921,C3:00:00:63:4D:04,-60,127,3.0,3.5,1.5
1783351123942,2026-07-06 17:18:43.942,C3:00:00:63:4D:09,-62,127,3.0,3.5,1.5
1783351123946,2026-07-06 17:18:43.946,C3:00:00:63:4D:07,-56,127,3.0,3.5,1.5
1783351123997,2026-07-06 17:18:43.997,C3:00:00:63:4D:08,-57,127,3.0,3.5,1.5
1783351124012,2026-07-06 17:18:44.012,C3:00:00:63:4D:0D,-57,127,3.0,3.5,1.5
1783351124017,2026-07-06 17:18:44.017,C3:00:00:63:4C:D2,-61,127,3.0,3.5,1.5
1783351124021,2026-07-06 17:18:44.021,C3:00:00:63:4D:05,-60,127,3.0,3.5,1.5
1783351124025,2026-07-06 17:18:44.025,C3:00:00:63:4D:04,-55,127,3.0,3.5,1.5
1783351124040,2026-07-06 17:18:44.040,C3:00:00:63:4D:0A,-62,127,3.0,3.5,1.5
1783351124048,2026-07-06 17:18:44.048,C3:00:00:63:4D:09,-63,127,3.0,3.5,1.5
1783351124053,2026-07-06 17:18:44.053,C3:00:00:63:4D:07,-58,127,3.0,3.5,1.5
1783351124102,2026-07-06 17:18:44.102,C3:00:00:63:4D:05,-58,127,3.0,3.5,1.5
1783351124123,2026-07-06 17:18:44.123,C3:00:00:63:4D:0D,-49,127,3.0,3.5,1.5
1783351124127,2026-07-06 17:18:44.127,C3:00:00:63:4D:04,-56,127,3.0,3.5,1.5
1783351124143,2026-07-06 17:18:44.143,C3:00:00:63:4D:07,-54,127,3.0,3.5,1.5
1783351124162,2026-07-06 17:18:44.162,C3:00:00:63:4D:09,-68,127,3.0,3.5,1.5
1783351124175,2026-07-06 17:18:44.175,C3:00:00:63:4D:05,-55,127,3.0,3.5,1.5
1783351124202,2026-07-06 17:18:44.202,C3:00:00:63:4D:0A,-61,127,3.0,3.5,1.5
1783351124224,2026-07-06 17:18:44.224,C3:00:00:63:4D:04,-60,127,3.0,3.5,1.5
1783351124228,2026-07-06 17:18:44.228,C3:00:00:63:4C:D2,-60,127,3.0,3.5,1.5
1783351124248,2026-07-06 17:18:44.248,C3:00:00:63:4D:07,-56,127,3.0,3.5,1.5
1783351124275,2026-07-06 17:18:44.275,C3:00:00:63:4D:09,-62,127,3.0,3.5,1.5
1783351124293,2026-07-06 17:18:44.293,C3:00:00:63:4D:04,-55,127,3.0,3.5,1.5
1783351124307,2026-07-06 17:18:44.307,C3:00:00:63:4D:0A,-63,127,3.0,3.5,1.5
1783351124312,2026-07-06 17:18:44.312,C3:00:00:63:4D:04,-62,127,3.0,3.5,1.5
1783351124326,2026-07-06 17:18:44.326,C3:00:00:63:4D:0D,-57,127,3.0,3.5,1.5
1783351124333,2026-07-06 17:18:44.333,C3:00:00:63:4D:04,-56,127,3.0,3.5,1.5
1783351124335,2026-07-06 17:18:44.335,C3:00:00:63:4D:08,-66,127,3.0,3.5,1.5
1783351124343,2026-07-06 17:18:44.343,C3:00:00:63:4D:07,-58,127,3.0,3.5,1.5
1783351124398,2026-07-06 17:18:44.398,C3:00:00:63:4D:09,-63,127,3.0,3.5,1.5
1783351124420,2026-07-06 17:18:44.420,C3:00:00:63:4D:0A,-62,127,3.0,3.5,1.5
1783351124435,2026-07-06 17:18:44.435,C3:00:00:63:4C:D2,-60,127,3.0,3.5,1.5
1783351124437,2026-07-06 17:18:44.437,C3:00:00:63:4D:04,-60,127,3.0,3.5,1.5
1783351124441,2026-07-06 17:18:44.441,C3:00:00:63:4D:0D,-57,127,3.0,3.5,1.5
1783351124446,2026-07-06 17:18:44.446,C3:00:00:63:4D:07,-54,127,3.0,3.5,1.5
1783351124454,2026-07-06 17:18:44.454,C3:00:00:63:4D:08,-61,127,3.0,3.5,1.5
1783351124457,2026-07-06 17:18:44.457,C3:00:00:63:4D:04,-59,127,3.0,3.5,1.5
1783351124504,2026-07-06 17:18:44.504,C3:00:00:63:4D:09,-69,127,3.0,3.5,1.5
1783351124506,2026-07-06 17:18:44.506,C3:00:00:63:4D:05,-54,127,3.0,3.5,1.5
1783351124513,2026-07-06 17:18:44.513,C3:00:00:63:4D:0A,-61,127,3.0,3.5,1.5
1783351124536,2026-07-06 17:18:44.536,C3:00:00:63:4D:04,-55,127,3.0,3.5,1.5
1783351124550,2026-07-06 17:18:44.550,C3:00:00:63:4D:07,-57,127,3.0,3.5,1.5
1783351124567,2026-07-06 17:18:44.567,C3:00:00:63:4D:08,-56,127,3.0,3.5,1.5
1783351124601,2026-07-06 17:18:44.601,C3:00:00:63:4D:05,-58,127,3.0,3.5,1.5
1783351124619,2026-07-06 17:18:44.619,C3:00:00:63:4D:09,-61,127,3.0,3.5,1.5
1783351124625,2026-07-06 17:18:44.625,C3:00:00:63:4D:0A,-63,127,3.0,3.5,1.5
1783351124640,2026-07-06 17:18:44.640,C3:00:00:63:4D:04,-56,127,3.0,3.5,1.5
1783351124647,2026-07-06 17:18:44.647,C3:00:00:63:4C:D2,-53,127,3.0,3.5,1.5
1783351124650,2026-07-06 17:18:44.650,C3:00:00:63:4D:07,-58,127,3.0,3.5,1.5
1783351124655,2026-07-06 17:18:44.655,C3:00:00:63:4D:0D,-49,127,3.0,3.5,1.5
1783351124667,2026-07-06 17:18:44.667,C3:00:00:63:4C:D2,-53,127,3.0,3.5,1.5
1783351124673,2026-07-06 17:18:44.673,C3:00:00:63:4D:07,-66,127,3.0,3.5,1.5
1783351124681,2026-07-06 17:18:44.681,C3:00:00:63:4D:08,-69,127,3.0,3.5,1.5
1783351124708,2026-07-06 17:18:44.708,C3:00:00:63:4D:05,-58,127,3.0,3.5,1.5
1783351124746,2026-07-06 17:18:44.746,C3:00:00:63:4D:04,-60,127,3.0,3.5,1.5
1783351124751,2026-07-06 17:18:44.751,C3:00:00:63:4D:07,-54,127,3.0,3.5,1.5
1783351124793,2026-07-06 17:18:44.793,C3:00:00:63:4D:08,-61,127,3.0,3.5,1.5
1783351124837,2026-07-06 17:18:44.837,C3:00:00:63:4D:0A,-63,127,3.0,3.5,1.5
1783351124842,2026-07-06 17:18:44.842,C3:00:00:63:4D:04,-55,127,3.0,3.5,1.5
1783351124848,2026-07-06 17:18:44.848,C3:00:00:63:4D:09,-61,127,3.0,3.5,1.5
1783351124860,2026-07-06 17:18:44.860,C3:00:00:63:4D:07,-57,127,3.0,3.5,1.5
1783351124862,2026-07-06 17:18:44.862,C3:00:00:63:4C:D2,-60,127,3.0,3.5,1.5
1783351124876,2026-07-06 17:18:44.876,C3:00:00:63:4D:0D,-58,127,3.0,3.5,1.5
1783351124927,2026-07-06 17:18:44.927,C3:00:00:63:4D:0A,-63,127,3.0,3.5,1.5
1783351124950,2026-07-06 17:18:44.950,C3:00:00:63:4D:0A,-65,127,3.0,3.5,1.5
1783351124967,2026-07-06 17:18:44.967,C3:00:00:63:4C:D2,-53,127,3.0,3.5,1.5
1783351124971,2026-07-06 17:18:44.971,C3:00:00:63:4D:09,-61,127,3.0,3.5,1.5
1783351124983,2026-07-06 17:18:44.983,C3:00:00:63:4D:0D,-49,127,3.0,3.5,1.5
1783351125001,2026-07-06 17:18:45.001,C3:00:00:63:4D:05,-55,127,3.0,3.5,1.5
1783351125024,2026-07-06 17:18:45.024,C3:00:00:63:4D:05,-58,127,3.0,3.5,1.5
1783351125028,2026-07-06 17:18:45.028,C3:00:00:63:4D:08,-66,127,3.0,3.5,1.5
1783351125034,2026-07-06 17:18:45.034,C3:00:00:63:4D:0D,-57,127,3.0,3.5,1.5
1783351125046,2026-07-06 17:18:45.046,C3:00:00:63:4D:0A,-61,127,3.0,3.5,1.5
1783351125054,2026-07-06 17:18:45.054,C3:00:00:63:4D:04,-60,127,3.0,3.5,1.5
1783351125057,2026-07-06 17:18:45.057,C3:00:00:63:4D:07,-54,127,3.0,3.5,1.5
1783351125072,2026-07-06 17:18:45.072,C3:00:00:63:4D:09,-69,127,3.0,3.5,1.5
1783351125075,2026-07-06 17:18:45.075,C3:00:00:63:4C:D2,-60,127,3.0,3.5,1.5
1783351125084,2026-07-06 17:18:45.084,C3:00:00:63:4D:0D,-57,127,3.0,3.5,1.5
1783351125113,2026-07-06 17:18:45.113,C3:00:00:63:4D:05,-54,127,3.0,3.5,1.5
1783351125144,2026-07-06 17:18:45.144,C3:00:00:63:4D:08,-56,127,3.0,3.5,1.5
1783351125184,2026-07-06 17:18:45.184,C3:00:00:63:4C:D2,-61,127,3.0,3.5,1.5
1783351125188,2026-07-06 17:18:45.188,C3:00:00:63:4D:09,-62,127,3.0,3.5,1.5
1783351125196,2026-07-06 17:18:45.196,C3:00:00:63:4D:0D,-57,127,3.0,3.5,1.5
1783351125217,2026-07-06 17:18:45.217,C3:00:00:63:4D:05,-59,127,3.0,3.5,1.5
1783351125225,2026-07-06 17:18:45.225,C3:00:00:63:4D:09,-63,127,3.0,3.5,1.5
1783351125255,2026-07-06 17:18:45.255,C3:00:00:63:4D:07,-59,127,3.0,3.5,1.5
1783351125260,2026-07-06 17:18:45.260,C3:00:00:63:4D:0A,-62,127,3.0,3.5,1.5
1783351125265,2026-07-06 17:18:45.265,C3:00:00:63:4D:04,-56,127,3.0,3.5,1.5
1783351125280,2026-07-06 17:18:45.280,C3:00:00:63:4C:D2,-54,127,3.0,3.5,1.5
1783351125300,2026-07-06 17:18:45.300,C3:00:00:63:4D:0D,-49,127,3.0,3.5,1.5
1783351125313,2026-07-06 17:18:45.313,C3:00:00:63:4D:05,-58,127,3.0,3.5,1.5
1783351125363,2026-07-06 17:18:45.363,C3:00:00:63:4D:0A,-61,127,3.0,3.5,1.5
1783351125371,2026-07-06 17:18:45.371,C3:00:00:63:4D:04,-60,127,3.0,3.5,1.5
1783351125375,2026-07-06 17:18:45.375,C3:00:00:63:4D:08,-60,127,3.0,3.5,1.5
1783351125412,2026-07-06 17:18:45.412,C3:00:00:63:4D:0D,-57,127,3.0,3.5,1.5
1783351125415,2026-07-06 17:18:45.415,C3:00:00:63:4D:09,-68,127,3.0,3.5,1.5
1783351125420,2026-07-06 17:18:45.420,C3:00:00:63:4D:05,-54,127,3.0,3.5,1.5
1783351125444,2026-07-06 17:18:45.444,C3:00:00:63:4D:07,-56,127,3.0,3.5,1.5
1783351125465,2026-07-06 17:18:45.465,C3:00:00:63:4D:0A,-63,127,3.0,3.5,1.5
1783351125470,2026-07-06 17:18:45.470,C3:00:00:63:4D:04,-55,127,3.0,3.5,1.5
1783351125483,2026-07-06 17:18:45.483,C3:00:00:63:4D:05,-67,127,3.0,3.5,1.5
1783351125491,2026-07-06 17:18:45.491,C3:00:00:63:4D:08,-57,127,3.0,3.5,1.5
1783351125503,2026-07-06 17:18:45.503,C3:00:00:63:4C:D2,-61,127,3.0,3.5,1.5
1783351125514,2026-07-06 17:18:45.514,C3:00:00:63:4D:05,-59,127,3.0,3.5,1.5
1783351125516,2026-07-06 17:18:45.516,C3:00:00:63:4D:0D,-57,127,3.0,3.5,1.5
1783351125531,2026-07-06 17:18:45.531,C3:00:00:63:4D:09,-63,127,3.0,3.5,1.5
1783351125546,2026-07-06 17:18:45.546,C3:00:00:63:4C:D2,-54,127,3.0,3.5,1.5
1783351125549,2026-07-06 17:18:45.549,C3:00:00:63:4D:07,-58,127,3.0,3.5,1.5
1783351125567,2026-07-06 17:18:45.567,C3:00:00:63:4D:04,-56,127,3.0,3.5,1.5
1783351125571,2026-07-06 17:18:45.571,C3:00:00:63:4D:0A,-62,127,3.0,3.5,1.5
1783351125600,2026-07-06 17:18:45.600,C3:00:00:63:4C:D2,-54,127,3.0,3.5,1.5
1783351125603,2026-07-06 17:18:45.603,C3:00:00:63:4D:08,-66,127,3.0,3.5,1.5
1783351125606,2026-07-06 17:18:45.606,C3:00:00:63:4D:0A,-70,127,3.0,3.5,1.5
1783351125620,2026-07-06 17:18:45.620,C3:00:00:63:4D:05,-58,127,3.0,3.5,1.5
1783351125643,2026-07-06 17:18:45.643,C3:00:00:63:4D:0D,-57,127,3.0,3.5,1.5
1783351125647,2026-07-06 17:18:45.647,C3:00:00:63:4D:07,-54,127,3.0,3.5,1.5
1783351125668,2026-07-06 17:18:45.668,C3:00:00:63:4D:04,-60,127,3.0,3.5,1.5
1783351125672,2026-07-06 17:18:45.672,C3:00:00:63:4D:0A,-61,127,3.0,3.5,1.5
1783351125702,2026-07-06 17:18:45.702,C3:00:00:63:4C:D2,-60,127,3.0,3.5,1.5
1783351125726,2026-07-06 17:18:45.726,C3:00:00:63:4D:08,-60,127,3.0,3.5,1.5
1783351125730,2026-07-06 17:18:45.730,C3:00:00:63:4D:07,-54,127,3.0,3.5,1.5
1783351125733,2026-07-06 17:18:45.733,C3:00:00:63:4D:0D,-56,127,3.0,3.5,1.5
1783351125751,2026-07-06 17:18:45.751,C3:00:00:63:4D:07,-56,127,3.0,3.5,1.5
1783351125755,2026-07-06 17:18:45.755,C3:00:00:63:4D:09,-62,127,3.0,3.5,1.5
1783351125775,2026-07-06 17:18:45.775,C3:00:00:63:4D:04,-55,127,3.0,3.5,1.5
1783351125805,2026-07-06 17:18:45.805,C3:00:00:63:4C:D2,-61,127,3.0,3.5,1.5
1783351125814,2026-07-06 17:18:45.814,C3:00:00:63:4D:05,-59,127,3.0,3.5,1.5
1783351125828,2026-07-06 17:18:45.828,C3:00:00:63:4C:D2,-61,127,3.0,3.5,1.5
1783351125849,2026-07-06 17:18:45.849,C3:00:00:63:4D:0D,-49,127,3.0,3.5,1.5
1783351125868,2026-07-06 17:18:45.868,C3:00:00:63:4D:09,-63,127,3.0,3.5,1.5
1783351125874,2026-07-06 17:18:45.874,C3:00:00:63:4D:04,-56,127,3.0,3.5,1.5
1783351125889,2026-07-06 17:18:45.889,C3:00:00:63:4D:0A,-62,127,3.0,3.5,1.5
1783351125919,2026-07-06 17:18:45.919,C3:00:00:63:4C:D2,-54,127,3.0,3.5,1.5
1783351125977,2026-07-06 17:18:45.977,C3:00:00:63:4D:04,-60,127,3.0,3.5,1.5
1783351125988,2026-07-06 17:18:45.988,C3:00:00:63:4D:09,-69,127,3.0,3.5,1.5
1783351125992,2026-07-06 17:18:45.992,C3:00:00:63:4D:0A,-61,127,3.0,3.5,1.5
1783351126003,2026-07-06 17:18:46.003,C3:00:00:63:4D:08,-60,127,3.0,3.5,1.5
1783351126032,2026-07-06 17:18:46.032,C3:00:00:63:4D:05,-59,127,3.0,3.5,1.5
1783351126037,2026-07-06 17:18:46.037,C3:00:00:63:4D:0A,-63,127,3.0,3.5,1.5
1783351126041,2026-07-06 17:18:46.041,C3:00:00:63:4C:D2,-61,127,3.0,3.5,1.5
1783351126046,2026-07-06 17:18:46.046,C3:00:00:63:4D:07,-56,127,3.0,3.5,1.5
1783351126090,2026-07-06 17:18:46.090,C3:00:00:63:4D:0A,-63,127,3.0,3.5,1.5
1783351126104,2026-07-06 17:18:46.104,C3:00:00:63:4D:09,-62,127,3.0,3.5,1.5
1783351126122,2026-07-06 17:18:46.122,C3:00:00:63:4D:05,-59,127,3.0,3.5,1.5
1783351126140,2026-07-06 17:18:46.140,C3:00:00:63:4C:D2,-54,127,3.0,3.5,1.5
1783351126146,2026-07-06 17:18:46.146,C3:00:00:63:4D:07,-58,127,3.0,3.5,1.5
1783351126170,2026-07-06 17:18:46.170,C3:00:00:63:4D:0D,-49,127,3.0,3.5,1.5
1783351126179,2026-07-06 17:18:46.179,C3:00:00:63:4D:08,-66,127,3.0,3.5,1.5
1783351126189,2026-07-06 17:18:46.189,C3:00:00:63:4D:04,-56,127,3.0,3.5,1.5
1783351126193,2026-07-06 17:18:46.193,C3:00:00:63:4D:05,-58,127,3.0,3.5,1.5
1783351126218,2026-07-06 17:18:46.218,C3:00:00:63:4D:09,-63,127,3.0,3.5,1.5
1783351126241,2026-07-06 17:18:46.241,C3:00:00:63:4C:D2,-60,127,3.0,3.5,1.5
1783351126254,2026-07-06 17:18:46.254,C3:00:00:63:4D:07,-54,127,3.0,3.5,1.5
1783351126274,2026-07-06 17:18:46.274,C3:00:00:63:4D:0D,-57,127,3.0,3.5,1.5
1783351126290,2026-07-06 17:18:46.290,C3:00:00:63:4D:04,-60,127,3.0,3.5,1.5
1783351126295,2026-07-06 17:18:46.295,C3:00:00:63:4D:08,-60,127,3.0,3.5,1.5
1783351126301,2026-07-06 17:18:46.301,C3:00:00:63:4D:04,-60,127,3.0,3.5,1.5
1783351126304,2026-07-06 17:18:46.304,C3:00:00:63:4D:0A,-61,127,3.0,3.5,1.5
1783351126316,2026-07-06 17:18:46.316,C3:00:00:63:4D:05,-54,127,3.0,3.5,1.5
1783351126323,2026-07-06 17:18:46.323,C3:00:00:63:4D:09,-69,127,3.0,3.5,1.5
1783351126344,2026-07-06 17:18:46.344,C3:00:00:63:4C:D2,-61,127,3.0,3.5,1.5
1783351126354,2026-07-06 17:18:46.354,C3:00:00:63:4D:07,-56,127,3.0,3.5,1.5
1783351126386,2026-07-06 17:18:46.386,C3:00:00:63:4D:0D,-56,127,3.0,3.5,1.5
1783351126391,2026-07-06 17:18:46.391,C3:00:00:63:4D:04,-55,127,3.0,3.5,1.5
1783351126412,2026-07-06 17:18:46.412,C3:00:00:63:4D:0A,-63,127,3.0,3.5,1.5
1783351126422,2026-07-06 17:18:46.422,C3:00:00:63:4D:05,-59,127,3.0,3.5,1.5
1783351126445,2026-07-06 17:18:46.445,C3:00:00:63:4D:07,-58,127,3.0,3.5,1.5
1783351126449,2026-07-06 17:18:46.449,C3:00:00:63:4D:09,-63,127,3.0,3.5,1.5
1783351126451,2026-07-06 17:18:46.451,C3:00:00:63:4C:D2,-54,127,3.0,3.5,1.5
1783351126455,2026-07-06 17:18:46.455,C3:00:00:63:4D:04,-56,127,3.0,3.5,1.5
1783351126457,2026-07-06 17:18:46.457,C3:00:00:63:4D:08,-74,127,3.0,3.5,1.5
1783351126470,2026-07-06 17:18:46.470,C3:00:00:63:4D:09,-71,127,3.0,3.5,1.5
1783351126494,2026-07-06 17:18:46.494,C3:00:00:63:4D:0D,-49,127,3.0,3.5,1.5
1783351126521,2026-07-06 17:18:46.521,C3:00:00:63:4D:08,-67,127,3.0,3.5,1.5
1783351126538,2026-07-06 17:18:46.538,C3:00:00:63:4D:07,-54,127,3.0,3.5,1.5
1783351126554,2026-07-06 17:18:46.554,C3:00:00:63:4D:07,-54,127,3.0,3.5,1.5
1783351126557,2026-07-06 17:18:46.557,C3:00:00:63:4C:D2,-60,127,3.0,3.5,1.5
1783351126622,2026-07-06 17:18:46.622,C3:00:00:63:4D:05,-54,127,3.0,3.5,1.5
1783351126641,2026-07-06 17:18:46.641,C3:00:00:63:4D:08,-56,127,3.0,3.5,1.5
1783351126645,2026-07-06 17:18:46.645,C3:00:00:63:4D:07,-56,127,3.0,3.5,1.5
1783351126657,2026-07-06 17:18:46.657,C3:00:00:63:4C:D2,-61,127,3.0,3.5,1.5
1783351126669,2026-07-06 17:18:46.669,C3:00:00:63:4D:09,-62,127,3.0,3.5,1.5
1783351126690,2026-07-06 17:18:46.690,C3:00:00:63:4C:D2,-61,127,3.0,3.5,1.5
1783351126704,2026-07-06 17:18:46.704,C3:00:00:63:4D:0D,-56,127,3.0,3.5,1.5
1783351126753,2026-07-06 17:18:46.753,C3:00:00:63:4D:07,-58,127,3.0,3.5,1.5
1783351126756,2026-07-06 17:18:46.756,C3:00:00:63:4D:08,-66,127,3.0,3.5,1.5
1783351126782,2026-07-06 17:18:46.782,C3:00:00:63:4D:09,-63,127,3.0,3.5,1.5
1783351126819,2026-07-06 17:18:46.819,C3:00:00:63:4D:0D,-49,127,3.0,3.5,1.5
1783351126824,2026-07-06 17:18:46.824,C3:00:00:63:4D:0A,-62,127,3.0,3.5,1.5
1783351126830,2026-07-06 17:18:46.830,C3:00:00:63:4D:05,-54,127,3.0,3.5,1.5
1783351126851,2026-07-06 17:18:46.851,C3:00:00:63:4D:07,-54,127,3.0,3.5,1.5
1783351126862,2026-07-06 17:18:46.862,C3:00:00:63:4D:08,-60,127,3.0,3.5,1.5
1783351126873,2026-07-06 17:18:46.873,C3:00:00:63:4C:D2,-60,127,3.0,3.5,1.5
1783351126894,2026-07-06 17:18:46.894,C3:00:00:63:4D:09,-69,127,3.0,3.5,1.5
1783351126904,2026-07-06 17:18:46.904,C3:00:00:63:4D:04,-59,127,3.0,3.5,1.5
1783351126920,2026-07-06 17:18:46.920,C3:00:00:63:4D:0D,-57,127,3.0,3.5,1.5
1783351126924,2026-07-06 17:18:46.924,C3:00:00:63:4D:0A,-61,127,3.0,3.5,1.5
1783351126928,2026-07-06 17:18:46.928,C3:00:00:63:4D:05,-54,127,3.0,3.5,1.5
1783351126981,2026-07-06 17:18:46.981,C3:00:00:63:4D:08,-56,127,3.0,3.5,1.5
1783351126984,2026-07-06 17:18:46.984,C3:00:00:63:4C:D2,-61,127,3.0,3.5,1.5
1783351127010,2026-07-06 17:18:47.010,C3:00:00:63:4D:09,-62,127,3.0,3.5,1.5
1783351127015,2026-07-06 17:18:47.015,C3:00:00:63:4D:04,-55,127,3.0,3.5,1.5
1783351127031,2026-07-06 17:18:47.031,C3:00:00:63:4D:0D,-49,127,3.0,3.5,1.5
1783351127047,2026-07-06 17:18:47.047,C3:00:00:63:4D:07,-58,127,3.0,3.5,1.5
1783351127053,2026-07-06 17:18:47.053,C3:00:00:63:4D:0D,-49,127,3.0,3.5,1.5
1783351127072,2026-07-06 17:18:47.072,C3:00:00:63:4D:0D,-57,127,3.0,3.5,1.5
1783351127088,2026-07-06 17:18:47.088,C3:00:00:63:4C:D2,-54,127,3.0,3.5,1.5
1783351127103,2026-07-06 17:18:47.103,C3:00:00:63:4D:08,-66,127,3.0,3.5,1.5
1783351127142,2026-07-06 17:18:47.142,C3:00:00:63:4D:0D,-57,127,3.0,3.5,1.5
1783351127196,2026-07-06 17:18:47.196,C3:00:00:63:4C:D2,-60,127,3.0,3.5,1.5
1783351127217,2026-07-06 17:18:47.217,C3:00:00:63:4D:08,-60,127,3.0,3.5,1.5
1783351127226,2026-07-06 17:18:47.226,C3:00:00:63:4D:05,-54,127,3.0,3.5,1.5
1783351127242,2026-07-06 17:18:47.242,C3:00:00:63:4D:0D,-56,127,3.0,3.5,1.5
1783351127257,2026-07-06 17:18:47.257,C3:00:00:63:4D:09,-62,127,3.0,3.5,1.5
1783351127320,2026-07-06 17:18:47.320,C3:00:00:63:4D:04,-55,127,3.0,3.5,1.5
1783351127324,2026-07-06 17:18:47.324,C3:00:00:63:4D:08,-56,127,3.0,3.5,1.5
1783351127354,2026-07-06 17:18:47.354,C3:00:00:63:4D:09,-63,127,3.0,3.5,1.5
1783351127359,2026-07-06 17:18:47.359,C3:00:00:63:4D:0D,-49,127,3.0,3.5,1.5
1783351127401,2026-07-06 17:18:47.401,C3:00:00:63:4C:D2,-54,127,3.0,3.5,1.5
1783351127426,2026-07-06 17:18:47.426,C3:00:00:63:4D:04,-56,127,3.0,3.5,1.5
1783351127430,2026-07-06 17:18:47.430,C3:00:00:63:4D:05,-54,127,3.0,3.5,1.5
1783351127436,2026-07-06 17:18:47.436,C3:00:00:63:4D:08,-61,127,3.0,3.5,1.5
1783351127456,2026-07-06 17:18:47.456,C3:00:00:63:4D:0D,-57,127,3.0,3.5,1.5
1783351127458,2026-07-06 17:18:47.458,C3:00:00:63:4D:0A,-61,127,3.0,3.5,1.5
1783351127461,2026-07-06 17:18:47.461,C3:00:00:63:4D:09,-69,127,3.0,3.5,1.5
1783351127467,2026-07-06 17:18:47.467,C3:00:00:63:4D:08,-61,127,3.0,3.5,1.5
1783351127472,2026-07-06 17:18:47.472,C3:00:00:63:4D:0D,-57,127,3.0,3.5,1.5
1783351127534,2026-07-06 17:18:47.534,C3:00:00:63:4D:05,-59,127,3.0,3.5,1.5
1783351127545,2026-07-06 17:18:47.545,C3:00:00:63:4D:07,-56,127,3.0,3.5,1.5
1783351127557,2026-07-06 17:18:47.557,C3:00:00:63:4D:0A,-63,127,3.0,3.5,1.5
1783351127633,2026-07-06 17:18:47.633,C3:00:00:63:4D:04,-56,127,3.0,3.5,1.5
1783351127637,2026-07-06 17:18:47.637,C3:00:00:63:4D:05,-58,127,3.0,3.5,1.5
1783351127648,2026-07-06 17:18:47.648,C3:00:00:63:4D:07,-58,127,3.0,3.5,1.5
1783351127671,2026-07-06 17:18:47.671,C3:00:00:63:4D:08,-66,127,3.0,3.5,1.5
1783351127673,2026-07-06 17:18:47.673,C3:00:00:63:4D:0A,-62,127,3.0,3.5,1.5
1783351127677,2026-07-06 17:18:47.677,C3:00:00:63:4D:0D,-49,127,3.0,3.5,1.5
1783351127697,2026-07-06 17:18:47.697,C3:00:00:63:4D:09,-63,127,3.0,3.5,1.5
1783351127724,2026-07-06 17:18:47.724,C3:00:00:63:4C:D2,-54,127,3.0,3.5,1.5
1783351127741,2026-07-06 17:18:47.741,C3:00:00:63:4D:07,-54,127,3.0,3.5,1.5
1783351127757,2026-07-06 17:18:47.757,C3:00:00:63:4D:07,-54,127,3.0,3.5,1.5
1783351127760,2026-07-06 17:18:47.760,C3:00:00:63:4D:04,-60,127,3.0,3.5,1.5
1783351127771,2026-07-06 17:18:47.771,C3:00:00:63:4D:0A,-61,127,3.0,3.5,1.5
1783351127786,2026-07-06 17:18:47.786,C3:00:00:63:4D:0D,-57,127,3.0,3.5,1.5
1783351127802,2026-07-06 17:18:47.802,C3:00:00:63:4D:09,-69,127,3.0,3.5,1.5
1783351127806,2026-07-06 17:18:47.806,C3:00:00:63:4C:D2,-60,127,3.0,3.5,1.5
1783351127829,2026-07-06 17:18:47.829,C3:00:00:63:4C:D2,-61,127,3.0,3.5,1.5
1783351127832,2026-07-06 17:18:47.832,C3:00:00:63:4D:04,-55,127,3.0,3.5,1.5
1783351127849,2026-07-06 17:18:47.849,C3:00:00:63:4D:07,-56,127,3.0,3.5,1.5
1783351127874,2026-07-06 17:18:47.874,C3:00:00:63:4D:0A,-63,127,3.0,3.5,1.5
1783351127899,2026-07-06 17:18:47.899,C3:00:00:63:4D:0D,-56,127,3.0,3.5,1.5
1783351127926,2026-07-06 17:18:47.926,C3:00:00:63:4D:09,-62,127,3.0,3.5,1.5
1783351127939,2026-07-06 17:18:47.939,C3:00:00:63:4C:D2,-54,127,3.0,3.5,1.5
1783351127950,2026-07-06 17:18:47.950,C3:00:00:63:4D:04,-56,127,3.0,3.5,1.5
1783351127958,2026-07-06 17:18:47.958,C3:00:00:63:4D:07,-58,127,3.0,3.5,1.5
1783351127987,2026-07-06 17:18:47.987,C3:00:00:63:4D:0A,-62,127,3.0,3.5,1.5
1783351128015,2026-07-06 17:18:48.015,C3:00:00:63:4D:09,-63,127,3.0,3.5,1.5
1783351128029,2026-07-06 17:18:48.029,C3:00:00:63:4D:05,-58,127,3.0,3.5,1.5
1783351128043,2026-07-06 17:18:48.043,C3:00:00:63:4D:04,-60,127,3.0,3.5,1.5
1783351128046,2026-07-06 17:18:48.046,C3:00:00:63:4D:09,-68,127,3.0,3.5,1.5
1783351128051,2026-07-06 17:18:48.051,C3:00:00:63:4D:05,-54,127,3.0,3.5,1.5
1783351128090,2026-07-06 17:18:48.090,C3:00:00:63:4D:0A,-61,127,3.0,3.5,1.5
1783351128111,2026-07-06 17:18:48.111,C3:00:00:63:4D:0D,-57,127,3.0,3.5,1.5
1783351128133,2026-07-06 17:18:48.133,C3:00:00:63:4D:08,-57,127,3.0,3.5,1.5
1783351128146,2026-07-06 17:18:48.146,C3:00:00:63:4D:04,-55,127,3.0,3.5,1.5
1783351128149,2026-07-06 17:18:48.149,C3:00:00:63:4D:07,-56,127,3.0,3.5,1.5
1783351128152,2026-07-06 17:18:48.152,C3:00:00:63:4C:D2,-61,127,3.0,3.5,1.5
1783351128155,2026-07-06 17:18:48.155,C3:00:00:63:4D:09,-62,127,3.0,3.5,1.5
1783351128193,2026-07-06 17:18:48.193,C3:00:00:63:4D:0A,-63,127,3.0,3.5,1.5
1783351128212,2026-07-06 17:18:48.212,C3:00:00:63:4D:05,-59,127,3.0,3.5,1.5
1783351128219,2026-07-06 17:18:48.219,C3:00:00:63:4D:08,-57,127,3.0,3.5,1.5
1783351128227,2026-07-06 17:18:48.227,C3:00:00:63:4D:0D,-57,127,3.0,3.5,1.5
1783351128244,2026-07-06 17:18:48.244,C3:00:00:63:4D:05,-58,127,3.0,3.5,1.5
1783351128250,2026-07-06 17:18:48.250,C3:00:00:63:4D:08,-66,127,3.0,3.5,1.5
1783351128253,2026-07-06 17:18:48.253,C3:00:00:63:4D:04,-56,127,3.0,3.5,1.5
1783351128255,2026-07-06 17:18:48.255,C3:00:00:63:4D:07,-58,127,3.0,3.5,1.5
1783351128271,2026-07-06 17:18:48.271,C3:00:00:63:4D:09,-63,127,3.0,3.5,1.5
1783351128291,2026-07-06 17:18:48.291,C3:00:00:63:4D:04,-56,127,3.0,3.5,1.5
1783351128297,2026-07-06 17:18:48.297,C3:00:00:63:4D:0A,-62,127,3.0,3.5,1.5
1783351128319,2026-07-06 17:18:48.319,C3:00:00:63:4D:04,-63,127,3.0,3.5,1.5
1783351128326,2026-07-06 17:18:48.326,C3:00:00:63:4D:0D,-49,127,3.0,3.5,1.5
1783351128346,2026-07-06 17:18:48.346,C3:00:00:63:4D:05,-54,127,3.0,3.5,1.5
1783351128351,2026-07-06 17:18:48.351,C3:00:00:63:4D:04,-60,127,3.0,3.5,1.5
1783351128355,2026-07-06 17:18:48.355,C3:00:00:63:4D:07,-54,127,3.0,3.5,1.5
1783351128361,2026-07-06 17:18:48.361,C3:00:00:63:4C:D2,-60,127,3.0,3.5,1.5
1783351128370,2026-07-06 17:18:48.370,C3:00:00:63:4D:08,-60,127,3.0,3.5,1.5
1783351128408,2026-07-06 17:18:48.408,C3:00:00:63:4D:0A,-61,127,3.0,3.5,1.5
1783351128447,2026-07-06 17:18:48.447,C3:00:00:63:4D:07,-57,127,3.0,3.5,1.5
1783351128451,2026-07-06 17:18:48.451,C3:00:00:63:4D:04,-55,127,3.0,3.5,1.5
1783351128499,2026-07-06 17:18:48.499,C3:00:00:63:4D:09,-61,127,3.0,3.5,1.5
1783351128504,2026-07-06 17:18:48.504,C3:00:00:63:4D:0A,-63,127,3.0,3.5,1.5
1783351128544,2026-07-06 17:18:48.544,C3:00:00:63:4D:0D,-49,127,3.0,3.5,1.5
1783351128549,2026-07-06 17:18:48.549,C3:00:00:63:4D:05,-58,127,3.0,3.5,1.5
1783351128553,2026-07-06 17:18:48.553,C3:00:00:63:4D:07,-58,127,3.0,3.5,1.5
1783351128556,2026-07-06 17:18:48.556,C3:00:00:63:4D:04,-56,127,3.0,3.5,1.5
1783351128596,2026-07-06 17:18:48.596,C3:00:00:63:4D:08,-69,127,3.0,3.5,1.5
1783351128613,2026-07-06 17:18:48.613,C3:00:00:63:4D:09,-61,127,3.0,3.5,1.5
1783351128662,2026-07-06 17:18:48.662,C3:00:00:63:4D:04,-59,127,3.0,3.5,1.5
1783351128681,2026-07-06 17:18:48.681,C3:00:00:63:4C:D2,-60,127,3.0,3.5,1.5
1783351128689,2026-07-06 17:18:48.689,C3:00:00:63:4D:07,-62,127,3.0,3.5,1.5
1783351128712,2026-07-06 17:18:48.712,C3:00:00:63:4D:0A,-61,127,3.0,3.5,1.5
1783351128717,2026-07-06 17:18:48.717,C3:00:00:63:4D:09,-69,127,3.0,3.5,1.5
1783351128749,2026-07-06 17:18:48.749,C3:00:00:63:4D:05,-58,127,3.0,3.5,1.5
1783351128789,2026-07-06 17:18:48.789,C3:00:00:63:4C:D2,-60,127,3.0,3.5,1.5
1783351128820,2026-07-06 17:18:48.820,C3:00:00:63:4D:0A,-63,127,3.0,3.5,1.5
1783351128825,2026-07-06 17:18:48.825,C3:00:00:63:4D:08,-56,127,3.0,3.5,1.5
1783351128845,2026-07-06 17:18:48.845,C3:00:00:63:4D:09,-62,127,3.0,3.5,1.5
1783351128852,2026-07-06 17:18:48.852,C3:00:00:63:4D:07,-58,127,3.0,3.5,1.5
1783351128862,2026-07-06 17:18:48.862,C3:00:00:63:4D:05,-58,127,3.0,3.5,1.5
1783351128876,2026-07-06 17:18:48.876,C3:00:00:63:4D:0D,-49,127,3.0,3.5,1.5
1783351128891,2026-07-06 17:18:48.891,C3:00:00:63:4C:D2,-54,127,3.0,3.5,1.5
1783351128929,2026-07-06 17:18:48.929,C3:00:00:63:4D:0A,-62,127,3.0,3.5,1.5
1783351128945,2026-07-06 17:18:48.945,C3:00:00:63:4D:05,-54,127,3.0,3.5,1.5
1783351128952,2026-07-06 17:18:48.952,C3:00:00:63:4D:07,-54,127,3.0,3.5,1.5
1783351128961,2026-07-06 17:18:48.961,C3:00:00:63:4D:0A,-61,127,3.0,3.5,1.5
1783351128963,2026-07-06 17:18:48.963,C3:00:00:63:4D:09,-69,127,3.0,3.5,1.5
1783351128992,2026-07-06 17:18:48.992,C3:00:00:63:4C:D2,-60,127,3.0,3.5,1.5
1783351129034,2026-07-06 17:18:49.034,C3:00:00:63:4D:0A,-63,127,3.0,3.5,1.5
1783351129039,2026-07-06 17:18:49.039,C3:00:00:63:4D:0D,-57,127,3.0,3.5,1.5
1783351129067,2026-07-06 17:18:49.067,C3:00:00:63:4D:09,-62,127,3.0,3.5,1.5
1783351129072,2026-07-06 17:18:49.072,C3:00:00:63:4D:04,-55,127,3.0,3.5,1.5
1783351129078,2026-07-06 17:18:49.078,C3:00:00:63:4D:0D,-57,127,3.0,3.5,1.5
1783351129103,2026-07-06 17:18:49.103,C3:00:00:63:4C:D2,-61,127,3.0,3.5,1.5
1783351129142,2026-07-06 17:18:49.142,C3:00:00:63:4D:0A,-62,127,3.0,3.5,1.5
1783351129152,2026-07-06 17:18:49.152,C3:00:00:63:4D:05,-58,127,3.0,3.5,1.5
1783351129156,2026-07-06 17:18:49.156,C3:00:00:63:4D:07,-58,127,3.0,3.5,1.5
1783351129167,2026-07-06 17:18:49.167,C3:00:00:63:4D:08,-66,127,3.0,3.5,1.5
1783351129178,2026-07-06 17:18:49.178,C3:00:00:63:4D:04,-56,127,3.0,3.5,1.5
1783351129185,2026-07-06 17:18:49.185,C3:00:00:63:4D:09,-63,127,3.0,3.5,1.5
1783351129193,2026-07-06 17:18:49.193,C3:00:00:63:4D:0D,-49,127,3.0,3.5,1.5
1783351129247,2026-07-06 17:18:49.247,C3:00:00:63:4D:0A,-61,127,3.0,3.5,1.5
1783351129252,2026-07-06 17:18:49.252,C3:00:00:63:4D:05,-54,127,3.0,3.5,1.5
1783351129254,2026-07-06 17:18:49.254,C3:00:00:63:4D:07,-54,127,3.0,3.5,1.5
1783351129257,2026-07-06 17:18:49.257,C3:00:00:63:4D:09,-69,127,3.0,3.5,1.5
1783351129274,2026-07-06 17:18:49.274,C3:00:00:63:4D:04,-60,127,3.0,3.5,1.5
1783351129281,2026-07-06 17:18:49.281,C3:00:00:63:4D:08,-61,127,3.0,3.5,1.5
1783351129292,2026-07-06 17:18:49.292,C3:00:00:63:4D:09,-68,127,3.0,3.5,1.5
1783351129295,2026-07-06 17:18:49.295,C3:00:00:63:4D:0D,-57,127,3.0,3.5,1.5
1783351129311,2026-07-06 17:18:49.311,C3:00:00:63:4C:D2,-60,127,3.0,3.5,1.5
1783351129345,2026-07-06 17:18:49.345,C3:00:00:63:4D:0A,-63,127,3.0,3.5,1.5
1783351129353,2026-07-06 17:18:49.353,C3:00:00:63:4D:07,-56,127,3.0,3.5,1.5
1783351129367,2026-07-06 17:18:49.367,C3:00:00:63:4D:05,-59,127,3.0,3.5,1.5
1783351129381,2026-07-06 17:18:49.381,C3:00:00:63:4D:04,-55,127,3.0,3.5,1.5
1783351129392,2026-07-06 17:18:49.392,C3:00:00:63:4D:08,-57,127,3.0,3.5,1.5
1783351129399,2026-07-06 17:18:49.399,C3:00:00:63:4D:09,-62,127,3.0,3.5,1.5
1783351129407,2026-07-06 17:18:49.407,C3:00:00:63:4D:0D,-57,127,3.0,3.5,1.5
1783351129417,2026-07-06 17:18:49.417,C3:00:00:63:4C:D2,-61,127,3.0,3.5,1.5
1783351129445,2026-07-06 17:18:49.445,C3:00:00:63:4D:07,-58,127,3.0,3.5,1.5
1783351129459,2026-07-06 17:18:49.459,C3:00:00:63:4D:05,-58,127,3.0,3.5,1.5
1783351129471,2026-07-06 17:18:49.471,C3:00:00:63:4D:08,-66,127,3.0,3.5,1.5
1783351129487,2026-07-06 17:18:49.487,C3:00:00:63:4D:04,-56,127,3.0,3.5,1.5
1783351129494,2026-07-06 17:18:49.494,C3:00:00:63:4D:05,-65,127,3.0,3.5,1.5
1783351129511,2026-07-06 17:18:49.511,C3:00:00:63:4D:0D,-49,127,3.0,3.5,1.5
1783351129516,2026-07-06 17:18:49.516,C3:00:00:63:4D:08,-66,127,3.0,3.5,1.5
1783351129544,2026-07-06 17:18:49.544,C3:00:00:63:4C:D2,-60,127,3.0,3.5,1.5
1783351129549,2026-07-06 17:18:49.549,C3:00:00:63:4D:05,-54,127,3.0,3.5,1.5
1783351129553,2026-07-06 17:18:49.553,C3:00:00:63:4D:07,-54,127,3.0,3.5,1.5
1783351129558,2026-07-06 17:18:49.558,C3:00:00:63:4D:0A,-61,127,3.0,3.5,1.5
1783351129586,2026-07-06 17:18:49.586,C3:00:00:63:4D:04,-60,127,3.0,3.5,1.5
1783351129619,2026-07-06 17:18:49.619,C3:00:00:63:4D:0A,-69,127,3.0,3.5,1.5
1783351129624,2026-07-06 17:18:49.624,C3:00:00:63:4D:0D,-57,127,3.0,3.5,1.5
1783351129629,2026-07-06 17:18:49.629,C3:00:00:63:4D:08,-61,127,3.0,3.5,1.5
1783351129642,2026-07-06 17:18:49.642,C3:00:00:63:4C:D2,-60,127,3.0,3.5,1.5
1783351129646,2026-07-06 17:18:49.646,C3:00:00:63:4D:09,-62,127,3.0,3.5,1.5
1783351129650,2026-07-06 17:18:49.650,C3:00:00:63:4D:0D,-57,127,3.0,3.5,1.5
1783351129653,2026-07-06 17:18:49.653,C3:00:00:63:4D:05,-60,127,3.0,3.5,1.5
1783351129658,2026-07-06 17:18:49.658,C3:00:00:63:4D:0A,-63,127,3.0,3.5,1.5
1783351129693,2026-07-06 17:18:49.693,C3:00:00:63:4D:04,-55,127,3.0,3.5,1.5
1783351129729,2026-07-06 17:18:49.729,C3:00:00:63:4D:0D,-58,127,3.0,3.5,1.5
1783351129746,2026-07-06 17:18:49.746,C3:00:00:63:4D:08,-69,127,3.0,3.5,1.5
1783351129750,2026-07-06 17:18:49.750,C3:00:00:63:4C:D2,-53,127,3.0,3.5,1.5
1783351129753,2026-07-06 17:18:49.753,C3:00:00:63:4D:07,-58,127,3.0,3.5,1.5
1783351129759,2026-07-06 17:18:49.759,C3:00:00:63:4D:05,-55,127,3.0,3.5,1.5
1783351129768,2026-07-06 17:18:49.768,C3:00:00:63:4D:0A,-65,127,3.0,3.5,1.5
1783351129778,2026-07-06 17:18:49.778,C3:00:00:63:4D:07,-58,127,3.0,3.5,1.5
1783351129794,2026-07-06 17:18:49.794,C3:00:00:63:4D:04,-56,127,3.0,3.5,1.5
1783351129818,2026-07-06 17:18:49.818,C3:00:00:63:4C:D2,-54,127,3.0,3.5,1.5
1783351129841,2026-07-06 17:18:49.841,C3:00:00:63:4D:0D,-57,127,3.0,3.5,1.5
1783351129900,2026-07-06 17:18:49.900,C3:00:00:63:4D:04,-59,127,3.0,3.5,1.5
1783351129945,2026-07-06 17:18:49.945,C3:00:00:63:4D:0D,-58,127,3.0,3.5,1.5
1783351129952,2026-07-06 17:18:49.952,C3:00:00:63:4C:D2,-60,127,3.0,3.5,1.5
1783351129957,2026-07-06 17:18:49.957,C3:00:00:63:4D:07,-57,127,3.0,3.5,1.5
1783351129963,2026-07-06 17:18:49.963,C3:00:00:63:4D:05,-58,127,3.0,3.5,1.5
1783351129979,2026-07-06 17:18:49.979,C3:00:00:63:4D:09,-62,127,3.0,3.5,1.5
1783351129983,2026-07-06 17:18:49.983,C3:00:00:63:4D:0A,-63,127,3.0,3.5,1.5
1783351129996,2026-07-06 17:18:49.996,C3:00:00:63:4D:04,-55,127,3.0,3.5,1.5
1783351130002,2026-07-06 17:18:50.002,C3:00:00:63:4D:0A,-64,127,3.0,3.5,1.5
1783351130004,2026-07-06 17:18:50.004,C3:00:00:63:4D:08,-56,127,3.0,3.5,1.5
1783351130014,2026-07-06 17:18:50.014,C3:00:00:63:4D:09,-61,127,3.0,3.5,1.5
1783351130032,2026-07-06 17:18:50.032,C3:00:00:63:4D:05,-55,127,3.0,3.5,1.5
1783351130039,2026-07-06 17:18:50.039,C3:00:00:63:4C:D2,-60,127,3.0,3.5,1.5
1783351130043,2026-07-06 17:18:50.043,C3:00:00:63:4D:07,-58,127,3.0,3.5,1.5
1783351130050,2026-07-06 17:18:50.050,C3:00:00:63:4D:0A,-65,127,3.0,3.5,1.5
1783351130052,2026-07-06 17:18:50.052,C3:00:00:63:4D:0D,-49,127,3.0,3.5,1.5
1783351130054,2026-07-06 17:18:50.054,C3:00:00:63:4C:D2,-53,127,3.0,3.5,1.5
1783351130060,2026-07-06 17:18:50.060,C3:00:00:63:4D:05,-55,127,3.0,3.5,1.5
1783351130091,2026-07-06 17:18:50.091,C3:00:00:63:4D:08,-68,127,3.0,3.5,1.5
1783351130097,2026-07-06 17:18:50.097,C3:00:00:63:4D:09,-62,127,3.0,3.5,1.5
1783351130150,2026-07-06 17:18:50.150,C3:00:00:63:4D:07,-54,127,3.0,3.5,1.5
1783351130158,2026-07-06 17:18:50.158,C3:00:00:63:4D:05,-54,127,3.0,3.5,1.5
1783351130184,2026-07-06 17:18:50.184,C3:00:00:63:4D:0A,-61,127,3.0,3.5,1.5
1783351130203,2026-07-06 17:18:50.203,C3:00:00:63:4D:08,-61,127,3.0,3.5,1.5
1783351130207,2026-07-06 17:18:50.207,C3:00:00:63:4D:04,-59,127,3.0,3.5,1.5
1783351130216,2026-07-06 17:18:50.216,C3:00:00:63:4D:05,-54,127,3.0,3.5,1.5
1783351130255,2026-07-06 17:18:50.255,C3:00:00:63:4D:07,-57,127,3.0,3.5,1.5
1783351130259,2026-07-06 17:18:50.259,C3:00:00:63:4D:05,-58,127,3.0,3.5,1.5
1783351130264,2026-07-06 17:18:50.264,C3:00:00:63:4C:D2,-60,127,3.0,3.5,1.5
1783351130268,2026-07-06 17:18:50.268,C3:00:00:63:4D:0D,-58,127,3.0,3.5,1.5
1783351130292,2026-07-06 17:18:50.292,C3:00:00:63:4D:0A,-63,127,3.0,3.5,1.5
1783351130323,2026-07-06 17:18:50.323,C3:00:00:63:4D:08,-56,127,3.0,3.5,1.5
1783351130329,2026-07-06 17:18:50.329,C3:00:00:63:4D:09,-61,127,3.0,3.5,1.5
1783351130334,2026-07-06 17:18:50.334,C3:00:00:63:4D:04,-55,127,3.0,3.5,1.5
1783351130354,2026-07-06 17:18:50.354,C3:00:00:63:4D:07,-58,127,3.0,3.5,1.5
1783351130385,2026-07-06 17:18:50.385,C3:00:00:63:4D:0D,-49,127,3.0,3.5,1.5
1783351130405,2026-07-06 17:18:50.405,C3:00:00:63:4D:0A,-65,127,3.0,3.5,1.5
1783351130410,2026-07-06 17:18:50.410,C3:00:00:63:4D:04,-56,127,3.0,3.5,1.5
1783351130427,2026-07-06 17:18:50.427,C3:00:00:63:4D:08,-68,127,3.0,3.5,1.5
1783351130460,2026-07-06 17:18:50.460,C3:00:00:63:4D:05,-54,127,3.0,3.5,1.5
1783351130470,2026-07-06 17:18:50.470,C3:00:00:63:4D:08,-68,127,3.0,3.5,1.5
1783351130483,2026-07-06 17:18:50.483,C3:00:00:63:4D:04,-60,127,3.0,3.5,1.5
1783351130488,2026-07-06 17:18:50.488,C3:00:00:63:4C:D2,-60,127,3.0,3.5,1.5
1783351130496,2026-07-06 17:18:50.496,C3:00:00:63:4D:0D,-57,127,3.0,3.5,1.5
1783351130502,2026-07-06 17:18:50.502,C3:00:00:63:4D:0A,-61,127,3.0,3.5,1.5
1783351130510,2026-07-06 17:18:50.510,C3:00:00:63:4D:04,-59,127,3.0,3.5,1.5
1783351130545,2026-07-06 17:18:50.545,C3:00:00:63:4D:08,-56,127,3.0,3.5,1.5
1783351130551,2026-07-06 17:18:50.551,C3:00:00:63:4D:07,-57,127,3.0,3.5,1.5
1783351130568,2026-07-06 17:18:50.568,C3:00:00:63:4D:05,-58,127,3.0,3.5,1.5
1783351130572,2026-07-06 17:18:50.572,C3:00:00:63:4D:07,-57,127,3.0,3.5,1.5
1783351130596,2026-07-06 17:18:50.596,C3:00:00:63:4D:0D,-58,127,3.0,3.5,1.5
1783351130610,2026-07-06 17:18:50.610,C3:00:00:63:4D:0A,-63,127,3.0,3.5,1.5
1783351130660,2026-07-06 17:18:50.660,C3:00:00:63:4D:09,-61,127,3.0,3.5,1.5
1783351130687,2026-07-06 17:18:50.687,C3:00:00:63:4C:D2,-53,127,3.0,3.5,1.5
1783351130704,2026-07-06 17:18:50.704,C3:00:00:63:4D:0D,-49,127,3.0,3.5,1.5
1783351130709,2026-07-06 17:18:50.709,C3:00:00:63:4C:D2,-53,127,3.0,3.5,1.5
1783351130716,2026-07-06 17:18:50.716,C3:00:00:63:4D:0A,-65,127,3.0,3.5,1.5
1783351130749,2026-07-06 17:18:50.749,C3:00:00:63:4D:07,-55,127,3.0,3.5,1.5
1783351130761,2026-07-06 17:18:50.761,C3:00:00:63:4D:05,-54,127,3.0,3.5,1.5
1783351130777,2026-07-06 17:18:50.777,C3:00:00:63:4D:08,-61,127,3.0,3.5,1.5
1783351130793,2026-07-06 17:18:50.793,C3:00:00:63:4C:D2,-60,127,3.0,3.5,1.5
1783351130808,2026-07-06 17:18:50.808,C3:00:00:63:4D:0D,-57,127,3.0,3.5,1.5
1783351130820,2026-07-06 17:18:50.820,C3:00:00:63:4D:0A,-61,127,3.0,3.5,1.5
1783351130824,2026-07-06 17:18:50.824,C3:00:00:63:4D:04,-60,127,3.0,3.5,1.5
1783351130850,2026-07-06 17:18:50.850,C3:00:00:63:4D:07,-56,127,3.0,3.5,1.5
1783351130873,2026-07-06 17:18:50.873,C3:00:00:63:4D:05,-59,127,3.0,3.5,1.5
1783351130883,2026-07-06 17:18:50.883,C3:00:00:63:4D:08,-57,127,3.0,3.5,1.5
1783351130895,2026-07-06 17:18:50.895,C3:00:00:63:4D:09,-62,127,3.0,3.5,1.5
1783351130904,2026-07-06 17:18:50.904,C3:00:00:63:4C:D2,-61,127,3.0,3.5,1.5
1783351130921,2026-07-06 17:18:50.921,C3:00:00:63:4D:0D,-56,127,3.0,3.5,1.5
1783351130925,2026-07-06 17:18:50.925,C3:00:00:63:4D:04,-55,127,3.0,3.5,1.5
1783351130927,2026-07-06 17:18:50.927,C3:00:00:63:4D:0A,-63,127,3.0,3.5,1.5
1783351130949,2026-07-06 17:18:50.949,C3:00:00:63:4D:0A,-62,127,3.0,3.5,1.5
1783351130952,2026-07-06 17:18:50.952,C3:00:00:63:4D:07,-58,127,3.0,3.5,1.5
1783351131005,2026-07-06 17:18:51.005,C3:00:00:63:4D:09,-63,127,3.0,3.5,1.5
1783351131007,2026-07-06 17:18:51.007,C3:00:00:63:4D:08,-66,127,3.0,3.5,1.5
1783351131014,2026-07-06 17:18:51.014,C3:00:00:63:4C:D2,-54,127,3.0,3.5,1.5
1783351131027,2026-07-06 17:18:51.027,C3:00:00:63:4D:0A,-62,127,3.0,3.5,1.5
1783351131044,2026-07-06 17:18:51.044,C3:00:00:63:4D:07,-54,127,3.0,3.5,1.5
1783351131049,2026-07-06 17:18:51.049,C3:00:00:63:4D:0D,-57,127,3.0,3.5,1.5
1783351131062,2026-07-06 17:18:51.062,C3:00:00:63:4D:0D,-65,127,3.0,3.5,1.5
1783351131073,2026-07-06 17:18:51.073,C3:00:00:63:4D:05,-54,127,3.0,3.5,1.5
1783351131119,2026-07-06 17:18:51.119,C3:00:00:63:4D:08,-61,127,3.0,3.5,1.5
1783351131123,2026-07-06 17:18:51.123,C3:00:00:63:4D:09,-69,127,3.0,3.5,1.5
1783351131144,2026-07-06 17:18:51.144,C3:00:00:63:4D:07,-56,127,3.0,3.5,1.5
1783351131166,2026-07-06 17:18:51.166,C3:00:00:63:4D:09,-62,127,3.0,3.5,1.5
1783351131172,2026-07-06 17:18:51.172,C3:00:00:63:4D:05,-59,127,3.0,3.5,1.5
1783351131220,2026-07-06 17:18:51.220,C3:00:00:63:4C:D2,-61,127,3.0,3.5,1.5
1783351131238,2026-07-06 17:18:51.238,C3:00:00:63:4D:04,-56,127,3.0,3.5,1.5
1783351131242,2026-07-06 17:18:51.242,C3:00:00:63:4D:09,-63,127,3.0,3.5,1.5
1783351131246,2026-07-06 17:18:51.246,C3:00:00:63:4D:08,-66,127,3.0,3.5,1.5
1783351131251,2026-07-06 17:18:51.251,C3:00:00:63:4D:0A,-65,127,3.0,3.5,1.5
1783351131253,2026-07-06 17:18:51.253,C3:00:00:63:4D:0D,-49,127,3.0,3.5,1.5
1783351131255,2026-07-06 17:18:51.255,C3:00:00:63:4D:07,-58,127,3.0,3.5,1.5
1783351131260,2026-07-06 17:18:51.260,C3:00:00:63:4D:09,-62,127,3.0,3.5,1.5
1783351131271,2026-07-06 17:18:51.271,C3:00:00:63:4D:05,-55,127,3.0,3.5,1.5
1783351131329,2026-07-06 17:18:51.329,C3:00:00:63:4C:D2,-53,127,3.0,3.5,1.5
1783351131335,2026-07-06 17:18:51.335,C3:00:00:63:4D:04,-59,127,3.0,3.5,1.5
1783351131340,2026-07-06 17:18:51.340,C3:00:00:63:4D:0A,-61,127,3.0,3.5,1.5
1783351131352,2026-07-06 17:18:51.352,C3:00:00:63:4D:0D,-57,127,3.0,3.5,1.5
1783351131378,2026-07-06 17:18:51.378,C3:00:00:63:4D:05,-54,127,3.0,3.5,1.5
1783351131432,2026-07-06 17:18:51.432,C3:00:00:63:4C:D2,-60,127,3.0,3.5,1.5
1783351131437,2026-07-06 17:18:51.437,C3:00:00:63:4D:04,-55,127,3.0,3.5,1.5
1783351131451,2026-07-06 17:18:51.451,C3:00:00:63:4D:07,-57,127,3.0,3.5,1.5
1783351131455,2026-07-06 17:18:51.455,C3:00:00:63:4D:0A,-63,127,3.0,3.5,1.5
1783351131460,2026-07-06 17:18:51.460,C3:00:00:63:4D:0D,-58,127,3.0,3.5,1.5
1783351131462,2026-07-06 17:18:51.462,C3:00:00:63:4D:09,-61,127,3.0,3.5,1.5
1783351131466,2026-07-06 17:18:51.466,C3:00:00:63:4D:08,-56,127,3.0,3.5,1.5
1783351131490,2026-07-06 17:18:51.490,C3:00:00:63:4D:08,-56,127,3.0,3.5,1.5
1783351131548,2026-07-06 17:18:51.548,C3:00:00:63:4D:04,-56,127,3.0,3.5,1.5
1783351131553,2026-07-06 17:18:51.553,C3:00:00:63:4D:07,-58,127,3.0,3.5,1.5
1783351131558,2026-07-06 17:18:51.558,C3:00:00:63:4D:0A,-65,127,3.0,3.5,1.5
1783351131563,2026-07-06 17:18:51.563,C3:00:00:63:4D:0D,-49,127,3.0,3.5,1.5
1783351131578,2026-07-06 17:18:51.578,C3:00:00:63:4D:05,-55,127,3.0,3.5,1.5
1783351131581,2026-07-06 17:18:51.581,C3:00:00:63:4D:09,-62,127,3.0,3.5,1.5
1783351131644,2026-07-06 17:18:51.644,C3:00:00:63:4D:07,-55,127,3.0,3.5,1.5
1783351131650,2026-07-06 17:18:51.650,C3:00:00:63:4D:04,-59,127,3.0,3.5,1.5
1783351131656,2026-07-06 17:18:51.656,C3:00:00:63:4D:0D,-57,127,3.0,3.5,1.5
1783351131661,2026-07-06 17:18:51.661,C3:00:00:63:4D:0A,-61,127,3.0,3.5,1.5
1783351131675,2026-07-06 17:18:51.675,C3:00:00:63:4D:0D,-57,127,3.0,3.5,1.5
1783351131684,2026-07-06 17:18:51.684,C3:00:00:63:4D:09,-69,127,3.0,3.5,1.5
1783351131696,2026-07-06 17:18:51.696,C3:00:00:63:4D:08,-61,127,3.0,3.5,1.5
1783351131755,2026-07-06 17:18:51.755,C3:00:00:63:4D:07,-56,127,3.0,3.5,1.5
1783351131758,2026-07-06 17:18:51.758,C3:00:00:63:4D:04,-55,127,3.0,3.5,1.5
1783351131763,2026-07-06 17:18:51.763,C3:00:00:63:4C:D2,-61,127,3.0,3.5,1.5
1783351131766,2026-07-06 17:18:51.766,C3:00:00:63:4D:0A,-63,127,3.0,3.5,1.5
1783351131814,2026-07-06 17:18:51.814,C3:00:00:63:4D:08,-57,127,3.0,3.5,1.5
1783351131846,2026-07-06 17:18:51.846,C3:00:00:63:4D:07,-60,127,3.0,3.5,1.5
1783351131850,2026-07-06 17:18:51.850,C3:00:00:63:4D:04,-57,127,3.0,3.5,1.5
1783351131928,2026-07-06 17:18:51.928,C3:00:00:63:4D:08,-66,127,3.0,3.5,1.5
1783351132007,2026-07-06 17:18:52.007,C3:00:00:63:4D:08,-61,127,3.0,3.5,1.5
1783351132015,2026-07-06 17:18:52.015,C3:00:00:63:4D:09,-70,127,3.0,3.5,1.5
1783351132040,2026-07-06 17:18:52.040,C3:00:00:63:4D:05,-60,127,3.0,3.5,1.5
1783351132109,2026-07-06 17:18:52.109,C3:00:00:63:4D:0D,-56,127,3.0,3.5,1.5
1783351132220,2026-07-06 17:18:52.220,C3:00:00:63:4D:0D,-49,127,3.0,3.5,1.5
1783351132229,2026-07-06 17:18:52.229,C3:00:00:63:4D:08,-60,127,3.0,3.5,1.5
1783351132232,2026-07-06 17:18:52.232,C3:00:00:63:4D:05,-55,127,3.0,3.5,1.5
1783351132290,2026-07-06 17:18:52.290,C3:00:00:63:4D:0A,-61,127,3.0,3.5,1.5
1783351132294,2026-07-06 17:18:52.294,C3:00:00:63:4D:04,-60,127,3.0,3.5,1.5
1783351132311,2026-07-06 17:18:52.311,C3:00:00:63:4D:04,-67,127,3.0,3.5,1.5
1783351132380,2026-07-06 17:18:52.380,C3:00:00:63:4D:05,-59,127,3.0,3.5,1.5
1783351132384,2026-07-06 17:18:52.384,C3:00:00:63:4C:D2,-61,127,3.0,3.5,1.5
1783351132388,2026-07-06 17:18:52.388,C3:00:00:63:4D:08,-58,127,3.0,3.5,1.5
1783351132393,2026-07-06 17:18:52.393,C3:00:00:63:4D:0A,-63,127,3.0,3.5,1.5
1783351132432,2026-07-06 17:18:52.432,C3:00:00:63:4D:0D,-49,127,3.0,3.5,1.5
1783351132449,2026-07-06 17:18:52.449,C3:00:00:63:4D:07,-59,127,3.0,3.5,1.5
1783351132468,2026-07-06 17:18:52.468,C3:00:00:63:4D:04,-56,127,3.0,3.5,1.5
1783351132486,2026-07-06 17:18:52.486,C3:00:00:63:4D:05,-58,127,3.0,3.5,1.5
1783351132493,2026-07-06 17:18:52.493,C3:00:00:63:4D:0A,-63,127,3.0,3.5,1.5
1783351132542,2026-07-06 17:18:52.542,C3:00:00:63:4D:0D,-55,127,3.0,3.5,1.5
1783351132546,2026-07-06 17:18:52.546,C3:00:00:63:4D:07,-54,127,3.0,3.5,1.5
1783351132568,2026-07-06 17:18:52.568,C3:00:00:63:4D:07,-55,127,3.0,3.5,1.5
1783351132581,2026-07-06 17:18:52.581,C3:00:00:63:4D:05,-54,127,3.0,3.5,1.5
1783351132601,2026-07-06 17:18:52.601,C3:00:00:63:4D:0A,-59,127,3.0,3.5,1.5
1783351132605,2026-07-06 17:18:52.605,C3:00:00:63:4D:09,-69,127,3.0,3.5,1.5
1783351132646,2026-07-06 17:18:52.646,C3:00:00:63:4D:07,-56,127,3.0,3.5,1.5
1783351132650,2026-07-06 17:18:52.650,C3:00:00:63:4D:0D,-56,127,3.0,3.5,1.5
1783351132670,2026-07-06 17:18:52.670,C3:00:00:63:4D:04,-55,127,3.0,3.5,1.5
1783351132693,2026-07-06 17:18:52.693,C3:00:00:63:4D:05,-59,127,3.0,3.5,1.5
1783351132699,2026-07-06 17:18:52.699,C3:00:00:63:4D:07,-63,127,3.0,3.5,1.5
1783351132710,2026-07-06 17:18:52.710,C3:00:00:63:4C:D2,-61,127,3.0,3.5,1.5
1783351132713,2026-07-06 17:18:52.713,C3:00:00:63:4D:0A,-63,127,3.0,3.5,1.5
1783351132718,2026-07-06 17:18:52.718,C3:00:00:63:4D:09,-62,127,3.0,3.5,1.5
1783351132730,2026-07-06 17:18:52.730,C3:00:00:63:4C:D2,-54,127,3.0,3.5,1.5
1783351132732,2026-07-06 17:18:52.732,C3:00:00:63:4D:08,-67,127,3.0,3.5,1.5
1783351132747,2026-07-06 17:18:52.747,C3:00:00:63:4D:07,-59,127,3.0,3.5,1.5
1783351132756,2026-07-06 17:18:52.756,C3:00:00:63:4D:0D,-49,127,3.0,3.5,1.5
1783351132780,2026-07-06 17:18:52.780,C3:00:00:63:4D:04,-56,127,3.0,3.5,1.5
1783351132785,2026-07-06 17:18:52.785,C3:00:00:63:4D:05,-58,127,3.0,3.5,1.5
1783351132816,2026-07-06 17:18:52.816,C3:00:00:63:4C:D2,-54,127,3.0,3.5,1.5
1783351132819,2026-07-06 17:18:52.819,C3:00:00:63:4D:0A,-63,127,3.0,3.5,1.5
1783351132823,2026-07-06 17:18:52.823,C3:00:00:63:4D:09,-64,127,3.0,3.5,1.5
1783351132844,2026-07-06 17:18:52.844,C3:00:00:63:4D:07,-54,127,3.0,3.5,1.5
1783351132847,2026-07-06 17:18:52.847,C3:00:00:63:4D:08,-60,127,3.0,3.5,1.5
1783351132864,2026-07-06 17:18:52.864,C3:00:00:63:4D:0D,-56,127,3.0,3.5,1.5
1783351132884,2026-07-06 17:18:52.884,C3:00:00:63:4D:05,-54,127,3.0,3.5,1.5
1783351132914,2026-07-06 17:18:52.914,C3:00:00:63:4C:D2,-60,127,3.0,3.5,1.5
1783351132918,2026-07-06 17:18:52.918,C3:00:00:63:4D:0A,-60,127,3.0,3.5,1.5
1783351132933,2026-07-06 17:18:52.933,C3:00:00:63:4D:0A,-63,127,3.0,3.5,1.5
1783351132948,2026-07-06 17:18:52.948,C3:00:00:63:4D:07,-56,127,3.0,3.5,1.5
1783351132965,2026-07-06 17:18:52.965,C3:00:00:63:4D:08,-58,127,3.0,3.5,1.5
1783351132971,2026-07-06 17:18:52.971,C3:00:00:63:4D:0D,-56,127,3.0,3.5,1.5
1783351132984,2026-07-06 17:18:52.984,C3:00:00:63:4D:04,-55,127,3.0,3.5,1.5
1783351132987,2026-07-06 17:18:52.987,C3:00:00:63:4D:05,-59,127,3.0,3.5,1.5
1783351133047,2026-07-06 17:18:53.047,C3:00:00:63:4D:0D,-49,127,3.0,3.5,1.5
1783351133067,2026-07-06 17:18:53.067,C3:00:00:63:4D:09,-63,127,3.0,3.5,1.5
1783351133073,2026-07-06 17:18:53.073,C3:00:00:63:4D:0D,-49,127,3.0,3.5,1.5
1783351133083,2026-07-06 17:18:53.083,C3:00:00:63:4D:08,-67,127,3.0,3.5,1.5
1783351133091,2026-07-06 17:18:53.091,C3:00:00:63:4D:04,-56,127,3.0,3.5,1.5
1783351133094,2026-07-06 17:18:53.094,C3:00:00:63:4D:05,-58,127,3.0,3.5,1.5
1783351133167,2026-07-06 17:18:53.167,C3:00:00:63:4D:09,-69,127,3.0,3.5,1.5
1783351133189,2026-07-06 17:18:53.189,C3:00:00:63:4D:05,-54,127,3.0,3.5,1.5
1783351133226,2026-07-06 17:18:53.226,C3:00:00:63:4D:0A,-59,127,3.0,3.5,1.5
1783351133236,2026-07-06 17:18:53.236,C3:00:00:63:4C:D2,-61,127,3.0,3.5,1.5
1783351133250,2026-07-06 17:18:53.250,C3:00:00:63:4D:07,-56,127,3.0,3.5,1.5
1783351133288,2026-07-06 17:18:53.288,C3:00:00:63:4D:05,-59,127,3.0,3.5,1.5
1783351133292,2026-07-06 17:18:53.292,C3:00:00:63:4D:09,-63,127,3.0,3.5,1.5
1783351133344,2026-07-06 17:18:53.344,C3:00:00:63:4C:D2,-54,127,3.0,3.5,1.5
1783351133348,2026-07-06 17:18:53.348,C3:00:00:63:4D:0A,-63,127,3.0,3.5,1.5
1783351133352,2026-07-06 17:18:53.352,C3:00:00:63:4D:07,-59,127,3.0,3.5,1.5
1783351133399,2026-07-06 17:18:53.399,C3:00:00:63:4D:09,-63,127,3.0,3.5,1.5
1783351133403,2026-07-06 17:18:53.403,C3:00:00:63:4D:0D,-49,127,3.0,3.5,1.5
1783351133408,2026-07-06 17:18:53.408,C3:00:00:63:4D:04,-56,127,3.0,3.5,1.5
1783351133424,2026-07-06 17:18:53.424,C3:00:00:63:4D:08,-67,127,3.0,3.5,1.5
1783351133441,2026-07-06 17:18:53.441,C3:00:00:63:4D:0A,-59,127,3.0,3.5,1.5
1783351133446,2026-07-06 17:18:53.446,C3:00:00:63:4D:07,-54,127,3.0,3.5,1.5
1783351133449,2026-07-06 17:18:53.449,C3:00:00:63:4C:D2,-60,127,3.0,3.5,1.5
1783351133470,2026-07-06 17:18:53.470,C3:00:00:63:4D:08,-60,127,3.0,3.5,1.5
1783351133488,2026-07-06 17:18:53.488,C3:00:00:63:4D:05,-54,127,3.0,3.5,1.5
1783351133500,2026-07-06 17:18:53.500,C3:00:00:63:4D:04,-60,127,3.0,3.5,1.5
1783351133511,2026-07-06 17:18:53.511,C3:00:00:63:4D:05,-61,127,3.0,3.5,1.5
1783351133517,2026-07-06 17:18:53.517,C3:00:00:63:4D:0D,-56,127,3.0,3.5,1.5
1783351133521,2026-07-06 17:18:53.521,C3:00:00:63:4D:09,-69,127,3.0,3.5,1.5
1783351133536,2026-07-06 17:18:53.536,C3:00:00:63:4D:08,-58,127,3.0,3.5,1.5
1783351133545,2026-07-06 17:18:53.545,C3:00:00:63:4D:07,-56,127,3.0,3.5,1.5
1783351133556,2026-07-06 17:18:53.556,C3:00:00:63:4C:D2,-61,127,3.0,3.5,1.5
1783351133570,2026-07-06 17:18:53.570,C3:00:00:63:4C:D2,-62,127,3.0,3.5,1.5
1783351133592,2026-07-06 17:18:53.592,C3:00:00:63:4D:05,-59,127,3.0,3.5,1.5
1783351133604,2026-07-06 17:18:53.604,C3:00:00:63:4D:04,-55,127,3.0,3.5,1.5
1783351133622,2026-07-06 17:18:53.622,C3:00:00:63:4D:0A,-71,127,3.0,3.5,1.5
1783351133626,2026-07-06 17:18:53.626,C3:00:00:63:4D:0D,-57,127,3.0,3.5,1.5
1783351133649,2026-07-06 17:18:53.649,C3:00:00:63:4D:07,-59,127,3.0,3.5,1.5
1783351133654,2026-07-06 17:18:53.654,C3:00:00:63:4D:0A,-63,127,3.0,3.5,1.5
1783351133660,2026-07-06 17:18:53.660,C3:00:00:63:4D:0D,-49,127,3.0,3.5,1.5
1783351133713,2026-07-06 17:18:53.713,C3:00:00:63:4D:04,-56,127,3.0,3.5,1.5
1783351133737,2026-07-06 17:18:53.737,C3:00:00:63:4D:09,-69,127,3.0,3.5,1.5
1783351133757,2026-07-06 17:18:53.757,C3:00:00:63:4D:0A,-59,127,3.0,3.5,1.5
1783351133764,2026-07-06 17:18:53.764,C3:00:00:63:4C:D2,-60,127,3.0,3.5,1.5
1783351133770,2026-07-06 17:18:53.770,C3:00:00:63:4D:07,-55,127,3.0,3.5,1.5
1783351133773,2026-07-06 17:18:53.773,C3:00:00:63:4D:08,-60,127,3.0,3.5,1.5
1783351133796,2026-07-06 17:18:53.796,C3:00:00:63:4D:05,-54,127,3.0,3.5,1.5
1783351133804,2026-07-06 17:18:53.804,C3:00:00:63:4D:04,-60,127,3.0,3.5,1.5
1783351133821,2026-07-06 17:18:53.821,C3:00:00:63:4C:D2,-60,127,3.0,3.5,1.5
1783351133838,2026-07-06 17:18:53.838,C3:00:00:63:4D:0D,-56,127,3.0,3.5,1.5
1783351133869,2026-07-06 17:18:53.869,C3:00:00:63:4C:D2,-61,127,3.0,3.5,1.5
1783351133893,2026-07-06 17:18:53.893,C3:00:00:63:4D:08,-57,127,3.0,3.5,1.5
1783351133899,2026-07-06 17:18:53.899,C3:00:00:63:4D:05,-59,127,3.0,3.5,1.5
1783351133941,2026-07-06 17:18:53.941,C3:00:00:63:4D:0D,-49,127,3.0,3.5,1.5
1783351133957,2026-07-06 17:18:53.957,C3:00:00:63:4D:07,-59,127,3.0,3.5,1.5
1783351133972,2026-07-06 17:18:53.972,C3:00:00:63:4D:0A,-63,127,3.0,3.5,1.5
1783351133979,2026-07-06 17:18:53.979,C3:00:00:63:4C:D2,-54,127,3.0,3.5,1.5
1783351133992,2026-07-06 17:18:53.992,C3:00:00:63:4D:08,-67,127,3.0,3.5,1.5
1783351134010,2026-07-06 17:18:54.010,C3:00:00:63:4D:08,-67,127,3.0,3.5,1.5
1783351134015,2026-07-06 17:18:54.015,C3:00:00:63:4D:04,-56,127,3.0,3.5,1.5
1783351134019,2026-07-06 17:18:54.019,C3:00:00:63:4D:0A,-63,127,3.0,3.5,1.5
1783351134022,2026-07-06 17:18:54.022,C3:00:00:63:4D:09,-63,127,3.0,3.5,1.5
1783351134032,2026-07-06 17:18:54.032,C3:00:00:63:4C:D2,-67,127,3.0,3.5,1.5
1783351134046,2026-07-06 17:18:54.046,C3:00:00:63:4D:0D,-55,127,3.0,3.5,1.5
1783351134051,2026-07-06 17:18:54.051,C3:00:00:63:4D:05,-55,127,3.0,3.5,1.5
1783351134055,2026-07-06 17:18:54.055,C3:00:00:63:4D:0A,-60,127,3.0,3.5,1.5
1783351134082,2026-07-06 17:18:54.082,C3:00:00:63:4D:09,-69,127,3.0,3.5,1.5
1783351134088,2026-07-06 17:18:54.088,C3:00:00:63:4C:D2,-60,127,3.0,3.5,1.5
1783351134111,2026-07-06 17:18:54.111,C3:00:00:63:4D:08,-59,127,3.0,3.5,1.5
1783351134119,2026-07-06 17:18:54.119,C3:00:00:63:4D:04,-60,127,3.0,3.5,1.5
1783351134153,2026-07-06 17:18:54.153,C3:00:00:63:4D:07,-56,127,3.0,3.5,1.5
1783351134179,2026-07-06 17:18:54.179,C3:00:00:63:4D:0A,-63,127,3.0,3.5,1.5
1783351134188,2026-07-06 17:18:54.188,C3:00:00:63:4C:D2,-61,127,3.0,3.5,1.5
1783351134197,2026-07-06 17:18:54.197,C3:00:00:63:4D:09,-63,127,3.0,3.5,1.5
1783351134208,2026-07-06 17:18:54.208,C3:00:00:63:4D:05,-59,127,3.0,3.5,1.5
1783351134224,2026-07-06 17:18:54.224,C3:00:00:63:4D:04,-55,127,3.0,3.5,1.5
1783351134226,2026-07-06 17:18:54.226,C3:00:00:63:4D:08,-67,127,3.0,3.5,1.5
1783351134248,2026-07-06 17:18:54.248,C3:00:00:63:4D:05,-58,127,3.0,3.5,1.5
1783351134267,2026-07-06 17:18:54.267,C3:00:00:63:4D:0D,-49,127,3.0,3.5,1.5
1783351134286,2026-07-06 17:18:54.286,C3:00:00:63:4D:0A,-63,127,3.0,3.5,1.5
1783351134298,2026-07-06 17:18:54.298,C3:00:00:63:4C:D2,-54,127,3.0,3.5,1.5
1783351134308,2026-07-06 17:18:54.308,C3:00:00:63:4D:04,-56,127,3.0,3.5,1.5
1783351134313,2026-07-06 17:18:54.313,C3:00:00:63:4D:05,-58,127,3.0,3.5,1.5
1783351134316,2026-07-06 17:18:54.316,C3:00:00:63:4D:09,-63,127,3.0,3.5,1.5
1783351134324,2026-07-06 17:18:54.324,C3:00:00:63:4D:04,-56,127,3.0,3.5,1.5
1783351134338,2026-07-06 17:18:54.338,C3:00:00:63:4D:08,-59,127,3.0,3.5,1.5
1783351134343,2026-07-06 17:18:54.343,C3:00:00:63:4D:07,-54,127,3.0,3.5,1.5
1783351134387,2026-07-06 17:18:54.387,C3:00:00:63:4D:0A,-59,127,3.0,3.5,1.5
1783351134398,2026-07-06 17:18:54.398,C3:00:00:63:4C:D2,-60,127,3.0,3.5,1.5
1783351134405,2026-07-06 17:18:54.405,C3:00:00:63:4D:05,-54,127,3.0,3.5,1.5
1783351134423,2026-07-06 17:18:54.423,C3:00:00:63:4D:04,-60,127,3.0,3.5,1.5
1783351134426,2026-07-06 17:18:54.426,C3:00:00:63:4D:09,-69,127,3.0,3.5,1.5
1783351134447,2026-07-06 17:18:54.447,C3:00:00:63:4D:07,-56,127,3.0,3.5,1.5
1783351134450,2026-07-06 17:18:54.450,C3:00:00:63:4D:08,-57,127,3.0,3.5,1.5
1783351134490,2026-07-06 17:18:54.490,C3:00:00:63:4D:09,-70,127,3.0,3.5,1.5
1783351134493,2026-07-06 17:18:54.493,C3:00:00:63:4D:0A,-63,127,3.0,3.5,1.5
1783351134497,2026-07-06 17:18:54.497,C3:00:00:63:4D:04,-56,127,3.0,3.5,1.5
1783351134508,2026-07-06 17:18:54.508,C3:00:00:63:4D:05,-59,127,3.0,3.5,1.5
1783351134534,2026-07-06 17:18:54.534,C3:00:00:63:4D:04,-56,127,3.0,3.5,1.5
1783351134538,2026-07-06 17:18:54.538,C3:00:00:63:4D:09,-63,127,3.0,3.5,1.5
1783351134543,2026-07-06 17:18:54.543,C3:00:00:63:4D:07,-59,127,3.0,3.5,1.5
1783351134573,2026-07-06 17:18:54.573,C3:00:00:63:4D:08,-66,127,3.0,3.5,1.5
1783351134586,2026-07-06 17:18:54.586,C3:00:00:63:4D:07,-58,127,3.0,3.5,1.5
1783351134592,2026-07-06 17:18:54.592,C3:00:00:63:4D:0D,-49,127,3.0,3.5,1.5
1783351134597,2026-07-06 17:18:54.597,C3:00:00:63:4D:0A,-62,127,3.0,3.5,1.5
1783351134607,2026-07-06 17:18:54.607,C3:00:00:63:4D:05,-58,127,3.0,3.5,1.5
1783351134621,2026-07-06 17:18:54.621,C3:00:00:63:4C:D2,-54,127,3.0,3.5,1.5
1783351134631,2026-07-06 17:18:54.631,C3:00:00:63:4D:04,-60,127,3.0,3.5,1.5
1783351134647,2026-07-06 17:18:54.647,C3:00:00:63:4D:07,-54,127,3.0,3.5,1.5
1783351134650,2026-07-06 17:18:54.650,C3:00:00:63:4D:09,-69,127,3.0,3.5,1.5
1783351134691,2026-07-06 17:18:54.691,C3:00:00:63:4D:08,-61,127,3.0,3.5,1.5
1783351134694,2026-07-06 17:18:54.694,C3:00:00:63:4D:0D,-57,127,3.0,3.5,1.5
1783351134698,2026-07-06 17:18:54.698,C3:00:00:63:4D:0A,-61,127,3.0,3.5,1.5
1783351134706,2026-07-06 17:18:54.706,C3:00:00:63:4D:05,-54,127,3.0,3.5,1.5
1783351134743,2026-07-06 17:18:54.743,C3:00:00:63:4C:D2,-61,127,3.0,3.5,1.5
1783351134768,2026-07-06 17:18:54.768,C3:00:00:63:4D:09,-61,127,3.0,3.5,1.5
1783351134806,2026-07-06 17:18:54.806,C3:00:00:63:4D:05,-58,127,3.0,3.5,1.5
1783351134843,2026-07-06 17:18:54.843,C3:00:00:63:4D:04,-56,127,3.0,3.5,1.5
1783351134847,2026-07-06 17:18:54.847,C3:00:00:63:4D:07,-58,127,3.0,3.5,1.5
1783351134878,2026-07-06 17:18:54.878,C3:00:00:63:4D:09,-61,127,3.0,3.5,1.5
1783351134918,2026-07-06 17:18:54.918,C3:00:00:63:4D:0A,-65,127,3.0,3.5,1.5
1783351134922,2026-07-06 17:18:54.922,C3:00:00:63:4D:0D,-49,127,3.0,3.5,1.5
1783351134930,2026-07-06 17:18:54.930,C3:00:00:63:4D:0A,-61,127,3.0,3.5,1.5
1783351134950,2026-07-06 17:18:54.950,C3:00:00:63:4D:07,-54,127,3.0,3.5,1.5
1783351134955,2026-07-06 17:18:54.955,C3:00:00:63:4D:04,-60,127,3.0,3.5,1.5
1783351134998,2026-07-06 17:18:54.998,C3:00:00:63:4D:09,-69,127,3.0,3.5,1.5
1783351135021,2026-07-06 17:18:55.021,C3:00:00:63:4D:0D,-57,127,3.0,3.5,1.5
1783351135030,2026-07-06 17:18:55.030,C3:00:00:63:4D:08,-56,127,3.0,3.5,1.5
1783351135042,2026-07-06 17:18:55.042,C3:00:00:63:4C:D2,-60,127,3.0,3.5,1.5
1783351135044,2026-07-06 17:18:55.044,C3:00:00:63:4D:07,-57,127,3.0,3.5,1.5
1783351135049,2026-07-06 17:18:55.049,C3:00:00:63:4D:0D,-58,127,3.0,3.5,1.5
1783351135059,2026-07-06 17:18:55.059,C3:00:00:63:4D:0D,-65,127,3.0,3.5,1.5
1783351135117,2026-07-06 17:18:55.117,C3:00:00:63:4D:09,-61,127,3.0,3.5,1.5
1783351135120,2026-07-06 17:18:55.120,C3:00:00:63:4D:05,-58,127,3.0,3.5,1.5
1783351135129,2026-07-06 17:18:55.129,C3:00:00:63:4D:0D,-49,127,3.0,3.5,1.5
1783351135148,2026-07-06 17:18:55.148,C3:00:00:63:4C:D2,-53,127,3.0,3.5,1.5
1783351135150,2026-07-06 17:18:55.150,C3:00:00:63:4D:08,-68,127,3.0,3.5,1.5
1783351135153,2026-07-06 17:18:55.153,C3:00:00:63:4D:04,-56,127,3.0,3.5,1.5
1783351135155,2026-07-06 17:18:55.155,C3:00:00:63:4D:07,-58,127,3.0,3.5,1.5
1783351135175,2026-07-06 17:18:55.175,C3:00:00:63:4D:09,-62,127,3.0,3.5,1.5
1783351135216,2026-07-06 17:18:55.216,C3:00:00:63:4D:05,-55,127,3.0,3.5,1.5
1783351135233,2026-07-06 17:18:55.233,C3:00:00:63:4D:09,-62,127,3.0,3.5,1.5
1783351135237,2026-07-06 17:18:55.237,C3:00:00:63:4D:0D,-57,127,3.0,3.5,1.5
1783351135254,2026-07-06 17:18:55.254,C3:00:00:63:4D:04,-60,127,3.0,3.5,1.5
1783351135270,2026-07-06 17:18:55.270,C3:00:00:63:4D:08,-61,127,3.0,3.5,1.5
1783351135295,2026-07-06 17:18:55.295,C3:00:00:63:4D:09,-69,127,3.0,3.5,1.5
1783351135333,2026-07-06 17:18:55.333,C3:00:00:63:4D:09,-61,127,3.0,3.5,1.5
1783351135342,2026-07-06 17:18:55.342,C3:00:00:63:4D:0D,-58,127,3.0,3.5,1.5
1783351135374,2026-07-06 17:18:55.374,C3:00:00:63:4D:08,-56,127,3.0,3.5,1.5
1783351135411,2026-07-06 17:18:55.411,C3:00:00:63:4D:05,-58,127,3.0,3.5,1.5
1783351135437,2026-07-06 17:18:55.437,C3:00:00:63:4D:0A,-65,127,3.0,3.5,1.5
1783351135446,2026-07-06 17:18:55.446,C3:00:00:63:4D:09,-62,127,3.0,3.5,1.5
1783351135457,2026-07-06 17:18:55.457,C3:00:00:63:4D:07,-58,127,3.0,3.5,1.5
1783351135460,2026-07-06 17:18:55.460,C3:00:00:63:4D:0D,-49,127,3.0,3.5,1.5
1783351135465,2026-07-06 17:18:55.465,C3:00:00:63:4D:04,-56,127,3.0,3.5,1.5
1783351135472,2026-07-06 17:18:55.472,C3:00:00:63:4D:08,-68,127,3.0,3.5,1.5
1783351135477,2026-07-06 17:18:55.477,C3:00:00:63:4D:0D,-49,127,3.0,3.5,1.5
1783351135514,2026-07-06 17:18:55.514,C3:00:00:63:4D:05,-55,127,3.0,3.5,1.5
1783351135540,2026-07-06 17:18:55.540,C3:00:00:63:4D:0A,-61,127,3.0,3.5,1.5
1783351135547,2026-07-06 17:18:55.547,C3:00:00:63:4D:07,-54,127,3.0,3.5,1.5
1783351135562,2026-07-06 17:18:55.562,C3:00:00:63:4D:0D,-57,127,3.0,3.5,1.5
1783351135565,2026-07-06 17:18:55.565,C3:00:00:63:4D:04,-59,127,3.0,3.5,1.5
1783351135569,2026-07-06 17:18:55.569,C3:00:00:63:4D:07,-55,127,3.0,3.5,1.5
1783351135604,2026-07-06 17:18:55.604,C3:00:00:63:4D:08,-62,127,3.0,3.5,1.5
1783351135646,2026-07-06 17:18:55.646,C3:00:00:63:4D:0A,-63,127,3.0,3.5,1.5
1783351135651,2026-07-06 17:18:55.651,C3:00:00:63:4D:07,-57,127,3.0,3.5,1.5
1783351135665,2026-07-06 17:18:55.665,C3:00:00:63:4D:0D,-58,127,3.0,3.5,1.5
1783351135692,2026-07-06 17:18:55.692,C3:00:00:63:4D:0D,-58,127,3.0,3.5,1.5
1783351135716,2026-07-06 17:18:55.716,C3:00:00:63:4D:05,-58,127,3.0,3.5,1.5
1783351135721,2026-07-06 17:18:55.721,C3:00:00:63:4D:08,-56,127,3.0,3.5,1.5
1783351135745,2026-07-06 17:18:55.745,C3:00:00:63:4D:07,-58,127,3.0,3.5,1.5
1783351135748,2026-07-06 17:18:55.748,C3:00:00:63:4D:04,-56,127,3.0,3.5,1.5
1783351135753,2026-07-06 17:18:55.753,C3:00:00:63:4D:0A,-65,127,3.0,3.5,1.5
1783351135777,2026-07-06 17:18:55.777,C3:00:00:63:4D:0D,-49,127,3.0,3.5,1.5
1783351135782,2026-07-06 17:18:55.782,C3:00:00:63:4C:D2,-53,127,3.0,3.5,1.5
1783351135793,2026-07-06 17:18:55.793,C3:00:00:63:4D:09,-62,127,3.0,3.5,1.5
1783351135825,2026-07-06 17:18:55.825,C3:00:00:63:4D:05,-55,127,3.0,3.5,1.5
1783351135830,2026-07-06 17:18:55.830,C3:00:00:63:4D:08,-61,127,3.0,3.5,1.5
1783351135835,2026-07-06 17:18:55.835,C3:00:00:63:4C:D2,-60,127,3.0,3.5,1.5
1783351135849,2026-07-06 17:18:55.849,C3:00:00:63:4D:07,-55,127,3.0,3.5,1.5
1783351135855,2026-07-06 17:18:55.855,C3:00:00:63:4D:0A,-61,127,3.0,3.5,1.5
1783351135872,2026-07-06 17:18:55.872,C3:00:00:63:4D:04,-59,127,3.0,3.5,1.5
1783351135891,2026-07-06 17:18:55.891,C3:00:00:63:4C:D2,-60,127,3.0,3.5,1.5
1783351135904,2026-07-06 17:18:55.904,C3:00:00:63:4D:09,-69,127,3.0,3.5,1.5
1783351135917,2026-07-06 17:18:55.917,C3:00:00:63:4D:05,-54,127,3.0,3.5,1.5
1783351135954,2026-07-06 17:18:55.954,C3:00:00:63:4D:08,-56,127,3.0,3.5,1.5
1783351135959,2026-07-06 17:18:55.959,C3:00:00:63:4D:0A,-63,127,3.0,3.5,1.5
1783351135974,2026-07-06 17:18:55.974,C3:00:00:63:4D:04,-55,127,3.0,3.5,1.5
1783351135998,2026-07-06 17:18:55.998,C3:00:00:63:4C:D2,-60,127,3.0,3.5,1.5
1783351136015,2026-07-06 17:18:56.015,C3:00:00:63:4D:08,-56,127,3.0,3.5,1.5
1783351136020,2026-07-06 17:18:56.020,C3:00:00:63:4D:09,-61,127,3.0,3.5,1.5
1783351136027,2026-07-06 17:18:56.027,C3:00:00:63:4D:05,-58,127,3.0,3.5,1.5
1783351136052,2026-07-06 17:18:56.052,C3:00:00:63:4D:07,-58,127,3.0,3.5,1.5
1783351136057,2026-07-06 17:18:56.057,C3:00:00:63:4D:0A,-65,127,3.0,3.5,1.5
1783351136062,2026-07-06 17:18:56.062,C3:00:00:63:4D:08,-70,127,3.0,3.5,1.5
1783351136067,2026-07-06 17:18:56.067,C3:00:00:63:4D:05,-55,127,3.0,3.5,1.5
1783351136080,2026-07-06 17:18:56.080,C3:00:00:63:4D:0A,-65,127,3.0,3.5,1.5
1783351136084,2026-07-06 17:18:56.084,C3:00:00:63:4D:04,-56,127,3.0,3.5,1.5
1783351136092,2026-07-06 17:18:56.092,C3:00:00:63:4C:D2,-53,127,3.0,3.5,1.5
1783351136100,2026-07-06 17:18:56.100,C3:00:00:63:4D:0D,-49,127,3.0,3.5,1.5
1783351136128,2026-07-06 17:18:56.128,C3:00:00:63:4D:05,-55,127,3.0,3.5,1.5
1783351136132,2026-07-06 17:18:56.132,C3:00:00:63:4D:09,-69,127,3.0,3.5,1.5
1783351136145,2026-07-06 17:18:56.145,C3:00:00:63:4D:07,-55,127,3.0,3.5,1.5
1783351136171,2026-07-06 17:18:56.171,C3:00:00:63:4D:0A,-62,127,3.0,3.5,1.5
1783351136177,2026-07-06 17:18:56.177,C3:00:00:63:4D:04,-59,127,3.0,3.5,1.5
1783351136189,2026-07-06 17:18:56.189,C3:00:00:63:4D:08,-61,127,3.0,3.5,1.5
1783351136216,2026-07-06 17:18:56.216,C3:00:00:63:4D:05,-54,127,3.0,3.5,1.5
1783351136273,2026-07-06 17:18:56.273,C3:00:00:63:4D:05,-58,127,3.0,3.5,1.5
1783351136278,2026-07-06 17:18:56.278,C3:00:00:63:4D:0A,-63,127,3.0,3.5,1.5
1783351136285,2026-07-06 17:18:56.285,C3:00:00:63:4D:04,-55,127,3.0,3.5,1.5
1783351136302,2026-07-06 17:18:56.302,C3:00:00:63:4D:08,-56,127,3.0,3.5,1.5
1783351136304,2026-07-06 17:18:56.304,C3:00:00:63:4D:04,-55,127,3.0,3.5,1.5
1783351136310,2026-07-06 17:18:56.310,C3:00:00:63:4D:0D,-58,127,3.0,3.5,1.5
1783351136319,2026-07-06 17:18:56.319,C3:00:00:63:4D:05,-58,127,3.0,3.5,1.5
1783351136326,2026-07-06 17:18:56.326,C3:00:00:63:4D:04,-64,127,3.0,3.5,1.5
1783351136349,2026-07-06 17:18:56.349,C3:00:00:63:4D:07,-58,127,3.0,3.5,1.5
1783351136369,2026-07-06 17:18:56.369,C3:00:00:63:4D:09,-62,127,3.0,3.5,1.5
1783351136388,2026-07-06 17:18:56.388,C3:00:00:63:4D:0A,-65,127,3.0,3.5,1.5
1783351136394,2026-07-06 17:18:56.394,C3:00:00:63:4D:04,-56,127,3.0,3.5,1.5
1783351136417,2026-07-06 17:18:56.417,C3:00:00:63:4D:08,-70,127,3.0,3.5,1.5
1783351136442,2026-07-06 17:18:56.442,C3:00:00:63:4D:07,-55,127,3.0,3.5,1.5
1783351136474,2026-07-06 17:18:56.474,C3:00:00:63:4D:09,-69,127,3.0,3.5,1.5
1783351136480,2026-07-06 17:18:56.480,C3:00:00:63:4D:0A,-61,127,3.0,3.5,1.5
1783351136484,2026-07-06 17:18:56.484,C3:00:00:63:4D:04,-59,127,3.0,3.5,1.5
1783351136509,2026-07-06 17:18:56.509,C3:00:00:63:4D:04,-59,127,3.0,3.5,1.5
1783351136517,2026-07-06 17:18:56.517,C3:00:00:63:4C:D2,-60,127,3.0,3.5,1.5
1783351136520,2026-07-06 17:18:56.520,C3:00:00:63:4D:08,-61,127,3.0,3.5,1.5
1783351136526,2026-07-06 17:18:56.526,C3:00:00:63:4D:05,-54,127,3.0,3.5,1.5
1783351136534,2026-07-06 17:18:56.534,C3:00:00:63:4D:0D,-56,127,3.0,3.5,1.5
1783351136547,2026-07-06 17:18:56.547,C3:00:00:63:4D:07,-56,127,3.0,3.5,1.5
1783351136598,2026-07-06 17:18:56.598,C3:00:00:63:4D:04,-55,127,3.0,3.5,1.5
1783351136609,2026-07-06 17:18:56.609,C3:00:00:63:4D:07,-57,127,3.0,3.5,1.5
1783351136638,2026-07-06 17:18:56.638,C3:00:00:63:4D:08,-70,127,3.0,3.5,1.5
1783351136642,2026-07-06 17:18:56.642,C3:00:00:63:4D:0D,-49,127,3.0,3.5,1.5
1783351136647,2026-07-06 17:18:56.647,C3:00:00:63:4D:07,-58,127,3.0,3.5,1.5
1783351136707,2026-07-06 17:18:56.707,C3:00:00:63:4D:09,-62,127,3.0,3.5,1.5
1783351136712,2026-07-06 17:18:56.712,C3:00:00:63:4D:07,-66,127,3.0,3.5,1.5
1783351136730,2026-07-06 17:18:56.730,C3:00:00:63:4D:05,-55,127,3.0,3.5,1.5
1783351136735,2026-07-06 17:18:56.735,C3:00:00:63:4C:D2,-60,127,3.0,3.5,1.5
1783351136748,2026-07-06 17:18:56.748,C3:00:00:63:4D:0D,-57,127,3.0,3.5,1.5
1783351136758,2026-07-06 17:18:56.758,C3:00:00:63:4D:08,-62,127,3.0,3.5,1.5
1783351136795,2026-07-06 17:18:56.795,C3:00:00:63:4D:04,-59,127,3.0,3.5,1.5
1783351136800,2026-07-06 17:18:56.800,C3:00:00:63:4D:0A,-61,127,3.0,3.5,1.5
1783351136820,2026-07-06 17:18:56.820,C3:00:00:63:4D:09,-69,127,3.0,3.5,1.5
1783351136824,2026-07-06 17:18:56.824,C3:00:00:63:4D:05,-54,127,3.0,3.5,1.5
1783351136845,2026-07-06 17:18:56.845,C3:00:00:63:4D:07,-57,127,3.0,3.5,1.5
1783351136864,2026-07-06 17:18:56.864,C3:00:00:63:4D:0D,-56,127,3.0,3.5,1.5
1783351136868,2026-07-06 17:18:56.868,C3:00:00:63:4D:08,-57,127,3.0,3.5,1.5
1783351136906,2026-07-06 17:18:56.906,C3:00:00:63:4D:04,-58,127,3.0,3.5,1.5
1783351136932,2026-07-06 17:18:56.932,C3:00:00:63:4D:05,-59,127,3.0,3.5,1.5
1783351136937,2026-07-06 17:18:56.937,C3:00:00:63:4D:0A,-62,127,3.0,3.5,1.5
1783351136941,2026-07-06 17:18:56.941,C3:00:00:63:4D:09,-63,127,3.0,3.5,1.5
1783351136947,2026-07-06 17:18:56.947,C3:00:00:63:4C:D2,-54,127,3.0,3.5,1.5
1783351136949,2026-07-06 17:18:56.949,C3:00:00:63:4D:07,-58,127,3.0,3.5,1.5
1783351136965,2026-07-06 17:18:56.965,C3:00:00:63:4D:0D,-49,127,3.0,3.5,1.5
1783351136986,2026-07-06 17:18:56.986,C3:00:00:63:4D:08,-67,127,3.0,3.5,1.5
1783351137006,2026-07-06 17:18:57.006,C3:00:00:63:4D:04,-56,127,3.0,3.5,1.5
1783351137019,2026-07-06 17:18:57.019,C3:00:00:63:4D:05,-58,127,3.0,3.5,1.5
1783351137043,2026-07-06 17:18:57.043,C3:00:00:63:4D:05,-54,127,3.0,3.5,1.5
1783351137046,2026-07-06 17:18:57.046,C3:00:00:63:4D:07,-54,127,3.0,3.5,1.5
1783351137050,2026-07-06 17:18:57.050,C3:00:00:63:4D:0D,-57,127,3.0,3.5,1.5
1783351137054,2026-07-06 17:18:57.054,C3:00:00:63:4C:D2,-60,127,3.0,3.5,1.5
1783351137066,2026-07-06 17:18:57.066,C3:00:00:63:4D:0D,-58,127,3.0,3.5,1.5
1783351137102,2026-07-06 17:18:57.102,C3:00:00:63:4D:08,-61,127,3.0,3.5,1.5
1783351137119,2026-07-06 17:18:57.119,C3:00:00:63:4D:0A,-61,127,3.0,3.5,1.5
1783351137136,2026-07-06 17:18:57.136,C3:00:00:63:4D:05,-59,127,3.0,3.5,1.5
1783351137143,2026-07-06 17:18:57.143,C3:00:00:63:4D:07,-56,127,3.0,3.5,1.5
1783351137153,2026-07-06 17:18:57.153,C3:00:00:63:4C:D2,-61,127,3.0,3.5,1.5
1783351137166,2026-07-06 17:18:57.166,C3:00:00:63:4D:09,-62,127,3.0,3.5,1.5
1783351137184,2026-07-06 17:18:57.184,C3:00:00:63:4D:0D,-56,127,3.0,3.5,1.5
1783351137217,2026-07-06 17:18:57.217,C3:00:00:63:4D:04,-55,127,3.0,3.5,1.5
1783351137221,2026-07-06 17:18:57.221,C3:00:00:63:4D:08,-57,127,3.0,3.5,1.5
1783351137225,2026-07-06 17:18:57.225,C3:00:00:63:4D:0A,-63,127,3.0,3.5,1.5
1783351137234,2026-07-06 17:18:57.234,C3:00:00:63:4D:05,-58,127,3.0,3.5,1.5
1783351137245,2026-07-06 17:18:57.245,C3:00:00:63:4D:07,-58,127,3.0,3.5,1.5
1783351137264,2026-07-06 17:18:57.264,C3:00:00:63:4C:D2,-54,127,3.0,3.5,1.5
1783351137278,2026-07-06 17:18:57.278,C3:00:00:63:4D:09,-63,127,3.0,3.5,1.5
1783351137293,2026-07-06 17:18:57.293,C3:00:00:63:4D:0D,-49,127,3.0,3.5,1.5
1783351137298,2026-07-06 17:18:57.298,C3:00:00:63:4D:09,-63,127,3.0,3.5,1.5
1783351137328,2026-07-06 17:18:57.328,C3:00:00:63:4D:0A,-62,127,3.0,3.5,1.5
1783351137331,2026-07-06 17:18:57.331,C3:00:00:63:4D:08,-61,127,3.0,3.5,1.5
1783351137368,2026-07-06 17:18:57.368,C3:00:00:63:4C:D2,-60,127,3.0,3.5,1.5
1783351137387,2026-07-06 17:18:57.387,C3:00:00:63:4D:09,-69,127,3.0,3.5,1.5
1783351137395,2026-07-06 17:18:57.395,C3:00:00:63:4D:0D,-57,127,3.0,3.5,1.5
1783351137433,2026-07-06 17:18:57.433,C3:00:00:63:4D:0A,-63,127,3.0,3.5,1.5
1783351137438,2026-07-06 17:18:57.438,C3:00:00:63:4D:05,-58,127,3.0,3.5,1.5
1783351137442,2026-07-06 17:18:57.442,C3:00:00:63:4D:08,-56,127,3.0,3.5,1.5
1783351137447,2026-07-06 17:18:57.447,C3:00:00:63:4D:07,-57,127,3.0,3.5,1.5
1783351137479,2026-07-06 17:18:57.479,C3:00:00:63:4C:D2,-60,127,3.0,3.5,1.5
1783351137501,2026-07-06 17:18:57.501,C3:00:00:63:4D:09,-62,127,3.0,3.5,1.5
1783351137505,2026-07-06 17:18:57.505,C3:00:00:63:4D:0D,-57,127,3.0,3.5,1.5
1783351137518,2026-07-06 17:18:57.518,C3:00:00:63:4D:05,-66,127,3.0,3.5,1.5
1783351137551,2026-07-06 17:18:57.551,C3:00:00:63:4D:07,-58,127,3.0,3.5,1.5
1783351137557,2026-07-06 17:18:57.557,C3:00:00:63:4D:08,-67,127,3.0,3.5,1.5
1783351137561,2026-07-06 17:18:57.561,C3:00:00:63:4C:D2,-54,127,3.0,3.5,1.5
1783351137580,2026-07-06 17:18:57.580,C3:00:00:63:4C:D2,-53,127,3.0,3.5,1.5
1783351137619,2026-07-06 17:18:57.619,C3:00:00:63:4D:0D,-49,127,3.0,3.5,1.5
1783351137622,2026-07-06 17:18:57.622,C3:00:00:63:4D:09,-62,127,3.0,3.5,1.5
1783351137628,2026-07-06 17:18:57.628,C3:00:00:63:4D:04,-56,127,3.0,3.5,1.5
1783351137634,2026-07-06 17:18:57.634,C3:00:00:63:4D:05,-54,127,3.0,3.5,1.5
1783351137637,2026-07-06 17:18:57.637,C3:00:00:63:4D:0A,-69,127,3.0,3.5,1.5
1783351137645,2026-07-06 17:18:57.645,C3:00:00:63:4D:07,-55,127,3.0,3.5,1.5
1783351137650,2026-07-06 17:18:57.650,C3:00:00:63:4D:0A,-61,127,3.0,3.5,1.5
1783351137661,2026-07-06 17:18:57.661,C3:00:00:63:4D:0D,-57,127,3.0,3.5,1.5
1783351137724,2026-07-06 17:18:57.724,C3:00:00:63:4D:0D,-57,127,3.0,3.5,1.5
1783351137727,2026-07-06 17:18:57.727,C3:00:00:63:4D:04,-59,127,3.0,3.5,1.5
1783351137735,2026-07-06 17:18:57.735,C3:00:00:63:4D:05,-58,127,3.0,3.5,1.5
1783351137784,2026-07-06 17:18:57.784,C3:00:00:63:4D:07,-58,127,3.0,3.5,1.5
1783351137789,2026-07-06 17:18:57.789,C3:00:00:63:4D:08,-56,127,3.0,3.5,1.5
1783351137799,2026-07-06 17:18:57.799,C3:00:00:63:4C:D2,-60,127,3.0,3.5,1.5
1783351137824,2026-07-06 17:18:57.824,C3:00:00:63:4D:0D,-57,127,3.0,3.5,1.5
1783351137828,2026-07-06 17:18:57.828,C3:00:00:63:4D:04,-56,127,3.0,3.5,1.5
1783351137902,2026-07-06 17:18:57.902,C3:00:00:63:4C:D2,-54,127,3.0,3.5,1.5
1783351137928,2026-07-06 17:18:57.928,C3:00:00:63:4D:04,-60,127,3.0,3.5,1.5
1783351137934,2026-07-06 17:18:57.934,C3:00:00:63:4D:0D,-58,127,3.0,3.5,1.5
1783351137949,2026-07-06 17:18:57.949,C3:00:00:63:4D:07,-54,127,3.0,3.5,1.5
1783351137951,2026-07-06 17:18:57.951,C3:00:00:63:4D:0A,-61,127,3.0,3.5,1.5
1783351137955,2026-07-06 17:18:57.955,C3:00:00:63:4D:09,-68,127,3.0,3.5,1.5
1783351138007,2026-07-06 17:18:58.007,C3:00:00:63:4C:D2,-60,127,3.0,3.5,1.5
1783351138010,2026-07-06 17:18:58.010,C3:00:00:63:4D:08,-60,127,3.0,3.5,1.5
1783351138031,2026-07-06 17:18:58.031,C3:00:00:63:4D:0A,-64,127,3.0,3.5,1.5
1783351138034,2026-07-06 17:18:58.034,C3:00:00:63:4D:05,-59,127,3.0,3.5,1.5
1783351138041,2026-07-06 17:18:58.041,C3:00:00:63:4D:0D,-57,127,3.0,3.5,1.5
1783351138044,2026-07-06 17:18:58.044,C3:00:00:63:4C:D2,-68,127,3.0,3.5,1.5
1783351138053,2026-07-06 17:18:58.053,C3:00:00:63:4D:07,-56,127,3.0,3.5,1.5
1783351138061,2026-07-06 17:18:58.061,C3:00:00:63:4D:0A,-63,127,3.0,3.5,1.5
1783351138073,2026-07-06 17:18:58.073,C3:00:00:63:4D:09,-62,127,3.0,3.5,1.5
1783351138076,2026-07-06 17:18:58.076,C3:00:00:63:4D:05,-60,127,3.0,3.5,1.5
1783351138077,2026-07-06 17:18:58.077,C3:00:00:63:4D:0A,-63,127,3.0,3.5,1.5
1783351138136,2026-07-06 17:18:58.136,C3:00:00:63:4D:08,-67,127,3.0,3.5,1.5
1783351138138,2026-07-06 17:18:58.138,C3:00:00:63:4D:04,-56,127,3.0,3.5,1.5
1783351138140,2026-07-06 17:18:58.140,C3:00:00:63:4D:05,-58,127,3.0,3.5,1.5
1783351138153,2026-07-06 17:18:58.153,C3:00:00:63:4D:07,-58,127,3.0,3.5,1.5
1783351138156,2026-07-06 17:18:58.156,C3:00:00:63:4D:0D,-49,127,3.0,3.5,1.5
1783351138165,2026-07-06 17:18:58.165,C3:00:00:63:4D:0A,-62,127,3.0,3.5,1.5
1783351138194,2026-07-06 17:18:58.194,C3:00:00:63:4D:09,-64,127,3.0,3.5,1.5
1783351138220,2026-07-06 17:18:58.220,C3:00:00:63:4C:D2,-54,127,3.0,3.5,1.5
1783351138240,2026-07-06 17:18:58.240,C3:00:00:63:4D:04,-60,127,3.0,3.5,1.5
1783351138244,2026-07-06 17:18:58.244,C3:00:00:63:4D:07,-52,127,3.0,3.5,1.5
1783351138259,2026-07-06 17:18:58.259,C3:00:00:63:4D:0D,-58,127,3.0,3.5,1.5
1783351138270,2026-07-06 17:18:58.270,C3:00:00:63:4D:0A,-61,127,3.0,3.5,1.5
1783351138302,2026-07-06 17:18:58.302,C3:00:00:63:4D:09,-69,127,3.0,3.5,1.5
1783351138327,2026-07-06 17:18:58.327,C3:00:00:63:4C:D2,-60,127,3.0,3.5,1.5
1783351138346,2026-07-06 17:18:58.346,C3:00:00:63:4D:05,-59,127,3.0,3.5,1.5
1783351138375,2026-07-06 17:18:58.375,C3:00:00:63:4D:0A,-63,127,3.0,3.5,1.5
1783351138421,2026-07-06 17:18:58.421,C3:00:00:63:4D:09,-62,127,3.0,3.5,1.5
1783351138428,2026-07-06 17:18:58.428,C3:00:00:63:4C:D2,-61,127,3.0,3.5,1.5
1783351138445,2026-07-06 17:18:58.445,C3:00:00:63:4D:04,-56,127,3.0,3.5,1.5
1783351138448,2026-07-06 17:18:58.448,C3:00:00:63:4D:05,-58,127,3.0,3.5,1.5
1783351138453,2026-07-06 17:18:58.453,C3:00:00:63:4D:07,-58,127,3.0,3.5,1.5
1783351138476,2026-07-06 17:18:58.476,C3:00:00:63:4D:08,-66,127,3.0,3.5,1.5
1783351138484,2026-07-06 17:18:58.484,C3:00:00:63:4D:0D,-49,127,3.0,3.5,1.5
1783351138486,2026-07-06 17:18:58.486,C3:00:00:63:4D:0A,-62,127,3.0,3.5,1.5
1783351138497,2026-07-06 17:18:58.497,C3:00:00:63:4D:08,-74,127,3.0,3.5,1.5
1783351138502,2026-07-06 17:18:58.502,C3:00:00:63:4D:09,-71,127,3.0,3.5,1.5
1783351138507,2026-07-06 17:18:58.507,C3:00:00:63:4D:04,-57,127,3.0,3.5,1.5
1783351138530,2026-07-06 17:18:58.530,C3:00:00:63:4D:09,-69,127,3.0,3.5,1.5
1783351138541,2026-07-06 17:18:58.541,C3:00:00:63:4C:D2,-60,127,3.0,3.5,1.5
1783351138543,2026-07-06 17:18:58.543,C3:00:00:63:4D:05,-54,127,3.0,3.5,1.5
1783351138548,2026-07-06 17:18:58.548,C3:00:00:63:4D:07,-54,127,3.0,3.5,1.5
1783351138551,2026-07-06 17:18:58.551,C3:00:00:63:4D:04,-60,127,3.0,3.5,1.5
1783351138584,2026-07-06 17:18:58.584,C3:00:00:63:4D:0D,-57,127,3.0,3.5,1.5
1783351138587,2026-07-06 17:18:58.587,C3:00:00:63:4D:0A,-61,127,3.0,3.5,1.5
1783351138592,2026-07-06 17:18:58.592,C3:00:00:63:4D:08,-62,127,3.0,3.5,1.5
1783351138621,2026-07-06 17:18:58.621,C3:00:00:63:4D:07,-55,127,3.0,3.5,1.5
1783351138642,2026-07-06 17:18:58.642,C3:00:00:63:4D:09,-61,127,3.0,3.5,1.5
1783351138649,2026-07-06 17:18:58.649,C3:00:00:63:4D:04,-55,127,3.0,3.5,1.5
1783351138691,2026-07-06 17:18:58.691,C3:00:00:63:4D:0A,-63,127,3.0,3.5,1.5
1783351138696,2026-07-06 17:18:58.696,C3:00:00:63:4D:0D,-58,127,3.0,3.5,1.5
1783351138718,2026-07-06 17:18:58.718,C3:00:00:63:4D:08,-56,127,3.0,3.5,1.5
1783351138746,2026-07-06 17:18:58.746,C3:00:00:63:4D:05,-55,127,3.0,3.5,1.5
1783351138751,2026-07-06 17:18:58.751,C3:00:00:63:4C:D2,-53,127,3.0,3.5,1.5
1783351138781,2026-07-06 17:18:58.781,C3:00:00:63:4C:D2,-54,127,3.0,3.5,1.5
1783351138801,2026-07-06 17:18:58.801,C3:00:00:63:4D:0D,-49,127,3.0,3.5,1.5
1783351138822,2026-07-06 17:18:58.822,C3:00:00:63:4D:08,-68,127,3.0,3.5,1.5
1783351138843,2026-07-06 17:18:58.843,C3:00:00:63:4D:07,-55,127,3.0,3.5,1.5
1783351138850,2026-07-06 17:18:58.850,C3:00:00:63:4D:05,-54,127,3.0,3.5,1.5
1783351138858,2026-07-06 17:18:58.858,C3:00:00:63:4D:04,-59,127,3.0,3.5,1.5
1783351138867,2026-07-06 17:18:58.867,C3:00:00:63:4D:09,-69,127,3.0,3.5,1.5
1783351138953,2026-07-06 17:18:58.953,C3:00:00:63:4D:05,-58,127,3.0,3.5,1.5
1783351138964,2026-07-06 17:18:58.964,C3:00:00:63:4D:04,-55,127,3.0,3.5,1.5
1783351139001,2026-07-06 17:18:59.001,C3:00:00:63:4D:0A,-63,127,3.0,3.5,1.5
1783351139019,2026-07-06 17:18:59.019,C3:00:00:63:4D:0D,-58,127,3.0,3.5,1.5
1783351139048,2026-07-06 17:18:59.048,C3:00:00:63:4D:07,-58,127,3.0,3.5,1.5
1783351139052,2026-07-06 17:18:59.052,C3:00:00:63:4D:0D,-49,127,3.0,3.5,1.5
1783351139057,2026-07-06 17:18:59.057,C3:00:00:63:4D:08,-68,127,3.0,3.5,1.5
1783351139069,2026-07-06 17:18:59.069,C3:00:00:63:4C:D2,-53,127,3.0,3.5,1.5
1783351139073,2026-07-06 17:18:59.073,C3:00:00:63:4D:04,-56,127,3.0,3.5,1.5
1783351139076,2026-07-06 17:18:59.076,C3:00:00:63:4D:0D,-57,127,3.0,3.5,1.5
1783351139093,2026-07-06 17:18:59.093,C3:00:00:63:4D:09,-63,127,3.0,3.5,1.5
1783351139116,2026-07-06 17:18:59.116,C3:00:00:63:4D:0A,-62,127,3.0,3.5,1.5
1783351139123,2026-07-06 17:18:59.123,C3:00:00:63:4D:0D,-49,127,3.0,3.5,1.5
1783351139150,2026-07-06 17:18:59.150,C3:00:00:63:4D:05,-54,127,3.0,3.5,1.5
1783351139168,2026-07-06 17:18:59.168,C3:00:00:63:4D:08,-61,127,3.0,3.5,1.5
1783351139173,2026-07-06 17:18:59.173,C3:00:00:63:4D:04,-60,127,3.0,3.5,1.5
1783351139178,2026-07-06 17:18:59.178,C3:00:00:63:4C:D2,-60,127,3.0,3.5,1.5
1783351139182,2026-07-06 17:18:59.182,C3:00:00:63:4D:09,-69,127,3.0,3.5,1.5
1783351139214,2026-07-06 17:18:59.214,C3:00:00:63:4D:0A,-61,127,3.0,3.5,1.5
1783351139217,2026-07-06 17:18:59.217,C3:00:00:63:4D:09,-69,127,3.0,3.5,1.5
1783351139226,2026-07-06 17:18:59.226,C3:00:00:63:4D:0D,-57,127,3.0,3.5,1.5
1783351139249,2026-07-06 17:18:59.249,C3:00:00:63:4D:07,-56,127,3.0,3.5,1.5
1783351139254,2026-07-06 17:18:59.254,C3:00:00:63:4D:05,-59,127,3.0,3.5,1.5
1783351139276,2026-07-06 17:18:59.276,C3:00:00:63:4D:04,-55,127,3.0,3.5,1.5
1783351139284,2026-07-06 17:18:59.284,C3:00:00:63:4C:D2,-61,127,3.0,3.5,1.5
1783351139291,2026-07-06 17:18:59.291,C3:00:00:63:4D:08,-57,127,3.0,3.5,1.5
1783351139307,2026-07-06 17:18:59.307,C3:00:00:63:4D:09,-62,127,3.0,3.5,1.5
1783351139323,2026-07-06 17:18:59.323,C3:00:00:63:4D:0A,-63,127,3.0,3.5,1.5
1783351139334,2026-07-06 17:18:59.334,C3:00:00:63:4D:09,-63,127,3.0,3.5,1.5
1783351139342,2026-07-06 17:18:59.342,C3:00:00:63:4D:0D,-49,127,3.0,3.5,1.5
1783351139350,2026-07-06 17:18:59.350,C3:00:00:63:4D:07,-58,127,3.0,3.5,1.5
1783351139357,2026-07-06 17:18:59.357,C3:00:00:63:4D:05,-58,127,3.0,3.5,1.5
1783351139373,2026-07-06 17:18:59.373,C3:00:00:63:4D:04,-56,127,3.0,3.5,1.5
1783351139385,2026-07-06 17:18:59.385,C3:00:00:63:4C:D2,-54,127,3.0,3.5,1.5
1783351139408,2026-07-06 17:18:59.408,C3:00:00:63:4D:08,-66,127,3.0,3.5,1.5
1783351139430,2026-07-06 17:18:59.430,C3:00:00:63:4D:0A,-62,127,3.0,3.5,1.5
1783351139444,2026-07-06 17:18:59.444,C3:00:00:63:4D:0D,-57,127,3.0,3.5,1.5
1783351139470,2026-07-06 17:18:59.470,C3:00:00:63:4D:08,-61,127,3.0,3.5,1.5
1783351139473,2026-07-06 17:18:59.473,C3:00:00:63:4D:04,-60,127,3.0,3.5,1.5
1783351139492,2026-07-06 17:18:59.492,C3:00:00:63:4C:D2,-60,127,3.0,3.5,1.5
1783351139499,2026-07-06 17:18:59.499,C3:00:00:63:4D:0D,-57,127,3.0,3.5,1.5
1783351139509,2026-07-06 17:18:59.509,C3:00:00:63:4D:08,-61,127,3.0,3.5,1.5
1783351139532,2026-07-06 17:18:59.532,C3:00:00:63:4D:0A,-61,127,3.0,3.5,1.5
1783351139540,2026-07-06 17:18:59.540,C3:00:00:63:4D:07,-56,127,3.0,3.5,1.5
1783351139558,2026-07-06 17:18:59.558,C3:00:00:63:4D:0D,-57,127,3.0,3.5,1.5
1783351139572,2026-07-06 17:18:59.572,C3:00:00:63:4D:07,-56,127,3.0,3.5,1.5
1783351139581,2026-07-06 17:18:59.581,C3:00:00:63:4D:04,-55,127,3.0,3.5,1.5
1783351139593,2026-07-06 17:18:59.593,C3:00:00:63:4C:D2,-60,127,3.0,3.5,1.5
1783351139630,2026-07-06 17:18:59.630,C3:00:00:63:4D:08,-57,127,3.0,3.5,1.5
1783351139634,2026-07-06 17:18:59.634,C3:00:00:63:4D:0A,-62,127,3.0,3.5,1.5
1783351139654,2026-07-06 17:18:59.654,C3:00:00:63:4D:07,-58,127,3.0,3.5,1.5
1783351139658,2026-07-06 17:18:59.658,C3:00:00:63:4D:05,-58,127,3.0,3.5,1.5
1783351139678,2026-07-06 17:18:59.678,C3:00:00:63:4D:04,-56,127,3.0,3.5,1.5
1783351139690,2026-07-06 17:18:59.690,C3:00:00:63:4D:0D,-49,127,3.0,3.5,1.5
1783351139706,2026-07-06 17:18:59.706,C3:00:00:63:4C:D2,-54,127,3.0,3.5,1.5
1783351139741,2026-07-06 17:18:59.741,C3:00:00:63:4D:0A,-61,127,3.0,3.5,1.5
1783351139747,2026-07-06 17:18:59.747,C3:00:00:63:4D:08,-61,127,3.0,3.5,1.5
1783351139752,2026-07-06 17:18:59.752,C3:00:00:63:4D:07,-54,127,3.0,3.5,1.5
1783351139757,2026-07-06 17:18:59.757,C3:00:00:63:4D:04,-60,127,3.0,3.5,1.5
1783351139762,2026-07-06 17:18:59.762,C3:00:00:63:4D:05,-54,127,3.0,3.5,1.5
1783351139773,2026-07-06 17:18:59.773,C3:00:00:63:4D:0D,-57,127,3.0,3.5,1.5
1783351139792,2026-07-06 17:18:59.792,C3:00:00:63:4D:09,-69,127,3.0,3.5,1.5
1783351139795,2026-07-06 17:18:59.795,C3:00:00:63:4D:04,-60,127,3.0,3.5,1.5
1783351139799,2026-07-06 17:18:59.799,C3:00:00:63:4D:07,-54,127,3.0,3.5,1.5
1783351139805,2026-07-06 17:18:59.805,C3:00:00:63:4C:D2,-60,127,3.0,3.5,1.5
1783351139842,2026-07-06 17:18:59.842,C3:00:00:63:4C:D2,-61,127,3.0,3.5,1.5
1783351139844,2026-07-06 17:18:59.844,C3:00:00:63:4D:07,-56,127,3.0,3.5,1.5
1783351139846,2026-07-06 17:18:59.846,C3:00:00:63:4D:0A,-63,127,3.0,3.5,1.5
1783351139881,2026-07-06 17:18:59.881,C3:00:00:63:4D:0D,-56,127,3.0,3.5,1.5
1783351139884,2026-07-06 17:18:59.884,C3:00:00:63:4D:04,-55,127,3.0,3.5,1.5
1783351139917,2026-07-06 17:18:59.917,C3:00:00:63:4C:D2,-61,127,3.0,3.5,1.5
1783351139952,2026-07-06 17:18:59.952,C3:00:00:63:4D:0A,-62,127,3.0,3.5,1.5
1783351139964,2026-07-06 17:18:59.964,C3:00:00:63:4D:05,-58,127,3.0,3.5,1.5
1783351139977,2026-07-06 17:18:59.977,C3:00:00:63:4D:08,-65,127,3.0,3.5,1.5
1783351140019,2026-07-06 17:19:00.019,C3:00:00:63:4C:D2,-54,127,3.0,3.5,1.5
1783351140029,2026-07-06 17:19:00.029,C3:00:00:63:4D:09,-69,127,3.0,3.5,1.5
1783351140045,2026-07-06 17:19:00.045,C3:00:00:63:4D:07,-54,127,3.0,3.5,1.5
1783351140052,2026-07-06 17:19:00.052,C3:00:00:63:4D:0A,-61,127,3.0,3.5,1.5
1783351140057,2026-07-06 17:19:00.057,C3:00:00:63:4D:05,-54,127,3.0,3.5,1.5
1783351140074,2026-07-06 17:19:00.074,C3:00:00:63:4D:0A,-61,127,3.0,3.5,1.5
1783351140083,2026-07-06 17:19:00.083,C3:00:00:63:4D:05,-55,127,3.0,3.5,1.5
1783351140127,2026-07-06 17:19:00.127,C3:00:00:63:4C:D2,-60,127,3.0,3.5,1.5
1783351140130,2026-07-06 17:19:00.130,C3:00:00:63:4D:09,-69,127,3.0,3.5,1.5
1783351140146,2026-07-06 17:19:00.146,C3:00:00:63:4D:07,-56,127,3.0,3.5,1.5
1783351140155,2026-07-06 17:19:00.155,C3:00:00:63:4D:0A,-63,127,3.0,3.5,1.5
1783351140205,2026-07-06 17:19:00.205,C3:00:00:63:4D:04,-55,127,3.0,3.5,1.5
1783351140209,2026-07-06 17:19:00.209,C3:00:00:63:4D:0D,-56,127,3.0,3.5,1.5
1783351140236,2026-07-06 17:19:00.236,C3:00:00:63:4C:D2,-54,127,3.0,3.5,1.5
1783351140242,2026-07-06 17:19:00.242,C3:00:00:63:4D:09,-63,127,3.0,3.5,1.5
1783351140246,2026-07-06 17:19:00.246,C3:00:00:63:4D:07,-58,127,3.0,3.5,1.5
1783351140269,2026-07-06 17:19:00.269,C3:00:00:63:4D:0A,-62,127,3.0,3.5,1.5
1783351140294,2026-07-06 17:19:00.294,C3:00:00:63:4D:05,-55,127,3.0,3.5,1.5
1783351140310,2026-07-06 17:19:00.310,C3:00:00:63:4D:04,-56,127,3.0,3.5,1.5
1783351140315,2026-07-06 17:19:00.315,C3:00:00:63:4D:0D,-49,127,3.0,3.5,1.5
1783351140320,2026-07-06 17:19:00.320,C3:00:00:63:4D:08,-68,127,3.0,3.5,1.5
1783351140336,2026-07-06 17:19:00.336,C3:00:00:63:4C:D2,-60,127,3.0,3.5,1.5
1783351140350,2026-07-06 17:19:00.350,C3:00:00:63:4D:09,-69,127,3.0,3.5,1.5
1783351140362,2026-07-06 17:19:00.362,C3:00:00:63:4D:04,-67,127,3.0,3.5,1.5
1783351140364,2026-07-06 17:19:00.364,C3:00:00:63:4D:05,-54,127,3.0,3.5,1.5
1783351140373,2026-07-06 17:19:00.373,C3:00:00:63:4D:0A,-61,127,3.0,3.5,1.5
1783351140409,2026-07-06 17:19:00.409,C3:00:00:63:4D:04,-59,127,3.0,3.5,1.5
1783351140422,2026-07-06 17:19:00.422,C3:00:00:63:4D:0D,-57,127,3.0,3.5,1.5
1783351140432,2026-07-06 17:19:00.432,C3:00:00:63:4D:08,-56,127,3.0,3.5,1.5
1783351140441,2026-07-06 17:19:00.441,C3:00:00:63:4C:D2,-60,127,3.0,3.5,1.5
1783351140448,2026-07-06 17:19:00.448,C3:00:00:63:4D:07,-57,127,3.0,3.5,1.5
1783351140461,2026-07-06 17:19:00.461,C3:00:00:63:4D:05,-58,127,3.0,3.5,1.5
1783351140469,2026-07-06 17:19:00.469,C3:00:00:63:4D:09,-61,127,3.0,3.5,1.5
1783351140473,2026-07-06 17:19:00.473,C3:00:00:63:4D:0A,-63,127,3.0,3.5,1.5
1783351140510,2026-07-06 17:19:00.510,C3:00:00:63:4D:04,-55,127,3.0,3.5,1.5
1783351140532,2026-07-06 17:19:00.532,C3:00:00:63:4D:0D,-49,127,3.0,3.5,1.5
1783351140537,2026-07-06 17:19:00.537,C3:00:00:63:4D:04,-57,127,3.0,3.5,1.5
1783351140546,2026-07-06 17:19:00.546,C3:00:00:63:4D:07,-58,127,3.0,3.5,1.5
1783351140549,2026-07-06 17:19:00.549,C3:00:00:63:4D:08,-68,127,3.0,3.5,1.5
1783351140556,2026-07-06 17:19:00.556,C3:00:00:63:4C:D2,-53,127,3.0,3.5,1.5
1783351140577,2026-07-06 17:19:00.577,C3:00:00:63:4D:09,-61,127,3.0,3.5,1.5
1783351140581,2026-07-06 17:19:00.581,C3:00:00:63:4D:0A,-65,127,3.0,3.5,1.5
1783351140611,2026-07-06 17:19:00.611,C3:00:00:63:4D:04,-56,127,3.0,3.5,1.5
1783351140636,2026-07-06 17:19:00.636,C3:00:00:63:4D:07,-55,127,3.0,3.5,1.5
1783351140641,2026-07-06 17:19:00.641,C3:00:00:63:4D:0D,-57,127,3.0,3.5,1.5
1783351140657,2026-07-06 17:19:00.657,C3:00:00:63:4D:07,-55,127,3.0,3.5,1.5
1783351140662,2026-07-06 17:19:00.662,C3:00:00:63:4C:D2,-60,127,3.0,3.5,1.5
1783351140666,2026-07-06 17:19:00.666,C3:00:00:63:4D:08,-61,127,3.0,3.5,1.5
1783351140670,2026-07-06 17:19:00.670,C3:00:00:63:4D:05,-54,127,3.0,3.5,1.5
1783351140688,2026-07-06 17:19:00.688,C3:00:00:63:4D:0A,-61,127,3.0,3.5,1.5
1783351140691,2026-07-06 17:19:00.691,C3:00:00:63:4D:09,-68,127,3.0,3.5,1.5
1783351140729,2026-07-06 17:19:00.729,C3:00:00:63:4D:07,-62,127,3.0,3.5,1.5
1783351140754,2026-07-06 17:19:00.754,C3:00:00:63:4D:0D,-58,127,3.0,3.5,1.5
1783351140759,2026-07-06 17:19:00.759,C3:00:00:63:4D:07,-57,127,3.0,3.5,1.5
1783351140765,2026-07-06 17:19:00.765,C3:00:00:63:4C:D2,-60,127,3.0,3.5,1.5
1783351140776,2026-07-06 17:19:00.776,C3:00:00:63:4D:05,-58,127,3.0,3.5,1.5
1783351140782,2026-07-06 17:19:00.782,C3:00:00:63:4D:08,-56,127,3.0,3.5,1.5
1783351140789,2026-07-06 17:19:00.789,C3:00:00:63:4D:0A,-63,127,3.0,3.5,1.5
1783351140791,2026-07-06 17:19:00.791,C3:00:00:63:4C:D2,-60,127,3.0,3.5,1.5
1783351140814,2026-07-06 17:19:00.814,C3:00:00:63:4D:04,-54,127,3.0,3.5,1.5
1783351140939,2026-07-06 17:19:00.939,C3:00:00:63:4D:0A,-61,127,3.0,3.5,1.5
1783351140944,2026-07-06 17:19:00.944,C3:00:00:63:4D:07,-54,127,3.0,3.5,1.5
1783351140954,2026-07-06 17:19:00.954,C3:00:00:63:4D:0D,-57,127,3.0,3.5,1.5
1783351140969,2026-07-06 17:19:00.969,C3:00:00:63:4D:05,-54,127,3.0,3.5,1.5
1783351140980,2026-07-06 17:19:00.980,C3:00:00:63:4C:D2,-60,127,3.0,3.5,1.5
1783351141001,2026-07-06 17:19:01.001,C3:00:00:63:4D:0A,-61,127,3.0,3.5,1.5
1783351141011,2026-07-06 17:19:01.011,C3:00:00:63:4D:08,-61,127,3.0,3.5,1.5
1783351141015,2026-07-06 17:19:01.015,C3:00:00:63:4D:04,-60,127,3.0,3.5,1.5
1783351141029,2026-07-06 17:19:01.029,C3:00:00:63:4D:05,-59,127,3.0,3.5,1.5
1783351141037,2026-07-06 17:19:01.037,C3:00:00:63:4D:09,-62,127,3.0,3.5,1.5
1783351141046,2026-07-06 17:19:01.046,C3:00:00:63:4D:07,-57,127,3.0,3.5,1.5
1783351141048,2026-07-06 17:19:01.048,C3:00:00:63:4D:0D,-58,127,3.0,3.5,1.5
1783351141066,2026-07-06 17:19:01.066,C3:00:00:63:4D:05,-58,127,3.0,3.5,1.5
1783351141073,2026-07-06 17:19:01.073,C3:00:00:63:4D:0D,-58,127,3.0,3.5,1.5
1783351141080,2026-07-06 17:19:01.080,C3:00:00:63:4C:D2,-60,127,3.0,3.5,1.5
1783351141114,2026-07-06 17:19:01.114,C3:00:00:63:4D:0A,-63,127,3.0,3.5,1.5
1783351141126,2026-07-06 17:19:01.126,C3:00:00:63:4D:04,-55,127,3.0,3.5,1.5
1783351141147,2026-07-06 17:19:01.147,C3:00:00:63:4D:07,-58,127,3.0,3.5,1.5
1783351141152,2026-07-06 17:19:01.152,C3:00:00:63:4D:09,-61,127,3.0,3.5,1.5
1783351141172,2026-07-06 17:19:01.172,C3:00:00:63:4D:0D,-49,127,3.0,3.5,1.5
1783351141174,2026-07-06 17:19:01.174,C3:00:00:63:4D:05,-55,127,3.0,3.5,1.5
1783351141190,2026-07-06 17:19:01.190,C3:00:00:63:4C:D2,-53,127,3.0,3.5,1.5
1783351141210,2026-07-06 17:19:01.210,C3:00:00:63:4D:0A,-65,127,3.0,3.5,1.5
1783351141228,2026-07-06 17:19:01.228,C3:00:00:63:4D:04,-56,127,3.0,3.5,1.5
1783351141245,2026-07-06 17:19:01.245,C3:00:00:63:4D:08,-61,127,3.0,3.5,1.5
1783351141252,2026-07-06 17:19:01.252,C3:00:00:63:4D:07,-55,127,3.0,3.5,1.5
1783351141269,2026-07-06 17:19:01.269,C3:00:00:63:4D:09,-69,127,3.0,3.5,1.5
1783351141294,2026-07-06 17:19:01.294,C3:00:00:63:4D:0D,-57,127,3.0,3.5,1.5
1783351141299,2026-07-06 17:19:01.299,C3:00:00:63:4C:D2,-60,127,3.0,3.5,1.5
1783351141315,2026-07-06 17:19:01.315,C3:00:00:63:4D:0A,-61,127,3.0,3.5,1.5
1783351141323,2026-07-06 17:19:01.323,C3:00:00:63:4D:09,-70,127,3.0,3.5,1.5
1783351141332,2026-07-06 17:19:01.332,C3:00:00:63:4D:04,-55,127,3.0,3.5,1.5
1783351141340,2026-07-06 17:19:01.340,C3:00:00:63:4D:07,-56,127,3.0,3.5,1.5
1783351141358,2026-07-06 17:19:01.358,C3:00:00:63:4D:08,-56,127,3.0,3.5,1.5
1783351141395,2026-07-06 17:19:01.395,C3:00:00:63:4D:0D,-58,127,3.0,3.5,1.5
1783351141400,2026-07-06 17:19:01.400,C3:00:00:63:4C:D2,-60,127,3.0,3.5,1.5
1783351141420,2026-07-06 17:19:01.420,C3:00:00:63:4D:0A,-63,127,3.0,3.5,1.5
1783351141441,2026-07-06 17:19:01.441,C3:00:00:63:4D:04,-56,127,3.0,3.5,1.5
1783351141444,2026-07-06 17:19:01.444,C3:00:00:63:4D:07,-58,127,3.0,3.5,1.5
1783351141472,2026-07-06 17:19:01.472,C3:00:00:63:4D:08,-68,127,3.0,3.5,1.5
1783351141489,2026-07-06 17:19:01.489,C3:00:00:63:4D:09,-61,127,3.0,3.5,1.5
1783351141493,2026-07-06 17:19:01.493,C3:00:00:63:4D:08,-68,127,3.0,3.5,1.5
1783351141503,2026-07-06 17:19:01.503,C3:00:00:63:4D:0D,-49,127,3.0,3.5,1.5
1783351141506,2026-07-06 17:19:01.506,C3:00:00:63:4C:D2,-53,127,3.0,3.5,1.5
1783351141523,2026-07-06 17:19:01.523,C3:00:00:63:4D:0A,-65,127,3.0,3.5,1.5
1783351141526,2026-07-06 17:19:01.526,C3:00:00:63:4D:05,-61,127,3.0,3.5,1.5
1783351141539,2026-07-06 17:19:01.539,C3:00:00:63:4D:04,-59,127,3.0,3.5,1.5
1783351141564,2026-07-06 17:19:01.564,C3:00:00:63:4C:D2,-60,127,3.0,3.5,1.5
1783351141571,2026-07-06 17:19:01.571,C3:00:00:63:4D:05,-54,127,3.0,3.5,1.5
1783351141591,2026-07-06 17:19:01.591,C3:00:00:63:4D:08,-61,127,3.0,3.5,1.5
1783351141607,2026-07-06 17:19:01.607,C3:00:00:63:4D:0D,-57,127,3.0,3.5,1.5
1783351141610,2026-07-06 17:19:01.610,C3:00:00:63:4C:D2,-60,127,3.0,3.5,1.5
1783351141630,2026-07-06 17:19:01.630,C3:00:00:63:4D:0A,-63,127,3.0,3.5,1.5
1783351141641,2026-07-06 17:19:01.641,C3:00:00:63:4D:04,-55,127,3.0,3.5,1.5
1783351141648,2026-07-06 17:19:01.648,C3:00:00:63:4D:07,-57,127,3.0,3.5,1.5
1783351141706,2026-07-06 17:19:01.706,C3:00:00:63:4D:08,-56,127,3.0,3.5,1.5
1783351141725,2026-07-06 17:19:01.725,C3:00:00:63:4C:D2,-61,127,3.0,3.5,1.5
1783351141741,2026-07-06 17:19:01.741,C3:00:00:63:4D:0A,-62,127,3.0,3.5,1.5
1783351141743,2026-07-06 17:19:01.743,C3:00:00:63:4D:04,-56,127,3.0,3.5,1.5
1783351141780,2026-07-06 17:19:01.780,C3:00:00:63:4D:05,-55,127,3.0,3.5,1.5
1783351141806,2026-07-06 17:19:01.806,C3:00:00:63:4D:07,-58,127,3.0,3.5,1.5
1783351141813,2026-07-06 17:19:01.813,C3:00:00:63:4D:08,-68,127,3.0,3.5,1.5
1783351141832,2026-07-06 17:19:01.832,C3:00:00:63:4D:09,-69,127,3.0,3.5,1.5
1783351141846,2026-07-06 17:19:01.846,C3:00:00:63:4D:0A,-61,127,3.0,3.5,1.5
1783351141850,2026-07-06 17:19:01.850,C3:00:00:63:4C:D2,-60,127,3.0,3.5,1.5
1783351141855,2026-07-06 17:19:01.855,C3:00:00:63:4D:04,-59,127,3.0,3.5,1.5
1783351141878,2026-07-06 17:19:01.878,C3:00:00:63:4D:05,-54,127,3.0,3.5,1.5
1783351141932,2026-07-06 17:19:01.932,C3:00:00:63:4D:0D,-57,127,3.0,3.5,1.5
1783351141937,2026-07-06 17:19:01.937,C3:00:00:63:4C:D2,-60,127,3.0,3.5,1.5
1783351141943,2026-07-06 17:19:01.943,C3:00:00:63:4D:08,-56,127,3.0,3.5,1.5
1783351141955,2026-07-06 17:19:01.955,C3:00:00:63:4D:0A,-63,127,3.0,3.5,1.5
1783351141974,2026-07-06 17:19:01.974,C3:00:00:63:4D:05,-59,127,3.0,3.5,1.5
1783351142015,2026-07-06 17:19:02.015,C3:00:00:63:4D:08,-57,127,3.0,3.5,1.5
1783351142035,2026-07-06 17:19:02.035,C3:00:00:63:4C:D2,-54,127,3.0,3.5,1.5
1783351142043,2026-07-06 17:19:02.043,C3:00:00:63:4D:0D,-49,127,3.0,3.5,1.5
1783351142046,2026-07-06 17:19:02.046,C3:00:00:63:4D:08,-66,127,3.0,3.5,1.5
1783351142056,2026-07-06 17:19:02.056,C3:00:00:63:4C:D2,-60,127,3.0,3.5,1.5
1783351142058,2026-07-06 17:19:02.058,C3:00:00:63:4D:04,-56,127,3.0,3.5,1.5
1783351142068,2026-07-06 17:19:02.068,C3:00:00:63:4D:0A,-65,127,3.0,3.5,1.5
1783351142072,2026-07-06 17:19:02.072,C3:00:00:63:4D:09,-62,127,3.0,3.5,1.5
1783351142080,2026-07-06 17:19:02.080,C3:00:00:63:4D:05,-55,127,3.0,3.5,1.5
1783351142096,2026-07-06 17:19:02.096,C3:00:00:63:4D:05,-55,127,3.0,3.5,1.5
1783351142153,2026-07-06 17:19:02.153,C3:00:00:63:4D:07,-55,127,3.0,3.5,1.5
1783351142158,2026-07-06 17:19:02.158,C3:00:00:63:4D:04,-59,127,3.0,3.5,1.5
1783351142161,2026-07-06 17:19:02.161,C3:00:00:63:4D:0A,-61,127,3.0,3.5,1.5
1783351142174,2026-07-06 17:19:02.174,C3:00:00:63:4D:08,-61,127,3.0,3.5,1.5
1783351142245,2026-07-06 17:19:02.245,C3:00:00:63:4C:D2,-60,127,3.0,3.5,1.5
1783351142250,2026-07-06 17:19:02.250,C3:00:00:63:4D:07,-57,127,3.0,3.5,1.5
1783351142265,2026-07-06 17:19:02.265,C3:00:00:63:4D:0D,-58,127,3.0,3.5,1.5
1783351142280,2026-07-06 17:19:02.280,C3:00:00:63:4D:08,-56,127,3.0,3.5,1.5
1783351142284,2026-07-06 17:19:02.284,C3:00:00:63:4D:05,-58,127,3.0,3.5,1.5
1783351142293,2026-07-06 17:19:02.293,C3:00:00:63:4D:09,-62,127,3.0,3.5,1.5
1783351142308,2026-07-06 17:19:02.308,C3:00:00:63:4D:04,-55,127,3.0,3.5,1.5
1783351142313,2026-07-06 17:19:02.313,C3:00:00:63:4D:05,-59,127,3.0,3.5,1.5
1783351142363,2026-07-06 17:19:02.363,C3:00:00:63:4D:04,-56,127,3.0,3.5,1.5
1783351142366,2026-07-06 17:19:02.366,C3:00:00:63:4D:0A,-65,127,3.0,3.5,1.5
1783351142386,2026-07-06 17:19:02.386,C3:00:00:63:4D:05,-55,127,3.0,3.5,1.5
1783351142393,2026-07-06 17:19:02.393,C3:00:00:63:4D:08,-68,127,3.0,3.5,1.5
1783351142405,2026-07-06 17:19:02.405,C3:00:00:63:4D:09,-62,127,3.0,3.5,1.5
1783351142449,2026-07-06 17:19:02.449,C3:00:00:63:4D:07,-55,127,3.0,3.5,1.5
1783351142462,2026-07-06 17:19:02.462,C3:00:00:63:4D:04,-59,127,3.0,3.5,1.5
1783351142477,2026-07-06 17:19:02.477,C3:00:00:63:4D:0D,-57,127,3.0,3.5,1.5
1783351142481,2026-07-06 17:19:02.481,C3:00:00:63:4D:05,-54,127,3.0,3.5,1.5
1783351142498,2026-07-06 17:19:02.498,C3:00:00:63:4D:08,-69,127,3.0,3.5,1.5
1783351142513,2026-07-06 17:19:02.513,C3:00:00:63:4D:09,-77,127,3.0,3.5,1.5
1783351142516,2026-07-06 17:19:02.516,C3:00:00:63:4D:08,-61,127,3.0,3.5,1.5
1783351142534,2026-07-06 17:19:02.534,C3:00:00:63:4D:04,-56,127,3.0,3.5,1.5
1783351142538,2026-07-06 17:19:02.538,C3:00:00:63:4D:09,-61,127,3.0,3.5,1.5
1783351142545,2026-07-06 17:19:02.545,C3:00:00:63:4D:07,-57,127,3.0,3.5,1.5
1783351142573,2026-07-06 17:19:02.573,C3:00:00:63:4C:D2,-60,127,3.0,3.5,1.5
1783351142577,2026-07-06 17:19:02.577,C3:00:00:63:4D:04,-55,127,3.0,3.5,1.5
1783351142586,2026-07-06 17:19:02.586,C3:00:00:63:4D:0D,-58,127,3.0,3.5,1.5
1783351142588,2026-07-06 17:19:02.588,C3:00:00:63:4D:05,-58,127,3.0,3.5,1.5
1783351142622,2026-07-06 17:19:02.622,C3:00:00:63:4D:08,-56,127,3.0,3.5,1.5
1783351142641,2026-07-06 17:19:02.641,C3:00:00:63:4D:09,-63,127,3.0,3.5,1.5
1783351142666,2026-07-06 17:19:02.666,C3:00:00:63:4D:04,-56,127,3.0,3.5,1.5
1783351142670,2026-07-06 17:19:02.670,C3:00:00:63:4D:07,-58,127,3.0,3.5,1.5
1783351142676,2026-07-06 17:19:02.676,C3:00:00:63:4C:D2,-53,127,3.0,3.5,1.5
1783351142686,2026-07-06 17:19:02.686,C3:00:00:63:4D:0D,-49,127,3.0,3.5,1.5
1783351142734,2026-07-06 17:19:02.734,C3:00:00:63:4D:08,-61,127,3.0,3.5,1.5
1783351142744,2026-07-06 17:19:02.744,C3:00:00:63:4D:07,-55,127,3.0,3.5,1.5
1783351142771,2026-07-06 17:19:02.771,C3:00:00:63:4C:D2,-60,127,3.0,3.5,1.5
1783351142774,2026-07-06 17:19:02.774,C3:00:00:63:4D:04,-60,127,3.0,3.5,1.5
1783351142788,2026-07-06 17:19:02.788,C3:00:00:63:4D:05,-54,127,3.0,3.5,1.5
1783351142790,2026-07-06 17:19:02.790,C3:00:00:63:4D:0A,-61,127,3.0,3.5,1.5
1783351142803,2026-07-06 17:19:02.803,C3:00:00:63:4C:D2,-60,127,3.0,3.5,1.5
1783351142850,2026-07-06 17:19:02.850,C3:00:00:63:4D:08,-56,127,3.0,3.5,1.5
1783351142855,2026-07-06 17:19:02.855,C3:00:00:63:4D:07,-57,127,3.0,3.5,1.5
1783351142864,2026-07-06 17:19:02.864,C3:00:00:63:4D:09,-61,127,3.0,3.5,1.5
1783351142885,2026-07-06 17:19:02.885,C3:00:00:63:4D:04,-55,127,3.0,3.5,1.5
1783351142894,2026-07-06 17:19:02.894,C3:00:00:63:4D:0A,-63,127,3.0,3.5,1.5
1783351142910,2026-07-06 17:19:02.910,C3:00:00:63:4D:0D,-58,127,3.0,3.5,1.5
1783351142933,2026-07-06 17:19:02.933,C3:00:00:63:4D:0A,-62,127,3.0,3.5,1.5
1783351142968,2026-07-06 17:19:02.968,C3:00:00:63:4D:08,-68,127,3.0,3.5,1.5
1783351142973,2026-07-06 17:19:02.973,C3:00:00:63:4D:09,-64,127,3.0,3.5,1.5
1783351142988,2026-07-06 17:19:02.988,C3:00:00:63:4D:04,-56,127,3.0,3.5,1.5
1783351142993,2026-07-06 17:19:02.993,C3:00:00:63:4C:D2,-54,127,3.0,3.5,1.5
1783351143013,2026-07-06 17:19:03.013,C3:00:00:63:4D:0D,-49,127,3.0,3.5,1.5
1783351143044,2026-07-06 17:19:03.044,C3:00:00:63:4D:07,-55,127,3.0,3.5,1.5
1783351143051,2026-07-06 17:19:03.051,C3:00:00:63:4D:0D,-57,127,3.0,3.5,1.5
1783351143076,2026-07-06 17:19:03.076,C3:00:00:63:4D:0D,-65,127,3.0,3.5,1.5
1783351143083,2026-07-06 17:19:03.083,C3:00:00:63:4D:08,-61,127,3.0,3.5,1.5
1783351143088,2026-07-06 17:19:03.088,C3:00:00:63:4D:09,-69,127,3.0,3.5,1.5
1783351143092,2026-07-06 17:19:03.092,C3:00:00:63:4D:04,-60,127,3.0,3.5,1.5
1783351143101,2026-07-06 17:19:03.101,C3:00:00:63:4C:D2,-60,127,3.0,3.5,1.5
1783351143104,2026-07-06 17:19:03.104,C3:00:00:63:4D:0A,-61,127,3.0,3.5,1.5
1783351143119,2026-07-06 17:19:03.119,C3:00:00:63:4D:0D,-57,127,3.0,3.5,1.5
1783351143142,2026-07-06 17:19:03.142,C3:00:00:63:4D:07,-56,127,3.0,3.5,1.5
1783351143191,2026-07-06 17:19:03.191,C3:00:00:63:4D:04,-55,127,3.0,3.5,1.5
1783351143196,2026-07-06 17:19:03.196,C3:00:00:63:4D:09,-62,127,3.0,3.5,1.5
1783351143201,2026-07-06 17:19:03.201,C3:00:00:63:4D:05,-59,127,3.0,3.5,1.5
1783351143206,2026-07-06 17:19:03.206,C3:00:00:63:4D:08,-57,127,3.0,3.5,1.5
1783351143210,2026-07-06 17:19:03.210,C3:00:00:63:4C:D2,-61,127,3.0,3.5,1.5
1783351143216,2026-07-06 17:19:03.216,C3:00:00:63:4D:0A,-63,127,3.0,3.5,1.5
1783351143218,2026-07-06 17:19:03.218,C3:00:00:63:4D:09,-62,127,3.0,3.5,1.5
1783351143228,2026-07-06 17:19:03.228,C3:00:00:63:4D:0D,-56,127,3.0,3.5,1.5
1783351143244,2026-07-06 17:19:03.244,C3:00:00:63:4D:07,-58,127,3.0,3.5,1.5
1783351143309,2026-07-06 17:19:03.309,C3:00:00:63:4C:D2,-54,127,3.0,3.5,1.5
1783351143314,2026-07-06 17:19:03.314,C3:00:00:63:4D:0A,-62,127,3.0,3.5,1.5
1783351143321,2026-07-06 17:19:03.321,C3:00:00:63:4D:09,-63,127,3.0,3.5,1.5
1783351143340,2026-07-06 17:19:03.340,C3:00:00:63:4D:07,-54,127,3.0,3.5,1.5
1783351143344,2026-07-06 17:19:03.344,C3:00:00:63:4D:09,-69,127,3.0,3.5,1.5
1783351143391,2026-07-06 17:19:03.391,C3:00:00:63:4D:05,-54,127,3.0,3.5,1.5
1783351143395,2026-07-06 17:19:03.395,C3:00:00:63:4D:04,-60,127,3.0,3.5,1.5
1783351143411,2026-07-06 17:19:03.411,C3:00:00:63:4C:D2,-60,127,3.0,3.5,1.5
1783351143417,2026-07-06 17:19:03.417,C3:00:00:63:4D:0A,-61,127,3.0,3.5,1.5
1783351143427,2026-07-06 17:19:03.427,C3:00:00:63:4D:08,-57,127,3.0,3.5,1.5
1783351143431,2026-07-06 17:19:03.431,C3:00:00:63:4D:09,-62,127,3.0,3.5,1.5
1783351143476,2026-07-06 17:19:03.476,C3:00:00:63:4D:08,-57,127,3.0,3.5,1.5
1783351143488,2026-07-06 17:19:03.488,C3:00:00:63:4D:05,-59,127,3.0,3.5,1.5
1783351143509,2026-07-06 17:19:03.509,C3:00:00:63:4D:04,-55,127,3.0,3.5,1.5
1783351143512,2026-07-06 17:19:03.512,C3:00:00:63:4D:0D,-56,127,3.0,3.5,1.5
1783351143519,2026-07-06 17:19:03.519,C3:00:00:63:4D:0A,-63,127,3.0,3.5,1.5
1783351143525,2026-07-06 17:19:03.525,C3:00:00:63:4C:D2,-61,127,3.0,3.5,1.5
1783351143543,2026-07-06 17:19:03.543,C3:00:00:63:4D:07,-58,127,3.0,3.5,1.5
1783351143549,2026-07-06 17:19:03.549,C3:00:00:63:4D:0D,-49,127,3.0,3.5,1.5
1783351143553,2026-07-06 17:19:03.553,C3:00:00:63:4D:09,-63,127,3.0,3.5,1.5
1783351143583,2026-07-06 17:19:03.583,C3:00:00:63:4D:07,-59,127,3.0,3.5,1.5
1783351143592,2026-07-06 17:19:03.592,C3:00:00:63:4D:05,-58,127,3.0,3.5,1.5
1783351143595,2026-07-06 17:19:03.595,C3:00:00:63:4D:04,-56,127,3.0,3.5,1.5
1783351143629,2026-07-06 17:19:03.629,C3:00:00:63:4C:D2,-54,127,3.0,3.5,1.5
1783351143643,2026-07-06 17:19:03.643,C3:00:00:63:4D:07,-55,127,3.0,3.5,1.5
1783351143665,2026-07-06 17:19:03.665,C3:00:00:63:4D:09,-69,127,3.0,3.5,1.5
1783351143690,2026-07-06 17:19:03.690,C3:00:00:63:4D:0D,-57,127,3.0,3.5,1.5
1783351143695,2026-07-06 17:19:03.695,C3:00:00:63:4D:05,-54,127,3.0,3.5,1.5
1783351143700,2026-07-06 17:19:03.700,C3:00:00:63:4D:04,-60,127,3.0,3.5,1.5
1783351143745,2026-07-06 17:19:03.745,C3:00:00:63:4D:07,-57,127,3.0,3.5,1.5
1783351143765,2026-07-06 17:19:03.765,C3:00:00:63:4D:0D,-56,127,3.0,3.5,1.5
1783351143769,2026-07-06 17:19:03.769,C3:00:00:63:4D:09,-62,127,3.0,3.5,1.5
1783351143773,2026-07-06 17:19:03.773,C3:00:00:63:4D:08,-57,127,3.0,3.5,1.5
1783351143792,2026-07-06 17:19:03.792,C3:00:00:63:4D:05,-59,127,3.0,3.5,1.5
1783351143810,2026-07-06 17:19:03.810,C3:00:00:63:4D:04,-55,127,3.0,3.5,1.5
1783351143818,2026-07-06 17:19:03.818,C3:00:00:63:4D:07,-56,127,3.0,3.5,1.5
1783351143836,2026-07-06 17:19:03.836,C3:00:00:63:4D:0A,-62,127,3.0,3.5,1.5
1783351143844,2026-07-06 17:19:03.844,C3:00:00:63:4C:D2,-54,127,3.0,3.5,1.5
1783351143850,2026-07-06 17:19:03.850,C3:00:00:63:4D:07,-58,127,3.0,3.5,1.5
1783351143867,2026-07-06 17:19:03.867,C3:00:00:63:4C:D2,-54,127,3.0,3.5,1.5
1783351143873,2026-07-06 17:19:03.873,C3:00:00:63:4D:0D,-49,127,3.0,3.5,1.5
1783351143883,2026-07-06 17:19:03.883,C3:00:00:63:4D:08,-66,127,3.0,3.5,1.5
1783351143887,2026-07-06 17:19:03.887,C3:00:00:63:4D:09,-63,127,3.0,3.5,1.5
1783351143901,2026-07-06 17:19:03.901,C3:00:00:63:4D:05,-58,127,3.0,3.5,1.5
1783351143904,2026-07-06 17:19:03.904,C3:00:00:63:4D:04,-56,127,3.0,3.5,1.5
1783351143984,2026-07-06 17:19:03.984,C3:00:00:63:4D:0D,-57,127,3.0,3.5,1.5
1783351143994,2026-07-06 17:19:03.994,C3:00:00:63:4D:05,-54,127,3.0,3.5,1.5
1783351144005,2026-07-06 17:19:04.005,C3:00:00:63:4D:09,-69,127,3.0,3.5,1.5
1783351144009,2026-07-06 17:19:04.009,C3:00:00:63:4D:08,-61,127,3.0,3.5,1.5
1783351144014,2026-07-06 17:19:04.014,C3:00:00:63:4D:04,-60,127,3.0,3.5,1.5
1783351144026,2026-07-06 17:19:04.026,C3:00:00:63:4D:08,-61,127,3.0,3.5,1.5
1783351144038,2026-07-06 17:19:04.038,C3:00:00:63:4D:09,-62,127,3.0,3.5,1.5
1783351144042,2026-07-06 17:19:04.042,C3:00:00:63:4D:0A,-63,127,3.0,3.5,1.5
1783351144045,2026-07-06 17:19:04.045,C3:00:00:63:4C:D2,-61,127,3.0,3.5,1.5
1783351144050,2026-07-06 17:19:04.050,C3:00:00:63:4D:07,-56,127,3.0,3.5,1.5
1783351144089,2026-07-06 17:19:04.089,C3:00:00:63:4D:0D,-56,127,3.0,3.5,1.5
1783351144094,2026-07-06 17:19:04.094,C3:00:00:63:4D:05,-59,127,3.0,3.5,1.5
1783351144115,2026-07-06 17:19:04.115,C3:00:00:63:4D:04,-55,127,3.0,3.5,1.5
1783351144121,2026-07-06 17:19:04.121,C3:00:00:63:4D:08,-57,127,3.0,3.5,1.5
1783351144147,2026-07-06 17:19:04.147,C3:00:00:63:4D:07,-58,127,3.0,3.5,1.5
1783351144159,2026-07-06 17:19:04.159,C3:00:00:63:4D:0A,-62,127,3.0,3.5,1.5
1783351144162,2026-07-06 17:19:04.162,C3:00:00:63:4C:D2,-54,127,3.0,3.5,1.5
1783351144196,2026-07-06 17:19:04.196,C3:00:00:63:4D:0D,-49,127,3.0,3.5,1.5
1783351144204,2026-07-06 17:19:04.204,C3:00:00:63:4D:05,-58,127,3.0,3.5,1.5
1783351144221,2026-07-06 17:19:04.221,C3:00:00:63:4D:04,-56,127,3.0,3.5,1.5
1783351144234,2026-07-06 17:19:04.234,C3:00:00:63:4D:08,-61,127,3.0,3.5,1.5
1783351144236,2026-07-06 17:19:04.236,C3:00:00:63:4D:09,-69,127,3.0,3.5,1.5
1783351144249,2026-07-06 17:19:04.249,C3:00:00:63:4D:07,-54,127,3.0,3.5,1.5
1783351144252,2026-07-06 17:19:04.252,C3:00:00:63:4D:0A,-61,127,3.0,3.5,1.5
1783351144262,2026-07-06 17:19:04.262,C3:00:00:63:4C:D2,-60,127,3.0,3.5,1.5
1783351144266,2026-07-06 17:19:04.266,C3:00:00:63:4D:08,-61,127,3.0,3.5,1.5
1783351144298,2026-07-06 17:19:04.298,C3:00:00:63:4D:05,-54,127,3.0,3.5,1.5
1783351144303,2026-07-06 17:19:04.303,C3:00:00:63:4D:0D,-57,127,3.0,3.5,1.5
1783351144327,2026-07-06 17:19:04.327,C3:00:00:63:4D:05,-54,127,3.0,3.5,1.5
1783351144332,2026-07-06 17:19:04.332,C3:00:00:63:4D:04,-63,127,3.0,3.5,1.5
1783351144337,2026-07-06 17:19:04.337,C3:00:00:63:4D:09,-62,127,3.0,3.5,1.5
1783351144345,2026-07-06 17:19:04.345,C3:00:00:63:4D:07,-56,127,3.0,3.5,1.5
1783351144353,2026-07-06 17:19:04.353,C3:00:00:63:4D:08,-57,127,3.0,3.5,1.5
1783351144360,2026-07-06 17:19:04.360,C3:00:00:63:4D:04,-55,127,3.0,3.5,1.5
1783351144367,2026-07-06 17:19:04.367,C3:00:00:63:4C:D2,-61,127,3.0,3.5,1.5
1783351144405,2026-07-06 17:19:04.405,C3:00:00:63:4D:05,-59,127,3.0,3.5,1.5
1783351144422,2026-07-06 17:19:04.422,C3:00:00:63:4D:0D,-56,127,3.0,3.5,1.5
1783351144435,2026-07-06 17:19:04.435,C3:00:00:63:4D:04,-56,127,3.0,3.5,1.5
1783351144446,2026-07-06 17:19:04.446,C3:00:00:63:4D:07,-58,127,3.0,3.5,1.5
1783351144459,2026-07-06 17:19:04.459,C3:00:00:63:4D:09,-63,127,3.0,3.5,1.5
1783351144468,2026-07-06 17:19:04.468,C3:00:00:63:4D:08,-66,127,3.0,3.5,1.5
1783351144472,2026-07-06 17:19:04.472,C3:00:00:63:4D:0A,-62,127,3.0,3.5,1.5
1783351144479,2026-07-06 17:19:04.479,C3:00:00:63:4C:D2,-54,127,3.0,3.5,1.5
1783351144511,2026-07-06 17:19:04.511,C3:00:00:63:4D:05,-58,127,3.0,3.5,1.5
1783351144526,2026-07-06 17:19:04.526,C3:00:00:63:4D:0D,-49,127,3.0,3.5,1.5
1783351144534,2026-07-06 17:19:04.534,C3:00:00:63:4D:04,-60,127,3.0,3.5,1.5
1783351144545,2026-07-06 17:19:04.545,C3:00:00:63:4D:07,-54,127,3.0,3.5,1.5
1783351144571,2026-07-06 17:19:04.571,C3:00:00:63:4D:09,-69,127,3.0,3.5,1.5
1783351144576,2026-07-06 17:19:04.576,C3:00:00:63:4D:0A,-61,127,3.0,3.5,1.5
1783351144584,2026-07-06 17:19:04.584,C3:00:00:63:4D:08,-62,127,3.0,3.5,1.5
1783351144586,2026-07-06 17:19:04.586,C3:00:00:63:4C:D2,-60,127,3.0,3.5,1.5
1783351144604,2026-07-06 17:19:04.604,C3:00:00:63:4D:05,-54,127,3.0,3.5,1.5
1783351144647,2026-07-06 17:19:04.647,C3:00:00:63:4D:07,-57,127,3.0,3.5,1.5
1783351144670,2026-07-06 17:19:04.670,C3:00:00:63:4D:07,-57,127,3.0,3.5,1.5
1783351144674,2026-07-06 17:19:04.674,C3:00:00:63:4D:0A,-63,127,3.0,3.5,1.5
1783351144687,2026-07-06 17:19:04.687,C3:00:00:63:4D:09,-61,127,3.0,3.5,1.5
1783351144711,2026-07-06 17:19:04.711,C3:00:00:63:4D:05,-58,127,3.0,3.5,1.5
1783351144730,2026-07-06 17:19:04.730,C3:00:00:63:4D:04,-56,127,3.0,3.5,1.5
1783351144737,2026-07-06 17:19:04.737,C3:00:00:63:4D:07,-66,127,3.0,3.5,1.5
1783351144745,2026-07-06 17:19:04.745,C3:00:00:63:4D:0D,-49,127,3.0,3.5,1.5
1783351144760,2026-07-06 17:19:04.760,C3:00:00:63:4D:07,-58,127,3.0,3.5,1.5
1783351144786,2026-07-06 17:19:04.786,C3:00:00:63:4D:0A,-65,127,3.0,3.5,1.5
1783351144795,2026-07-06 17:19:04.795,C3:00:00:63:4C:D2,-53,127,3.0,3.5,1.5
1783351144808,2026-07-06 17:19:04.808,C3:00:00:63:4D:09,-62,127,3.0,3.5,1.5
1783351144812,2026-07-06 17:19:04.812,C3:00:00:63:4D:08,-68,127,3.0,3.5,1.5
1783351144818,2026-07-06 17:19:04.818,C3:00:00:63:4D:05,-55,127,3.0,3.5,1.5
1783351144820,2026-07-06 17:19:04.820,C3:00:00:63:4C:D2,-53,127,3.0,3.5,1.5
1783351144838,2026-07-06 17:19:04.838,C3:00:00:63:4D:04,-60,127,3.0,3.5,1.5
1783351144842,2026-07-06 17:19:04.842,C3:00:00:63:4D:0D,-57,127,3.0,3.5,1.5
1783351144849,2026-07-06 17:19:04.849,C3:00:00:63:4D:07,-55,127,3.0,3.5,1.5
1783351144898,2026-07-06 17:19:04.898,C3:00:00:63:4C:D2,-60,127,3.0,3.5,1.5
1783351144923,2026-07-06 17:19:04.923,C3:00:00:63:4D:05,-54,127,3.0,3.5,1.5
1783351144928,2026-07-06 17:19:04.928,C3:00:00:63:4D:09,-69,127,3.0,3.5,1.5
1783351144932,2026-07-06 17:19:04.932,C3:00:00:63:4D:08,-61,127,3.0,3.5,1.5
1783351144937,2026-07-06 17:19:04.937,C3:00:00:63:4D:04,-55,127,3.0,3.5,1.5
1783351144943,2026-07-06 17:19:04.943,C3:00:00:63:4D:07,-56,127,3.0,3.5,1.5
1783351144995,2026-07-06 17:19:04.995,C3:00:00:63:4D:0A,-63,127,3.0,3.5,1.5
1783351145042,2026-07-06 17:19:05.042,C3:00:00:63:4D:05,-58,127,3.0,3.5,1.5
1783351145047,2026-07-06 17:19:05.047,C3:00:00:63:4D:07,-58,127,3.0,3.5,1.5
1783351145080,2026-07-06 17:19:05.080,C3:00:00:63:4D:0D,-49,127,3.0,3.5,1.5
1783351145092,2026-07-06 17:19:05.092,C3:00:00:63:4D:0A,-62,127,3.0,3.5,1.5
1783351145143,2026-07-06 17:19:05.143,C3:00:00:63:4D:09,-69,127,3.0,3.5,1.5
1783351145147,2026-07-06 17:19:05.147,C3:00:00:63:4D:07,-54,127,3.0,3.5,1.5
1783351145151,2026-07-06 17:19:05.151,C3:00:00:63:4D:04,-60,127,3.0,3.5,1.5
1783351145155,2026-07-06 17:19:05.155,C3:00:00:63:4D:08,-61,127,3.0,3.5,1.5
1783351145172,2026-07-06 17:19:05.172,C3:00:00:63:4D:0D,-57,127,3.0,3.5,1.5
1783351145245,2026-07-06 17:19:05.245,C3:00:00:63:4D:04,-55,127,3.0,3.5,1.5
1783351145250,2026-07-06 17:19:05.250,C3:00:00:63:4D:09,-62,127,3.0,3.5,1.5
1783351145269,2026-07-06 17:19:05.269,C3:00:00:63:4D:08,-57,127,3.0,3.5,1.5
1783351145278,2026-07-06 17:19:05.278,C3:00:00:63:4D:0D,-56,127,3.0,3.5,1.5
1783351145305,2026-07-06 17:19:05.305,C3:00:00:63:4D:0A,-63,127,3.0,3.5,1.5
1783351145312,2026-07-06 17:19:05.312,C3:00:00:63:4D:05,-59,127,3.0,3.5,1.5
1783351145319,2026-07-06 17:19:05.319,C3:00:00:63:4C:D2,-61,127,3.0,3.5,1.5
1783351145345,2026-07-06 17:19:05.345,C3:00:00:63:4D:09,-63,127,3.0,3.5,1.5
1783351145349,2026-07-06 17:19:05.349,C3:00:00:63:4D:04,-56,127,3.0,3.5,1.5
1783351145373,2026-07-06 17:19:05.373,C3:00:00:63:4D:09,-63,127,3.0,3.5,1.5
1783351145385,2026-07-06 17:19:05.385,C3:00:00:63:4D:08,-65,127,3.0,3.5,1.5
1783351145407,2026-07-06 17:19:05.407,C3:00:00:63:4D:0A,-62,127,3.0,3.5,1.5
1783351145416,2026-07-06 17:19:05.416,C3:00:00:63:4D:05,-58,127,3.0,3.5,1.5
1783351145425,2026-07-06 17:19:05.425,C3:00:00:63:4C:D2,-54,127,3.0,3.5,1.5
1783351145450,2026-07-06 17:19:05.450,C3:00:00:63:4D:07,-54,127,3.0,3.5,1.5
1783351145457,2026-07-06 17:19:05.457,C3:00:00:63:4D:04,-60,127,3.0,3.5,1.5
1783351145465,2026-07-06 17:19:05.465,C3:00:00:63:4D:08,-61,127,3.0,3.5,1.5
1783351145480,2026-07-06 17:19:05.480,C3:00:00:63:4D:09,-69,127,3.0,3.5,1.5
1783351145490,2026-07-06 17:19:05.490,C3:00:00:63:4D:08,-61,127,3.0,3.5,1.5
1783351145495,2026-07-06 17:19:05.495,C3:00:00:63:4D:0D,-57,127,3.0,3.5,1.5
1783351145511,2026-07-06 17:19:05.511,C3:00:00:63:4D:05,-54,127,3.0,3.5,1.5
1783351145530,2026-07-06 17:19:05.530,C3:00:00:63:4C:D2,-61,127,3.0,3.5,1.5
1783351145548,2026-07-06 17:19:05.548,C3:00:00:63:4D:07,-56,127,3.0,3.5,1.5
1783351145552,2026-07-06 17:19:05.552,C3:00:00:63:4D:04,-55,127,3.0,3.5,1.5
1783351145572,2026-07-06 17:19:05.572,C3:00:00:63:4C:D2,-61,127,3.0,3.5,1.5
1783351145593,2026-07-06 17:19:05.593,C3:00:00:63:4D:09,-62,127,3.0,3.5,1.5
1783351145609,2026-07-06 17:19:05.609,C3:00:00:63:4D:0D,-56,127,3.0,3.5,1.5
1783351145612,2026-07-06 17:19:05.612,C3:00:00:63:4D:05,-59,127,3.0,3.5,1.5
1783351145623,2026-07-06 17:19:05.623,C3:00:00:63:4D:0A,-63,127,3.0,3.5,1.5
1783351145646,2026-07-06 17:19:05.646,C3:00:00:63:4C:D2,-53,127,3.0,3.5,1.5
1783351145650,2026-07-06 17:19:05.650,C3:00:00:63:4D:07,-58,127,3.0,3.5,1.5
1783351145654,2026-07-06 17:19:05.654,C3:00:00:63:4D:0A,-72,127,3.0,3.5,1.5
1783351145657,2026-07-06 17:19:05.657,C3:00:00:63:4D:04,-56,127,3.0,3.5,1.5
1783351145694,2026-07-06 17:19:05.694,C3:00:00:63:4D:0D,-49,127,3.0,3.5,1.5
1783351145713,2026-07-06 17:19:05.713,C3:00:00:63:4D:0D,-49,127,3.0,3.5,1.5
1783351145717,2026-07-06 17:19:05.717,C3:00:00:63:4D:09,-61,127,3.0,3.5,1.5
1783351145746,2026-07-06 17:19:05.746,C3:00:00:63:4D:07,-55,127,3.0,3.5,1.5
1783351145772,2026-07-06 17:19:05.772,C3:00:00:63:4D:04,-60,127,3.0,3.5,1.5
1783351145819,2026-07-06 17:19:05.819,C3:00:00:63:4D:05,-54,127,3.0,3.5,1.5
1783351145827,2026-07-06 17:19:05.827,C3:00:00:63:4D:09,-69,127,3.0,3.5,1.5
1783351145839,2026-07-06 17:19:05.839,C3:00:00:63:4D:0A,-61,127,3.0,3.5,1.5
1783351145849,2026-07-06 17:19:05.849,C3:00:00:63:4D:08,-56,127,3.0,3.5,1.5
1783351145853,2026-07-06 17:19:05.853,C3:00:00:63:4C:D2,-60,127,3.0,3.5,1.5
1783351145864,2026-07-06 17:19:05.864,C3:00:00:63:4D:04,-55,127,3.0,3.5,1.5
1783351145867,2026-07-06 17:19:05.867,C3:00:00:63:4C:D2,-60,127,3.0,3.5,1.5
1783351145922,2026-07-06 17:19:05.922,C3:00:00:63:4D:05,-58,127,3.0,3.5,1.5
1783351145930,2026-07-06 17:19:05.930,C3:00:00:63:4D:0D,-58,127,3.0,3.5,1.5
1783351145936,2026-07-06 17:19:05.936,C3:00:00:63:4D:0A,-65,127,3.0,3.5,1.5
1783351145944,2026-07-06 17:19:05.944,C3:00:00:63:4D:09,-61,127,3.0,3.5,1.5
1783351145951,2026-07-06 17:19:05.951,C3:00:00:63:4D:07,-58,127,3.0,3.5,1.5
1783351145966,2026-07-06 17:19:05.966,C3:00:00:63:4D:04,-56,127,3.0,3.5,1.5
1783351146020,2026-07-06 17:19:06.020,C3:00:00:63:4D:08,-68,127,3.0,3.5,1.5
1783351146026,2026-07-06 17:19:06.026,C3:00:00:63:4D:05,-55,127,3.0,3.5,1.5
1783351146034,2026-07-06 17:19:06.034,C3:00:00:63:4D:0D,-57,127,3.0,3.5,1.5
1783351146043,2026-07-06 17:19:06.043,C3:00:00:63:4D:0A,-61,127,3.0,3.5,1.5
1783351146045,2026-07-06 17:19:06.045,C3:00:00:63:4D:07,-55,127,3.0,3.5,1.5
1783351146051,2026-07-06 17:19:06.051,C3:00:00:63:4D:09,-69,127,3.0,3.5,1.5
1783351146056,2026-07-06 17:19:06.056,C3:00:00:63:4D:0A,-62,127,3.0,3.5,1.5
1783351146062,2026-07-06 17:19:06.062,C3:00:00:63:4D:08,-61,127,3.0,3.5,1.5
1783351146094,2026-07-06 17:19:06.094,C3:00:00:63:4C:D2,-68,127,3.0,3.5,1.5
1783351146110,2026-07-06 17:19:06.110,C3:00:00:63:4D:05,-54,127,3.0,3.5,1.5
1783351146128,2026-07-06 17:19:06.128,C3:00:00:63:4D:05,-58,127,3.0,3.5,1.5
1783351146143,2026-07-06 17:19:06.143,C3:00:00:63:4D:0D,-56,127,3.0,3.5,1.5
1783351146147,2026-07-06 17:19:06.147,C3:00:00:63:4D:07,-56,127,3.0,3.5,1.5
1783351146149,2026-07-06 17:19:06.149,C3:00:00:63:4D:0A,-63,127,3.0,3.5,1.5
1783351146176,2026-07-06 17:19:06.176,C3:00:00:63:4D:04,-55,127,3.0,3.5,1.5
1783351146194,2026-07-06 17:19:06.194,C3:00:00:63:4D:08,-57,127,3.0,3.5,1.5
1783351146223,2026-07-06 17:19:06.223,C3:00:00:63:4D:05,-59,127,3.0,3.5,1.5
1783351146246,2026-07-06 17:19:06.246,C3:00:00:63:4D:07,-58,127,3.0,3.5,1.5
1783351146250,2026-07-06 17:19:06.250,C3:00:00:63:4D:0A,-62,127,3.0,3.5,1.5
1783351146254,2026-07-06 17:19:06.254,C3:00:00:63:4D:0D,-49,127,3.0,3.5,1.5
1783351146277,2026-07-06 17:19:06.277,C3:00:00:63:4C:D2,-54,127,3.0,3.5,1.5
1783351146296,2026-07-06 17:19:06.296,C3:00:00:63:4D:08,-65,127,3.0,3.5,1.5
1783351146320,2026-07-06 17:19:06.320,C3:00:00:63:4D:04,-56,127,3.0,3.5,1.5
1783351146324,2026-07-06 17:19:06.324,C3:00:00:63:4D:05,-58,127,3.0,3.5,1.5
1783351146344,2026-07-06 17:19:06.344,C3:00:00:63:4D:05,-55,127,3.0,3.5,1.5
1783351146348,2026-07-06 17:19:06.348,C3:00:00:63:4D:07,-54,127,3.0,3.5,1.5
1783351146357,2026-07-06 17:19:06.357,C3:00:00:63:4D:0D,-57,127,3.0,3.5,1.5
1783351146376,2026-07-06 17:19:06.376,C3:00:00:63:4D:04,-60,127,3.0,3.5,1.5
1783351146379,2026-07-06 17:19:06.379,C3:00:00:63:4C:D2,-60,127,3.0,3.5,1.5
1783351146391,2026-07-06 17:19:06.391,C3:00:00:63:4D:09,-69,127,3.0,3.5,1.5
1783351146417,2026-07-06 17:19:06.417,C3:00:00:63:4D:08,-60,127,3.0,3.5,1.5
1783351146425,2026-07-06 17:19:06.425,C3:00:00:63:4D:05,-54,127,3.0,3.5,1.5
1783351146444,2026-07-06 17:19:06.444,C3:00:00:63:4D:07,-56,127,3.0,3.5,1.5
1783351146460,2026-07-06 17:19:06.460,C3:00:00:63:4D:0A,-63,127,3.0,3.5,1.5
1783351146466,2026-07-06 17:19:06.466,C3:00:00:63:4D:0D,-56,127,3.0,3.5,1.5
1783351146512,2026-07-06 17:19:06.512,C3:00:00:63:4D:09,-62,127,3.0,3.5,1.5
1783351146527,2026-07-06 17:19:06.527,C3:00:00:63:4D:05,-58,127,3.0,3.5,1.5
1783351146538,2026-07-06 17:19:06.538,C3:00:00:63:4D:09,-71,127,3.0,3.5,1.5
1783351146551,2026-07-06 17:19:06.551,C3:00:00:63:4D:07,-58,127,3.0,3.5,1.5
1783351146563,2026-07-06 17:19:06.563,C3:00:00:63:4D:04,-56,127,3.0,3.5,1.5
1783351146568,2026-07-06 17:19:06.568,C3:00:00:63:4D:0A,-62,127,3.0,3.5,1.5
1783351146575,2026-07-06 17:19:06.575,C3:00:00:63:4D:0D,-49,127,3.0,3.5,1.5
1783351146583,2026-07-06 17:19:06.583,C3:00:00:63:4D:04,-56,127,3.0,3.5,1.5
1783351146591,2026-07-06 17:19:06.591,C3:00:00:63:4C:D2,-54,127,3.0,3.5,1.5
1783351146630,2026-07-06 17:19:06.630,C3:00:00:63:4D:05,-58,127,3.0,3.5,1.5
1783351146668,2026-07-06 17:19:06.668,C3:00:00:63:4D:0A,-61,127,3.0,3.5,1.5
1783351146684,2026-07-06 17:19:06.684,C3:00:00:63:4D:07,-54,127,3.0,3.5,1.5
1783351146700,2026-07-06 17:19:06.700,C3:00:00:63:4C:D2,-60,127,3.0,3.5,1.5
1783351146723,2026-07-06 17:19:06.723,C3:00:00:63:4D:05,-54,127,3.0,3.5,1.5
1783351146749,2026-07-06 17:19:06.749,C3:00:00:63:4D:07,-56,127,3.0,3.5,1.5
1783351146753,2026-07-06 17:19:06.753,C3:00:00:63:4D:08,-57,127,3.0,3.5,1.5
1783351146770,2026-07-06 17:19:06.770,C3:00:00:63:4D:0A,-63,127,3.0,3.5,1.5
1783351146785,2026-07-06 17:19:06.785,C3:00:00:63:4D:0D,-57,127,3.0,3.5,1.5
1783351146802,2026-07-06 17:19:06.802,C3:00:00:63:4D:04,-55,127,3.0,3.5,1.5
1783351146825,2026-07-06 17:19:06.825,C3:00:00:63:4D:05,-59,127,3.0,3.5,1.5
1783351146832,2026-07-06 17:19:06.832,C3:00:00:63:4C:D2,-54,127,3.0,3.5,1.5
1783351146840,2026-07-06 17:19:06.840,C3:00:00:63:4D:07,-58,127,3.0,3.5,1.5
1783351146859,2026-07-06 17:19:06.859,C3:00:00:63:4D:09,-63,127,3.0,3.5,1.5
1783351146875,2026-07-06 17:19:06.875,C3:00:00:63:4D:08,-66,127,3.0,3.5,1.5
1783351146879,2026-07-06 17:19:06.879,C3:00:00:63:4D:0A,-62,127,3.0,3.5,1.5
1783351146892,2026-07-06 17:19:06.892,C3:00:00:63:4D:04,-56,127,3.0,3.5,1.5
1783351146897,2026-07-06 17:19:06.897,C3:00:00:63:4D:0D,-49,127,3.0,3.5,1.5
1783351146916,2026-07-06 17:19:06.916,C3:00:00:63:4C:D2,-54,127,3.0,3.5,1.5
1783351146924,2026-07-06 17:19:06.924,C3:00:00:63:4D:05,-58,127,3.0,3.5,1.5
1783351146933,2026-07-06 17:19:06.933,C3:00:00:63:4D:0A,-61,127,3.0,3.5,1.5
1783351146946,2026-07-06 17:19:06.946,C3:00:00:63:4D:07,-54,127,3.0,3.5,1.5
1783351146965,2026-07-06 17:19:06.965,C3:00:00:63:4D:09,-69,127,3.0,3.5,1.5
1783351146989,2026-07-06 17:19:06.989,C3:00:00:63:4D:08,-61,127,3.0,3.5,1.5
1783351146998,2026-07-06 17:19:06.998,C3:00:00:63:4D:04,-60,127,3.0,3.5,1.5
1783351147009,2026-07-06 17:19:07.009,C3:00:00:63:4D:0D,-57,127,3.0,3.5,1.5
1783351147024,2026-07-06 17:19:07.024,C3:00:00:63:4C:D2,-60,127,3.0,3.5,1.5
1783351147028,2026-07-06 17:19:07.028,C3:00:00:63:4D:05,-59,127,3.0,3.5,1.5
1783351147041,2026-07-06 17:19:07.041,C3:00:00:63:4D:07,-56,127,3.0,3.5,1.5
1783351147057,2026-07-06 17:19:07.057,C3:00:00:63:4D:0D,-58,127,3.0,3.5,1.5
1783351147072,2026-07-06 17:19:07.072,C3:00:00:63:4D:0D,-64,127,3.0,3.5,1.5
1783351147080,2026-07-06 17:19:07.080,C3:00:00:63:4D:09,-62,127,3.0,3.5,1.5
1783351147104,2026-07-06 17:19:07.104,C3:00:00:63:4D:08,-57,127,3.0,3.5,1.5
1783351147112,2026-07-06 17:19:07.112,C3:00:00:63:4D:0D,-56,127,3.0,3.5,1.5
1783351147127,2026-07-06 17:19:07.127,C3:00:00:63:4C:D2,-54,127,3.0,3.5,1.5
1783351147145,2026-07-06 17:19:07.145,C3:00:00:63:4D:07,-58,127,3.0,3.5,1.5
1783351147197,2026-07-06 17:19:07.197,C3:00:00:63:4D:09,-63,127,3.0,3.5,1.5
1783351147218,2026-07-06 17:19:07.218,C3:00:00:63:4D:04,-56,127,3.0,3.5,1.5
1783351147223,2026-07-06 17:19:07.223,C3:00:00:63:4D:08,-66,127,3.0,3.5,1.5
1783351147229,2026-07-06 17:19:07.229,C3:00:00:63:4D:05,-53,127,3.0,3.5,1.5
1783351147241,2026-07-06 17:19:07.241,C3:00:00:63:4D:07,-54,127,3.0,3.5,1.5
1783351147309,2026-07-06 17:19:07.309,C3:00:00:63:4D:0A,-61,127,3.0,3.5,1.5
1783351147312,2026-07-06 17:19:07.312,C3:00:00:63:4D:09,-69,127,3.0,3.5,1.5
1783351147318,2026-07-06 17:19:07.318,C3:00:00:63:4D:04,-60,127,3.0,3.5,1.5
1783351147336,2026-07-06 17:19:07.336,C3:00:00:63:4D:0D,-57,127,3.0,3.5,1.5
1783351147342,2026-07-06 17:19:07.342,C3:00:00:63:4C:D2,-61,127,3.0,3.5,1.5
1783351147346,2026-07-06 17:19:07.346,C3:00:00:63:4D:07,-56,127,3.0,3.5,1.5
1783351147361,2026-07-06 17:19:07.361,C3:00:00:63:4D:09,-62,127,3.0,3.5,1.5
1783351147408,2026-07-06 17:19:07.408,C3:00:00:63:4D:0A,-63,127,3.0,3.5,1.5
1783351147415,2026-07-06 17:19:07.415,C3:00:00:63:4D:04,-55,127,3.0,3.5,1.5
1783351147439,2026-07-06 17:19:07.439,C3:00:00:63:4D:09,-62,127,3.0,3.5,1.5
1783351147443,2026-07-06 17:19:07.443,C3:00:00:63:4D:0D,-49,127,3.0,3.5,1.5
1783351147446,2026-07-06 17:19:07.446,C3:00:00:63:4C:D2,-54,127,3.0,3.5,1.5
1783351147450,2026-07-06 17:19:07.450,C3:00:00:63:4D:08,-66,127,3.0,3.5,1.5
1783351147467,2026-07-06 17:19:07.467,C3:00:00:63:4D:08,-66,127,3.0,3.5,1.5
1783351147510,2026-07-06 17:19:07.510,C3:00:00:63:4D:0A,-62,127,3.0,3.5,1.5
1783351147517,2026-07-06 17:19:07.517,C3:00:00:63:4D:04,-56,127,3.0,3.5,1.5
1783351147525,2026-07-06 17:19:07.525,C3:00:00:63:4D:0D,-49,127,3.0,3.5,1.5
1783351147531,2026-07-06 17:19:07.531,C3:00:00:63:4D:05,-54,127,3.0,3.5,1.5
1783351147537,2026-07-06 17:19:07.537,C3:00:00:63:4D:09,-69,127,3.0,3.5,1.5
1783351147541,2026-07-06 17:19:07.541,C3:00:00:63:4D:07,-54,127,3.0,3.5,1.5
1783351147545,2026-07-06 17:19:07.545,C3:00:00:63:4C:D2,-60,127,3.0,3.5,1.5
1783351147547,2026-07-06 17:19:07.547,C3:00:00:63:4D:0D,-57,127,3.0,3.5,1.5
1783351147560,2026-07-06 17:19:07.560,C3:00:00:63:4D:08,-61,127,3.0,3.5,1.5
1783351147593,2026-07-06 17:19:07.593,C3:00:00:63:4D:07,-54,127,3.0,3.5,1.5
1783351147610,2026-07-06 17:19:07.610,C3:00:00:63:4D:0A,-61,127,3.0,3.5,1.5
1783351147618,2026-07-06 17:19:07.618,C3:00:00:63:4D:04,-60,127,3.0,3.5,1.5
1783351147636,2026-07-06 17:19:07.636,C3:00:00:63:4D:05,-59,127,3.0,3.5,1.5
1783351147641,2026-07-06 17:19:07.641,C3:00:00:63:4D:07,-56,127,3.0,3.5,1.5
1783351147657,2026-07-06 17:19:07.657,C3:00:00:63:4D:09,-62,127,3.0,3.5,1.5
1783351147661,2026-07-06 17:19:07.661,C3:00:00:63:4C:D2,-61,127,3.0,3.5,1.5
1783351147667,2026-07-06 17:19:07.667,C3:00:00:63:4D:0D,-56,127,3.0,3.5,1.5
1783351147680,2026-07-06 17:19:07.680,C3:00:00:63:4D:08,-57,127,3.0,3.5,1.5
1783351147698,2026-07-06 17:19:07.698,C3:00:00:63:4D:0D,-57,127,3.0,3.5,1.5
1783351147717,2026-07-06 17:19:07.717,C3:00:00:63:4D:0A,-63,127,3.0,3.5,1.5
1783351147724,2026-07-06 17:19:07.724,C3:00:00:63:4D:04,-55,127,3.0,3.5,1.5
1783351147733,2026-07-06 17:19:07.733,C3:00:00:63:4D:05,-58,127,3.0,3.5,1.5
1783351147746,2026-07-06 17:19:07.746,C3:00:00:63:4D:07,-58,127,3.0,3.5,1.5
1783351147753,2026-07-06 17:19:07.753,C3:00:00:63:4D:04,-57,127,3.0,3.5,1.5
1783351147758,2026-07-06 17:19:07.758,C3:00:00:63:4C:D2,-54,127,3.0,3.5,1.5
1783351147800,2026-07-06 17:19:07.800,C3:00:00:63:4D:08,-66,127,3.0,3.5,1.5
1783351147824,2026-07-06 17:19:07.824,C3:00:00:63:4D:04,-56,127,3.0,3.5,1.5
1783351147829,2026-07-06 17:19:07.829,C3:00:00:63:4D:0A,-62,127,3.0,3.5,1.5
1783351147833,2026-07-06 17:19:07.833,C3:00:00:63:4D:07,-54,127,3.0,3.5,1.5
1783351147837,2026-07-06 17:19:07.837,C3:00:00:63:4D:05,-54,127,3.0,3.5,1.5
1783351147849,2026-07-06 17:19:07.849,C3:00:00:63:4D:07,-54,127,3.0,3.5,1.5
1783351147868,2026-07-06 17:19:07.868,C3:00:00:63:4D:0D,-58,127,3.0,3.5,1.5
1783351147873,2026-07-06 17:19:07.873,C3:00:00:63:4D:09,-69,127,3.0,3.5,1.5
1783351147891,2026-07-06 17:19:07.891,C3:00:00:63:4C:D2,-61,127,3.0,3.5,1.5
1783351147905,2026-07-06 17:19:07.905,C3:00:00:63:4D:08,-61,127,3.0,3.5,1.5
1783351147922,2026-07-06 17:19:07.922,C3:00:00:63:4D:04,-60,127,3.0,3.5,1.5
1783351147942,2026-07-06 17:19:07.942,C3:00:00:63:4D:0A,-63,127,3.0,3.5,1.5
1783351147946,2026-07-06 17:19:07.946,C3:00:00:63:4D:05,-59,127,3.0,3.5,1.5
1783351147948,2026-07-06 17:19:07.948,C3:00:00:63:4D:07,-56,127,3.0,3.5,1.5
1783351147973,2026-07-06 17:19:07.973,C3:00:00:63:4C:D2,-61,127,3.0,3.5,1.5
1783351147983,2026-07-06 17:19:07.983,C3:00:00:63:4D:0D,-56,127,3.0,3.5,1.5
1783351147996,2026-07-06 17:19:07.996,C3:00:00:63:4D:09,-62,127,3.0,3.5,1.5
1783351148016,2026-07-06 17:19:08.016,C3:00:00:63:4D:08,-57,127,3.0,3.5,1.5
1783351148035,2026-07-06 17:19:08.035,C3:00:00:63:4D:04,-56,127,3.0,3.5,1.5
1783351148040,2026-07-06 17:19:08.040,C3:00:00:63:4D:0A,-62,127,3.0,3.5,1.5
1783351148044,2026-07-06 17:19:08.044,C3:00:00:63:4D:05,-58,127,3.0,3.5,1.5
1783351148047,2026-07-06 17:19:08.047,C3:00:00:63:4D:08,-66,127,3.0,3.5,1.5
1783351148050,2026-07-06 17:19:08.050,C3:00:00:63:4D:09,-63,127,3.0,3.5,1.5
1783351148052,2026-07-06 17:19:08.052,C3:00:00:63:4D:07,-58,127,3.0,3.5,1.5
1783351148086,2026-07-06 17:19:08.086,C3:00:00:63:4C:D2,-54,127,3.0,3.5,1.5
1783351148091,2026-07-06 17:19:08.091,C3:00:00:63:4D:0D,-49,127,3.0,3.5,1.5
1783351148097,2026-07-06 17:19:08.097,C3:00:00:63:4D:0A,-62,127,3.0,3.5,1.5
1783351148113,2026-07-06 17:19:08.113,C3:00:00:63:4D:09,-63,127,3.0,3.5,1.5
1783351148121,2026-07-06 17:19:08.121,C3:00:00:63:4D:05,-58,127,3.0,3.5,1.5
1783351148139,2026-07-06 17:19:08.139,C3:00:00:63:4D:0A,-61,127,3.0,3.5,1.5
1783351148187,2026-07-06 17:19:08.187,C3:00:00:63:4C:D2,-60,127,3.0,3.5,1.5
1783351148194,2026-07-06 17:19:08.194,C3:00:00:63:4D:0D,-57,127,3.0,3.5,1.5
1783351148222,2026-07-06 17:19:08.222,C3:00:00:63:4D:09,-68,127,3.0,3.5,1.5
1783351148233,2026-07-06 17:19:08.233,C3:00:00:63:4D:04,-55,127,3.0,3.5,1.5
1783351148243,2026-07-06 17:19:08.243,C3:00:00:63:4D:07,-56,127,3.0,3.5,1.5
1783351148246,2026-07-06 17:19:08.246,C3:00:00:63:4D:05,-59,127,3.0,3.5,1.5
1783351148257,2026-07-06 17:19:08.257,C3:00:00:63:4D:08,-56,127,3.0,3.5,1.5
1783351148289,2026-07-06 17:19:08.289,C3:00:00:63:4C:D2,-61,127,3.0,3.5,1.5
1783351148308,2026-07-06 17:19:08.308,C3:00:00:63:4D:0D,-57,127,3.0,3.5,1.5
1783351148316,2026-07-06 17:19:08.316,C3:00:00:63:4D:04,-56,127,3.0,3.5,1.5
1783351148331,2026-07-06 17:19:08.331,C3:00:00:63:4D:04,-63,127,3.0,3.5,1.5
1783351148337,2026-07-06 17:19:08.337,C3:00:00:63:4D:09,-62,127,3.0,3.5,1.5
1783351148349,2026-07-06 17:19:08.349,C3:00:00:63:4D:05,-58,127,3.0,3.5,1.5
1783351148354,2026-07-06 17:19:08.354,C3:00:00:63:4D:07,-58,127,3.0,3.5,1.5
1783351148364,2026-07-06 17:19:08.364,C3:00:00:63:4D:05,-58,127,3.0,3.5,1.5
1783351148365,2026-07-06 17:19:08.365,C3:00:00:63:4D:08,-67,127,3.0,3.5,1.5
1783351148398,2026-07-06 17:19:08.398,C3:00:00:63:4C:D2,-54,127,3.0,3.5,1.5
1783351148414,2026-07-06 17:19:08.414,C3:00:00:63:4D:0D,-49,127,3.0,3.5,1.5
1783351148442,2026-07-06 17:19:08.442,C3:00:00:63:4D:05,-55,127,3.0,3.5,1.5
1783351148449,2026-07-06 17:19:08.449,C3:00:00:63:4D:07,-54,127,3.0,3.5,1.5
1783351148453,2026-07-06 17:19:08.453,C3:00:00:63:4D:0A,-61,127,3.0,3.5,1.5
1783351148496,2026-07-06 17:19:08.496,C3:00:00:63:4C:D2,-60,127,3.0,3.5,1.5
1783351148517,2026-07-06 17:19:08.517,C3:00:00:63:4D:0D,-58,127,3.0,3.5,1.5
1783351148539,2026-07-06 17:19:08.539,C3:00:00:63:4D:04,-55,127,3.0,3.5,1.5
1783351148543,2026-07-06 17:19:08.543,C3:00:00:63:4D:05,-58,127,3.0,3.5,1.5
1783351148556,2026-07-06 17:19:08.556,C3:00:00:63:4D:0A,-63,127,3.0,3.5,1.5
1783351148562,2026-07-06 17:19:08.562,C3:00:00:63:4D:04,-55,127,3.0,3.5,1.5
1783351148566,2026-07-06 17:19:08.566,C3:00:00:63:4D:09,-61,127,3.0,3.5,1.5
1783351148606,2026-07-06 17:19:08.606,C3:00:00:63:4D:08,-56,127,3.0,3.5,1.5
1783351148608,2026-07-06 17:19:08.608,C3:00:00:63:4C:D2,-60,127,3.0,3.5,1.5
1783351148623,2026-07-06 17:19:08.623,C3:00:00:63:4D:0D,-56,127,3.0,3.5,1.5
1783351148643,2026-07-06 17:19:08.643,C3:00:00:63:4D:07,-58,127,3.0,3.5,1.5
1783351148647,2026-07-06 17:19:08.647,C3:00:00:63:4D:04,-56,127,3.0,3.5,1.5
1783351148669,2026-07-06 17:19:08.669,C3:00:00:63:4D:0A,-62,127,3.0,3.5,1.5
1783351148676,2026-07-06 17:19:08.676,C3:00:00:63:4D:09,-63,127,3.0,3.5,1.5
1783351148698,2026-07-06 17:19:08.698,C3:00:00:63:4D:07,-59,127,3.0,3.5,1.5
1783351148712,2026-07-06 17:19:08.712,C3:00:00:63:4D:08,-64,127,3.0,3.5,1.5
1783351148734,2026-07-06 17:19:08.734,C3:00:00:63:4D:0D,-57,127,3.0,3.5,1.5
1783351148739,2026-07-06 17:19:08.739,C3:00:00:63:4D:07,-54,127,3.0,3.5,1.5
1783351148744,2026-07-06 17:19:08.744,C3:00:00:63:4D:05,-54,127,3.0,3.5,1.5
1783351148756,2026-07-06 17:19:08.756,C3:00:00:63:4D:04,-59,127,3.0,3.5,1.5
1783351148775,2026-07-06 17:19:08.775,C3:00:00:63:4D:0A,-61,127,3.0,3.5,1.5
1783351148787,2026-07-06 17:19:08.787,C3:00:00:63:4D:09,-66,127,3.0,3.5,1.5
1783351148818,2026-07-06 17:19:08.818,C3:00:00:63:4C:D2,-60,127,3.0,3.5,1.5
1783351148822,2026-07-06 17:19:08.822,C3:00:00:63:4D:08,-62,127,3.0,3.5,1.5
1783351148841,2026-07-06 17:19:08.841,C3:00:00:63:4D:07,-56,127,3.0,3.5,1.5
1783351148846,2026-07-06 17:19:08.846,C3:00:00:63:4D:05,-58,127,3.0,3.5,1.5
1783351148851,2026-07-06 17:19:08.851,C3:00:00:63:4D:0D,-57,127,3.0,3.5,1.5
1783351148856,2026-07-06 17:19:08.856,C3:00:00:63:4D:04,-55,127,3.0,3.5,1.5
1783351148873,2026-07-06 17:19:08.873,C3:00:00:63:4D:0A,-64,127,3.0,3.5,1.5
1783351148928,2026-07-06 17:19:08.928,C3:00:00:63:4C:D2,-60,127,3.0,3.5,1.5
1783351148958,2026-07-06 17:19:08.958,C3:00:00:63:4D:04,-57,127,3.0,3.5,1.5
1783351148987,2026-07-06 17:19:08.987,C3:00:00:63:4D:0A,-63,127,3.0,3.5,1.5
1783351149026,2026-07-06 17:19:09.026,C3:00:00:63:4D:09,-63,127,3.0,3.5,1.5
1783351149031,2026-07-06 17:19:09.031,C3:00:00:63:4C:D2,-61,127,3.0,3.5,1.5
1783351149044,2026-07-06 17:19:09.044,C3:00:00:63:4D:05,-55,127,3.0,3.5,1.5
1783351149086,2026-07-06 17:19:09.086,C3:00:00:63:4D:0A,-61,127,3.0,3.5,1.5
1783351149090,2026-07-06 17:19:09.090,C3:00:00:63:4D:0D,-58,127,3.0,3.5,1.5
1783351149134,2026-07-06 17:19:09.134,C3:00:00:63:4D:09,-63,127,3.0,3.5,1.5
1783351149139,2026-07-06 17:19:09.139,C3:00:00:63:4D:07,-56,127,3.0,3.5,1.5
1783351149144,2026-07-06 17:19:09.144,C3:00:00:63:4C:D2,-60,127,3.0,3.5,1.5
1783351149156,2026-07-06 17:19:09.156,C3:00:00:63:4D:05,-58,127,3.0,3.5,1.5
1783351149161,2026-07-06 17:19:09.161,C3:00:00:63:4D:04,-54,127,3.0,3.5,1.5
1783351149191,2026-07-06 17:19:09.191,C3:00:00:63:4D:0A,-62,127,3.0,3.5,1.5
1783351149250,2026-07-06 17:19:09.250,C3:00:00:63:4C:D2,-53,127,3.0,3.5,1.5
1783351149254,2026-07-06 17:19:09.254,C3:00:00:63:4D:09,-63,127,3.0,3.5,1.5
1783351149259,2026-07-06 17:19:09.259,C3:00:00:63:4D:05,-58,127,3.0,3.5,1.5
1783351149264,2026-07-06 17:19:09.264,C3:00:00:63:4D:04,-56,127,3.0,3.5,1.5
1783351149276,2026-07-06 17:19:09.276,C3:00:00:63:4D:0D,-50,127,3.0,3.5,1.5
1783351149291,2026-07-06 17:19:09.291,C3:00:00:63:4D:0A,-62,127,3.0,3.5,1.5
1783351149294,2026-07-06 17:19:09.294,C3:00:00:63:4D:08,-66,127,3.0,3.5,1.5
1783351149348,2026-07-06 17:19:09.348,C3:00:00:63:4D:07,-54,127,3.0,3.5,1.5
1783351149353,2026-07-06 17:19:09.353,C3:00:00:63:4C:D2,-60,127,3.0,3.5,1.5
1783351149357,2026-07-06 17:19:09.357,C3:00:00:63:4D:05,-54,127,3.0,3.5,1.5
1783351149362,2026-07-06 17:19:09.362,C3:00:00:63:4D:09,-66,127,3.0,3.5,1.5
1783351149370,2026-07-06 17:19:09.370,C3:00:00:63:4D:04,-59,127,3.0,3.5,1.5
1783351149375,2026-07-06 17:19:09.375,C3:00:00:63:4D:0D,-58,127,3.0,3.5,1.5
1783351149378,2026-07-06 17:19:09.378,C3:00:00:63:4D:09,-66,127,3.0,3.5,1.5
1783351149397,2026-07-06 17:19:09.397,C3:00:00:63:4D:0A,-61,127,3.0,3.5,1.5
1783351149403,2026-07-06 17:19:09.403,C3:00:00:63:4D:08,-60,127,3.0,3.5,1.5
1783351149446,2026-07-06 17:19:09.446,C3:00:00:63:4D:07,-57,127,3.0,3.5,1.5
1783351149470,2026-07-06 17:19:09.470,C3:00:00:63:4D:09,-62,127,3.0,3.5,1.5
1783351149489,2026-07-06 17:19:09.489,C3:00:00:63:4D:0D,-58,127,3.0,3.5,1.5
1783351149497,2026-07-06 17:19:09.497,C3:00:00:63:4D:0A,-63,127,3.0,3.5,1.5
1783351149518,2026-07-06 17:19:09.518,C3:00:00:63:4D:08,-55,127,3.0,3.5,1.5
1783351149548,2026-07-06 17:19:09.548,C3:00:00:63:4D:07,-58,127,3.0,3.5,1.5
1783351149551,2026-07-06 17:19:09.551,C3:00:00:63:4D:05,-62,127,3.0,3.5,1.5
1783351149570,2026-07-06 17:19:09.570,C3:00:00:63:4C:D2,-52,127,3.0,3.5,1.5
1783351149574,2026-07-06 17:19:09.574,C3:00:00:63:4D:05,-55,127,3.0,3.5,1.5
1783351149577,2026-07-06 17:19:09.577,C3:00:00:63:4D:04,-57,127,3.0,3.5,1.5
1783351149581,2026-07-06 17:19:09.581,C3:00:00:63:4C:D2,-53,127,3.0,3.5,1.5
1783351149586,2026-07-06 17:19:09.586,C3:00:00:63:4D:09,-62,127,3.0,3.5,1.5
1783351149602,2026-07-06 17:19:09.602,C3:00:00:63:4D:0D,-49,127,3.0,3.5,1.5
1783351149609,2026-07-06 17:19:09.609,C3:00:00:63:4D:0A,-66,127,3.0,3.5,1.5
1783351149635,2026-07-06 17:19:09.635,C3:00:00:63:4D:08,-60,127,3.0,3.5,1.5
1783351149643,2026-07-06 17:19:09.643,C3:00:00:63:4D:07,-55,127,3.0,3.5,1.5
1783351149654,2026-07-06 17:19:09.654,C3:00:00:63:4D:0A,-69,127,3.0,3.5,1.5
1783351149674,2026-07-06 17:19:09.674,C3:00:00:63:4C:D2,-60,127,3.0,3.5,1.5
1783351149696,2026-07-06 17:19:09.696,C3:00:00:63:4D:09,-65,127,3.0,3.5,1.5
1783351149705,2026-07-06 17:19:09.705,C3:00:00:63:4D:0D,-56,127,3.0,3.5,1.5
1783351149745,2026-07-06 17:19:09.745,C3:00:00:63:4D:07,-57,127,3.0,3.5,1.5
1783351149763,2026-07-06 17:19:09.763,C3:00:00:63:4D:05,-56,127,3.0,3.5,1.5
1783351149781,2026-07-06 17:19:09.781,C3:00:00:63:4C:D2,-59,127,3.0,3.5,1.5
1783351149786,2026-07-06 17:19:09.786,C3:00:00:63:4D:04,-54,127,3.0,3.5,1.5
1783351149818,2026-07-06 17:19:09.818,C3:00:00:63:4D:0D,-58,127,3.0,3.5,1.5
1783351149821,2026-07-06 17:19:09.821,C3:00:00:63:4D:09,-62,127,3.0,3.5,1.5
1783351149846,2026-07-06 17:19:09.846,C3:00:00:63:4D:07,-58,127,3.0,3.5,1.5
1783351149867,2026-07-06 17:19:09.867,C3:00:00:63:4D:05,-55,127,3.0,3.5,1.5
1783351149871,2026-07-06 17:19:09.871,C3:00:00:63:4D:07,-57,127,3.0,3.5,1.5
1783351149875,2026-07-06 17:19:09.875,C3:00:00:63:4C:D2,-52,127,3.0,3.5,1.5
1783351149888,2026-07-06 17:19:09.888,C3:00:00:63:4D:04,-57,127,3.0,3.5,1.5
1783351149892,2026-07-06 17:19:09.892,C3:00:00:63:4C:D2,-53,127,3.0,3.5,1.5
1783351149929,2026-07-06 17:19:09.929,C3:00:00:63:4D:0A,-65,127,3.0,3.5,1.5
1783351149931,2026-07-06 17:19:09.931,C3:00:00:63:4D:0D,-49,127,3.0,3.5,1.5
1783351149938,2026-07-06 17:19:09.938,C3:00:00:63:4D:09,-65,127,3.0,3.5,1.5
1783351149943,2026-07-06 17:19:09.943,C3:00:00:63:4D:07,-55,127,3.0,3.5,1.5
1783351149958,2026-07-06 17:19:09.958,C3:00:00:63:4D:05,-54,127,3.0,3.5,1.5
1783351149980,2026-07-06 17:19:09.980,C3:00:00:63:4D:08,-60,127,3.0,3.5,1.5
1783351149994,2026-07-06 17:19:09.994,C3:00:00:63:4D:04,-59,127,3.0,3.5,1.5
1783351150038,2026-07-06 17:19:10.038,C3:00:00:63:4D:0D,-58,127,3.0,3.5,1.5
1783351150063,2026-07-06 17:19:10.063,C3:00:00:63:4D:0A,-64,127,3.0,3.5,1.5
1783351150067,2026-07-06 17:19:10.067,C3:00:00:63:4D:09,-62,127,3.0,3.5,1.5
1783351150075,2026-07-06 17:19:10.075,C3:00:00:63:4C:D2,-67,127,3.0,3.5,1.5
1783351150097,2026-07-06 17:19:10.097,C3:00:00:63:4D:04,-54,127,3.0,3.5,1.5
1783351150100,2026-07-06 17:19:10.100,C3:00:00:63:4C:D2,-59,127,3.0,3.5,1.5
1783351150142,2026-07-06 17:19:10.142,C3:00:00:63:4D:0A,-65,127,3.0,3.5,1.5
1783351150166,2026-07-06 17:19:10.166,C3:00:00:63:4D:09,-62,127,3.0,3.5,1.5
1783351150245,2026-07-06 17:19:10.245,C3:00:00:63:4D:0A,-62,127,3.0,3.5,1.5
1783351150250,2026-07-06 17:19:10.250,C3:00:00:63:4D:0D,-56,127,3.0,3.5,1.5
1783351150256,2026-07-06 17:19:10.256,C3:00:00:63:4D:07,-55,127,3.0,3.5,1.5
1783351150263,2026-07-06 17:19:10.263,C3:00:00:63:4D:05,-54,127,3.0,3.5,1.5
1783351150276,2026-07-06 17:19:10.276,C3:00:00:63:4D:09,-65,127,3.0,3.5,1.5
1783351150291,2026-07-06 17:19:10.291,C3:00:00:63:4D:04,-59,127,3.0,3.5,1.5
1783351150307,2026-07-06 17:19:10.307,C3:00:00:63:4C:D2,-60,127,3.0,3.5,1.5
1783351150343,2026-07-06 17:19:10.343,C3:00:00:63:4D:07,-57,127,3.0,3.5,1.5
1783351150351,2026-07-06 17:19:10.351,C3:00:00:63:4D:0A,-64,127,3.0,3.5,1.5
1783351150355,2026-07-06 17:19:10.355,C3:00:00:63:4D:0D,-58,127,3.0,3.5,1.5
1783351150369,2026-07-06 17:19:10.369,C3:00:00:63:4D:05,-56,127,3.0,3.5,1.5
1783351150383,2026-07-06 17:19:10.383,C3:00:00:63:4D:05,-57,127,3.0,3.5,1.5
1783351150387,2026-07-06 17:19:10.387,C3:00:00:63:4D:09,-62,127,3.0,3.5,1.5
1783351150395,2026-07-06 17:19:10.395,C3:00:00:63:4D:04,-54,127,3.0,3.5,1.5
1783351150449,2026-07-06 17:19:10.449,C3:00:00:63:4D:08,-66,127,3.0,3.5,1.5
1783351150452,2026-07-06 17:19:10.452,C3:00:00:63:4D:07,-56,127,3.0,3.5,1.5
1783351150501,2026-07-06 17:19:10.501,C3:00:00:63:4D:09,-62,127,3.0,3.5,1.5
1783351150521,2026-07-06 17:19:10.521,C3:00:00:63:4C:D2,-53,127,3.0,3.5,1.5
1783351150539,2026-07-06 17:19:10.539,C3:00:00:63:4D:07,-55,127,3.0,3.5,1.5
1783351150566,2026-07-06 17:19:10.566,C3:00:00:63:4D:05,-54,127,3.0,3.5,1.5
1783351150612,2026-07-06 17:19:10.612,C3:00:00:63:4D:04,-58,127,3.0,3.5,1.5
1783351150632,2026-07-06 17:19:10.632,C3:00:00:63:4C:D2,-60,127,3.0,3.5,1.5
1783351150646,2026-07-06 17:19:10.646,C3:00:00:63:4D:07,-57,127,3.0,3.5,1.5
1783351150661,2026-07-06 17:19:10.661,C3:00:00:63:4D:0A,-64,127,3.0,3.5,1.5
1783351150666,2026-07-06 17:19:10.666,C3:00:00:63:4D:05,-57,127,3.0,3.5,1.5
1783351150670,2026-07-06 17:19:10.670,C3:00:00:63:4D:08,-55,127,3.0,3.5,1.5
1783351150686,2026-07-06 17:19:10.686,C3:00:00:63:4D:0D,-58,127,3.0,3.5,1.5
1783351150733,2026-07-06 17:19:10.733,C3:00:00:63:4D:09,-61,127,3.0,3.5,1.5
1783351150759,2026-07-06 17:19:10.759,C3:00:00:63:4D:07,-58,127,3.0,3.5,1.5
1783351150767,2026-07-06 17:19:10.767,C3:00:00:63:4D:0A,-64,127,3.0,3.5,1.5
1783351150772,2026-07-06 17:19:10.772,C3:00:00:63:4D:05,-55,127,3.0,3.5,1.5
1783351150787,2026-07-06 17:19:10.787,C3:00:00:63:4D:0D,-50,127,3.0,3.5,1.5
1783351150810,2026-07-06 17:19:10.810,C3:00:00:63:4D:04,-57,127,3.0,3.5,1.5
1783351150836,2026-07-06 17:19:10.836,C3:00:00:63:4D:09,-66,127,3.0,3.5,1.5
1783351150840,2026-07-06 17:19:10.840,C3:00:00:63:4C:D2,-60,127,3.0,3.5,1.5
1783351150844,2026-07-06 17:19:10.844,C3:00:00:63:4D:07,-55,127,3.0,3.5,1.5
1783351150866,2026-07-06 17:19:10.866,C3:00:00:63:4C:D2,-61,127,3.0,3.5,1.5
1783351150868,2026-07-06 17:19:10.868,C3:00:00:63:4D:0A,-61,127,3.0,3.5,1.5
1783351150869,2026-07-06 17:19:10.869,C3:00:00:63:4D:05,-54,127,3.0,3.5,1.5
1783351150897,2026-07-06 17:19:10.897,C3:00:00:63:4D:0D,-58,127,3.0,3.5,1.5
1783351150901,2026-07-06 17:19:10.901,C3:00:00:63:4D:08,-61,127,3.0,3.5,1.5
1783351150911,2026-07-06 17:19:10.911,C3:00:00:63:4D:04,-58,127,3.0,3.5,1.5
1783351150938,2026-07-06 17:19:10.938,C3:00:00:63:4C:D2,-60,127,3.0,3.5,1.5
1783351150943,2026-07-06 17:19:10.943,C3:00:00:63:4D:0A,-64,127,3.0,3.5,1.5
1783351150947,2026-07-06 17:19:10.947,C3:00:00:63:4D:07,-57,127,3.0,3.5,1.5
1783351150962,2026-07-06 17:19:10.962,C3:00:00:63:4D:09,-61,127,3.0,3.5,1.5
1783351150970,2026-07-06 17:19:10.970,C3:00:00:63:4D:0A,-64,127,3.0,3.5,1.5
1783351150981,2026-07-06 17:19:10.981,C3:00:00:63:4D:05,-56,127,3.0,3.5,1.5
1783351151006,2026-07-06 17:19:11.006,C3:00:00:63:4D:0D,-58,127,3.0,3.5,1.5
1783351151016,2026-07-06 17:19:11.016,C3:00:00:63:4D:08,-55,127,3.0,3.5,1.5
1783351151020,2026-07-06 17:19:11.020,C3:00:00:63:4D:04,-55,127,3.0,3.5,1.5
1783351151044,2026-07-06 17:19:11.044,C3:00:00:63:4D:07,-58,127,3.0,3.5,1.5
1783351151049,2026-07-06 17:19:11.049,C3:00:00:63:4C:D2,-53,127,3.0,3.5,1.5
1783351151066,2026-07-06 17:19:11.066,C3:00:00:63:4D:0D,-50,127,3.0,3.5,1.5
1783351151076,2026-07-06 17:19:11.076,C3:00:00:63:4D:05,-55,127,3.0,3.5,1.5
1783351151079,2026-07-06 17:19:11.079,C3:00:00:63:4D:0A,-65,127,3.0,3.5,1.5
1783351151085,2026-07-06 17:19:11.085,C3:00:00:63:4D:0D,-58,127,3.0,3.5,1.5
1783351151115,2026-07-06 17:19:11.115,C3:00:00:63:4D:0D,-49,127,3.0,3.5,1.5
1783351151126,2026-07-06 17:19:11.126,C3:00:00:63:4D:04,-57,127,3.0,3.5,1.5
1783351151132,2026-07-06 17:19:11.132,C3:00:00:63:4D:08,-67,127,3.0,3.5,1.5
1783351151148,2026-07-06 17:19:11.148,C3:00:00:63:4D:07,-55,127,3.0,3.5,1.5
1783351151153,2026-07-06 17:19:11.153,C3:00:00:63:4C:D2,-60,127,3.0,3.5,1.5
1783351151174,2026-07-06 17:19:11.174,C3:00:00:63:4D:05,-54,127,3.0,3.5,1.5
1783351151208,2026-07-06 17:19:11.208,C3:00:00:63:4D:09,-65,127,3.0,3.5,1.5
1783351151216,2026-07-06 17:19:11.216,C3:00:00:63:4D:0D,-56,127,3.0,3.5,1.5
1783351151219,2026-07-06 17:19:11.219,C3:00:00:63:4D:04,-58,127,3.0,3.5,1.5
1783351151238,2026-07-06 17:19:11.238,C3:00:00:63:4D:07,-57,127,3.0,3.5,1.5
1783351151242,2026-07-06 17:19:11.242,C3:00:00:63:4D:08,-55,127,3.0,3.5,1.5
1783351151255,2026-07-06 17:19:11.255,C3:00:00:63:4C:D2,-61,127,3.0,3.5,1.5
1783351151276,2026-07-06 17:19:11.276,C3:00:00:63:4D:05,-58,127,3.0,3.5,1.5
1783351151295,2026-07-06 17:19:11.295,C3:00:00:63:4D:0A,-63,127,3.0,3.5,1.5
1783351151301,2026-07-06 17:19:11.301,C3:00:00:63:4D:09,-61,127,3.0,3.5,1.5
1783351151349,2026-07-06 17:19:11.349,C3:00:00:63:4D:07,-58,127,3.0,3.5,1.5
1783351151359,2026-07-06 17:19:11.359,C3:00:00:63:4D:08,-70,127,3.0,3.5,1.5
1783351151370,2026-07-06 17:19:11.370,C3:00:00:63:4C:D2,-53,127,3.0,3.5,1.5
1783351151379,2026-07-06 17:19:11.379,C3:00:00:63:4D:05,-55,127,3.0,3.5,1.5
1783351151392,2026-07-06 17:19:11.392,C3:00:00:63:4D:09,-60,127,3.0,3.5,1.5
1783351151394,2026-07-06 17:19:11.394,C3:00:00:63:4D:0A,-65,127,3.0,3.5,1.5
1783351151409,2026-07-06 17:19:11.409,C3:00:00:63:4D:09,-60,127,3.0,3.5,1.5
1783351151437,2026-07-06 17:19:11.437,C3:00:00:63:4D:0D,-56,127,3.0,3.5,1.5
1783351151442,2026-07-06 17:19:11.442,C3:00:00:63:4D:07,-55,127,3.0,3.5,1.5
1783351151476,2026-07-06 17:19:11.476,C3:00:00:63:4C:D2,-60,127,3.0,3.5,1.5
1783351151478,2026-07-06 17:19:11.478,C3:00:00:63:4D:08,-63,127,3.0,3.5,1.5
1783351151482,2026-07-06 17:19:11.482,C3:00:00:63:4D:05,-54,127,3.0,3.5,1.5
1783351151495,2026-07-06 17:19:11.495,C3:00:00:63:4D:08,-62,127,3.0,3.5,1.5
1783351151531,2026-07-06 17:19:11.531,C3:00:00:63:4D:04,-55,127,3.0,3.5,1.5
1783351151535,2026-07-06 17:19:11.535,C3:00:00:63:4D:0D,-58,127,3.0,3.5,1.5
1783351151540,2026-07-06 17:19:11.540,C3:00:00:63:4D:07,-57,127,3.0,3.5,1.5
1783351151551,2026-07-06 17:19:11.551,C3:00:00:63:4D:0D,-58,127,3.0,3.5,1.5
1783351151575,2026-07-06 17:19:11.575,C3:00:00:63:4D:05,-58,127,3.0,3.5,1.5
1783351151584,2026-07-06 17:19:11.584,C3:00:00:63:4D:08,-56,127,3.0,3.5,1.5
1783351151636,2026-07-06 17:19:11.636,C3:00:00:63:4D:04,-57,127,3.0,3.5,1.5
1783351151641,2026-07-06 17:19:11.641,C3:00:00:63:4D:09,-62,127,3.0,3.5,1.5
1783351151653,2026-07-06 17:19:11.653,C3:00:00:63:4D:07,-58,127,3.0,3.5,1.5
1783351151658,2026-07-06 17:19:11.658,C3:00:00:63:4D:0D,-49,127,3.0,3.5,1.5
1783351151677,2026-07-06 17:19:11.677,C3:00:00:63:4C:D2,-54,127,3.0,3.5,1.5
1783351151726,2026-07-06 17:19:11.726,C3:00:00:63:4D:0D,-49,127,3.0,3.5,1.5
1783351151748,2026-07-06 17:19:11.748,C3:00:00:63:4D:04,-59,127,3.0,3.5,1.5
1783351151753,2026-07-06 17:19:11.753,C3:00:00:63:4D:07,-54,127,3.0,3.5,1.5
1783351151756,2026-07-06 17:19:11.756,C3:00:00:63:4D:0D,-57,127,3.0,3.5,1.5
1783351151780,2026-07-06 17:19:11.780,C3:00:00:63:4D:05,-55,127,3.0,3.5,1.5
1783351151787,2026-07-06 17:19:11.787,C3:00:00:63:4C:D2,-62,127,3.0,3.5,1.5
1783351151868,2026-07-06 17:19:11.868,C3:00:00:63:4D:0D,-58,127,3.0,3.5,1.5
1783351151872,2026-07-06 17:19:11.872,C3:00:00:63:4D:07,-58,127,3.0,3.5,1.5
1783351151876,2026-07-06 17:19:11.876,C3:00:00:63:4D:09,-64,127,3.0,3.5,1.5
1783351151880,2026-07-06 17:19:11.880,C3:00:00:63:4C:D2,-61,127,3.0,3.5,1.5
1783351151950,2026-07-06 17:19:11.950,C3:00:00:63:4D:07,-59,127,3.0,3.5,1.5
1783351151955,2026-07-06 17:19:11.955,C3:00:00:63:4D:04,-58,127,3.0,3.5,1.5
1783351152037,2026-07-06 17:19:12.037,C3:00:00:63:4D:07,-55,127,3.0,3.5,1.5
1783351152051,2026-07-06 17:19:12.051,C3:00:00:63:4D:09,-64,127,3.0,3.5,1.5
1783351152134,2026-07-06 17:19:12.134,C3:00:00:63:4D:0A,-64,127,3.0,3.5,1.5
1783351152138,2026-07-06 17:19:12.138,C3:00:00:63:4D:07,-58,127,3.0,3.5,1.5
1783351152145,2026-07-06 17:19:12.145,C3:00:00:63:4D:05,-56,127,3.0,3.5,1.5
1783351152306,2026-07-06 17:19:12.306,C3:00:00:63:4D:08,-72,127,3.0,3.5,1.5
1783351152317,2026-07-06 17:19:12.317,C3:00:00:63:4C:D2,-54,127,3.0,3.5,1.5
1783351152403,2026-07-06 17:19:12.403,C3:00:00:63:4D:0D,-55,127,3.0,3.5,1.5
1783351152409,2026-07-06 17:19:12.409,C3:00:00:63:4D:05,-54,127,3.0,3.5,1.5
1783351152428,2026-07-06 17:19:12.428,C3:00:00:63:4C:D2,-61,127,3.0,3.5,1.5
1783351152441,2026-07-06 17:19:12.441,C3:00:00:63:4D:0A,-65,127,3.0,3.5,1.5
1783351152457,2026-07-06 17:19:12.457,C3:00:00:63:4D:04,-55,127,3.0,3.5,1.5
1783351152482,2026-07-06 17:19:12.482,C3:00:00:63:4D:05,-56,127,3.0,3.5,1.5
1783351152507,2026-07-06 17:19:12.507,C3:00:00:63:4D:08,-56,127,3.0,3.5,1.5
1783351152514,2026-07-06 17:19:12.514,C3:00:00:63:4D:0D,-59,127,3.0,3.5,1.5
1783351152526,2026-07-06 17:19:12.526,C3:00:00:63:4C:D2,-60,127,3.0,3.5,1.5
1783351152547,2026-07-06 17:19:12.547,C3:00:00:63:4D:0A,-63,127,3.0,3.5,1.5
1783351152555,2026-07-06 17:19:12.555,C3:00:00:63:4D:09,-62,127,3.0,3.5,1.5
1783351152558,2026-07-06 17:19:12.558,C3:00:00:63:4D:04,-56,127,3.0,3.5,1.5
1783351152577,2026-07-06 17:19:12.577,C3:00:00:63:4D:04,-57,127,3.0,3.5,1.5
1783351152585,2026-07-06 17:19:12.585,C3:00:00:63:4D:05,-55,127,3.0,3.5,1.5
1783351152620,2026-07-06 17:19:12.620,C3:00:00:63:4D:0D,-50,127,3.0,3.5,1.5
1783351152638,2026-07-06 17:19:12.638,C3:00:00:63:4D:07,-55,127,3.0,3.5,1.5
1783351152662,2026-07-06 17:19:12.662,C3:00:00:63:4D:04,-59,127,3.0,3.5,1.5
1783351152666,2026-07-06 17:19:12.666,C3:00:00:63:4D:09,-64,127,3.0,3.5,1.5
1783351152685,2026-07-06 17:19:12.685,C3:00:00:63:4D:05,-54,127,3.0,3.5,1.5
1783351152722,2026-07-06 17:19:12.722,C3:00:00:63:4D:07,-55,127,3.0,3.5,1.5
1783351152726,2026-07-06 17:19:12.726,C3:00:00:63:4D:0D,-55,127,3.0,3.5,1.5
1783351152733,2026-07-06 17:19:12.733,C3:00:00:63:4D:08,-56,127,3.0,3.5,1.5
1783351152753,2026-07-06 17:19:12.753,C3:00:00:63:4D:0A,-65,127,3.0,3.5,1.5
1783351152759,2026-07-06 17:19:12.759,C3:00:00:63:4D:07,-64,127,3.0,3.5,1.5
1783351152767,2026-07-06 17:19:12.767,C3:00:00:63:4D:04,-55,127,3.0,3.5,1.5
1783351152782,2026-07-06 17:19:12.782,C3:00:00:63:4D:09,-62,127,3.0,3.5,1.5
1783351152839,2026-07-06 17:19:12.839,C3:00:00:63:4D:0D,-50,127,3.0,3.5,1.5
1783351152848,2026-07-06 17:19:12.848,C3:00:00:63:4C:D2,-53,127,3.0,3.5,1.5
1783351152874,2026-07-06 17:19:12.874,C3:00:00:63:4D:04,-56,127,3.0,3.5,1.5
1783351152878,2026-07-06 17:19:12.878,C3:00:00:63:4C:D2,-53,127,3.0,3.5,1.5
1783351152938,2026-07-06 17:19:12.938,C3:00:00:63:4D:0A,-59,127,3.0,3.5,1.5
1783351152942,2026-07-06 17:19:12.942,C3:00:00:63:4D:07,-54,127,3.0,3.5,1.5
1783351152946,2026-07-06 17:19:12.946,C3:00:00:63:4D:0D,-56,127,3.0,3.5,1.5
1783351152952,2026-07-06 17:19:12.952,C3:00:00:63:4C:D2,-61,127,3.0,3.5,1.5
1783351152967,2026-07-06 17:19:12.967,C3:00:00:63:4D:0A,-59,127,3.0,3.5,1.5
1783351152972,2026-07-06 17:19:12.972,C3:00:00:63:4D:08,-60,127,3.0,3.5,1.5
1783351152976,2026-07-06 17:19:12.976,C3:00:00:63:4D:04,-59,127,3.0,3.5,1.5
1783351152992,2026-07-06 17:19:12.992,C3:00:00:63:4D:05,-54,127,3.0,3.5,1.5
1783351153004,2026-07-06 17:19:13.004,C3:00:00:63:4D:09,-64,127,3.0,3.5,1.5
1783351153044,2026-07-06 17:19:13.044,C3:00:00:63:4D:07,-57,127,3.0,3.5,1.5
1783351153047,2026-07-06 17:19:13.047,C3:00:00:63:4D:05,-58,127,3.0,3.5,1.5
1783351153051,2026-07-06 17:19:13.051,C3:00:00:63:4D:0D,-57,127,3.0,3.5,1.5
1783351153069,2026-07-06 17:19:13.069,C3:00:00:63:4C:D2,-61,127,3.0,3.5,1.5
1783351153072,2026-07-06 17:19:13.072,C3:00:00:63:4D:0A,-64,127,3.0,3.5,1.5
1783351153083,2026-07-06 17:19:13.083,C3:00:00:63:4D:04,-55,127,3.0,3.5,1.5
1783351153087,2026-07-06 17:19:13.087,C3:00:00:63:4D:08,-56,127,3.0,3.5,1.5
1783351153089,2026-07-06 17:19:13.089,C3:00:00:63:4D:05,-58,127,3.0,3.5,1.5
1783351153121,2026-07-06 17:19:13.121,C3:00:00:63:4D:09,-62,127,3.0,3.5,1.5
1783351153163,2026-07-06 17:19:13.163,C3:00:00:63:4D:0D,-50,127,3.0,3.5,1.5
1783351153168,2026-07-06 17:19:13.168,C3:00:00:63:4C:D2,-54,127,3.0,3.5,1.5
1783351153184,2026-07-06 17:19:13.184,C3:00:00:63:4D:0A,-63,127,3.0,3.5,1.5
1783351153186,2026-07-06 17:19:13.186,C3:00:00:63:4D:04,-56,127,3.0,3.5,1.5
1783351153190,2026-07-06 17:19:13.190,C3:00:00:63:4D:05,-58,127,3.0,3.5,1.5
1783351153194,2026-07-06 17:19:13.194,C3:00:00:63:4D:08,-70,127,3.0,3.5,1.5
1783351153239,2026-07-06 17:19:13.239,C3:00:00:63:4D:09,-64,127,3.0,3.5,1.5
1783351153241,2026-07-06 17:19:13.241,C3:00:00:63:4D:07,-54,127,3.0,3.5,1.5
1783351153269,2026-07-06 17:19:13.269,C3:00:00:63:4D:0D,-56,127,3.0,3.5,1.5
1783351153285,2026-07-06 17:19:13.285,C3:00:00:63:4D:04,-59,127,3.0,3.5,1.5
1783351153290,2026-07-06 17:19:13.290,C3:00:00:63:4D:0A,-59,127,3.0,3.5,1.5
1783351153311,2026-07-06 17:19:13.311,C3:00:00:63:4D:08,-60,127,3.0,3.5,1.5
1783351153374,2026-07-06 17:19:13.374,C3:00:00:63:4D:0D,-58,127,3.0,3.5,1.5
1783351153381,2026-07-06 17:19:13.381,C3:00:00:63:4C:D2,-60,127,3.0,3.5,1.5
1783351153385,2026-07-06 17:19:13.385,C3:00:00:63:4D:04,-55,127,3.0,3.5,1.5
1783351153402,2026-07-06 17:19:13.402,C3:00:00:63:4D:05,-56,127,3.0,3.5,1.5
1783351153425,2026-07-06 17:19:13.425,C3:00:00:63:4D:08,-56,127,3.0,3.5,1.5
1783351153446,2026-07-06 17:19:13.446,C3:00:00:63:4D:07,-59,127,3.0,3.5,1.5
1783351153465,2026-07-06 17:19:13.465,C3:00:00:63:4D:08,-75,127,3.0,3.5,1.5
1783351153486,2026-07-06 17:19:13.486,C3:00:00:63:4C:D2,-53,127,3.0,3.5,1.5
1783351153493,2026-07-06 17:19:13.493,C3:00:00:63:4D:0A,-63,127,3.0,3.5,1.5
1783351153500,2026-07-06 17:19:13.500,C3:00:00:63:4D:05,-58,127,3.0,3.5,1.5
1783351153540,2026-07-06 17:19:13.540,C3:00:00:63:4D:07,-54,127,3.0,3.5,1.5
1783351153546,2026-07-06 17:19:13.546,C3:00:00:63:4D:08,-60,127,3.0,3.5,1.5
1783351153574,2026-07-06 17:19:13.574,C3:00:00:63:4D:09,-64,127,3.0,3.5,1.5
1783351153593,2026-07-06 17:19:13.593,C3:00:00:63:4C:D2,-61,127,3.0,3.5,1.5
1783351153597,2026-07-06 17:19:13.597,C3:00:00:63:4D:0A,-59,127,3.0,3.5,1.5
1783351153601,2026-07-06 17:19:13.601,C3:00:00:63:4D:0D,-56,127,3.0,3.5,1.5
1783351153605,2026-07-06 17:19:13.605,C3:00:00:63:4C:D2,-61,127,3.0,3.5,1.5
1783351153645,2026-07-06 17:19:13.645,C3:00:00:63:4D:07,-57,127,3.0,3.5,1.5
1783351153659,2026-07-06 17:19:13.659,C3:00:00:63:4D:08,-56,127,3.0,3.5,1.5
1783351153665,2026-07-06 17:19:13.665,C3:00:00:63:4D:0A,-72,127,3.0,3.5,1.5
1783351153687,2026-07-06 17:19:13.687,C3:00:00:63:4D:09,-62,127,3.0,3.5,1.5
1783351153699,2026-07-06 17:19:13.699,C3:00:00:63:4D:0D,-58,127,3.0,3.5,1.5
1783351153704,2026-07-06 17:19:13.704,C3:00:00:63:4D:0A,-64,127,3.0,3.5,1.5
1783351153745,2026-07-06 17:19:13.745,C3:00:00:63:4D:07,-59,127,3.0,3.5,1.5
1783351153799,2026-07-06 17:19:13.799,C3:00:00:63:4D:04,-56,127,3.0,3.5,1.5
1783351153803,2026-07-06 17:19:13.803,C3:00:00:63:4C:D2,-54,127,3.0,3.5,1.5
1783351153816,2026-07-06 17:19:13.816,C3:00:00:63:4D:09,-63,127,3.0,3.5,1.5
1783351153838,2026-07-06 17:19:13.838,C3:00:00:63:4D:07,-54,127,3.0,3.5,1.5
1783351153865,2026-07-06 17:19:13.865,C3:00:00:63:4D:07,-54,127,3.0,3.5,1.5
1783351153889,2026-07-06 17:19:13.889,C3:00:00:63:4C:D2,-61,127,3.0,3.5,1.5
1783351153899,2026-07-06 17:19:13.899,C3:00:00:63:4D:05,-54,127,3.0,3.5,1.5
1783351153909,2026-07-06 17:19:13.909,C3:00:00:63:4D:04,-59,127,3.0,3.5,1.5
1783351153918,2026-07-06 17:19:13.918,C3:00:00:63:4D:0A,-59,127,3.0,3.5,1.5
1783351153926,2026-07-06 17:19:13.926,C3:00:00:63:4D:0D,-56,127,3.0,3.5,1.5
1783351153929,2026-07-06 17:19:13.929,C3:00:00:63:4D:09,-63,127,3.0,3.5,1.5
1783351153939,2026-07-06 17:19:13.939,C3:00:00:63:4D:07,-57,127,3.0,3.5,1.5
1783351154003,2026-07-06 17:19:14.003,C3:00:00:63:4D:08,-56,127,3.0,3.5,1.5
1783351154019,2026-07-06 17:19:14.019,C3:00:00:63:4C:D2,-61,127,3.0,3.5,1.5
1783351154023,2026-07-06 17:19:14.023,C3:00:00:63:4D:0D,-57,127,3.0,3.5,1.5
1783351154027,2026-07-06 17:19:14.027,C3:00:00:63:4D:0A,-64,127,3.0,3.5,1.5
1783351154031,2026-07-06 17:19:14.031,C3:00:00:63:4D:08,-70,127,3.0,3.5,1.5
1783351154039,2026-07-06 17:19:14.039,C3:00:00:63:4D:09,-63,127,3.0,3.5,1.5
1783351154041,2026-07-06 17:19:14.041,C3:00:00:63:4D:07,-59,127,3.0,3.5,1.5
1783351154061,2026-07-06 17:19:14.061,C3:00:00:63:4D:09,-63,127,3.0,3.5,1.5
1783351154072,2026-07-06 17:19:14.072,C3:00:00:63:4D:0A,-62,127,3.0,3.5,1.5
1783351154091,2026-07-06 17:19:14.091,C3:00:00:63:4C:D2,-60,127,3.0,3.5,1.5
1783351154096,2026-07-06 17:19:14.096,C3:00:00:63:4D:0A,-63,127,3.0,3.5,1.5
