timestamp,time,mac_address,rssi,tx_power,pos_x,pos_y,pos_z
1783607402482,2026-07-09 16:30:02.482,C3:00:00:63:4D:08,-59,127,4.5,2.0,1.5
1783607402668,2026-07-09 16:30:02.668,C3:00:00:63:4D:08,-60,127,4.5,2.0,1.5
1783607402671,2026-07-09 16:30:02.671,C3:00:00:63:4D:08,-68,127,4.5,2.0,1.5
1783607402719,2026-07-09 16:30:02.719,C3:00:00:63:4D:08,-58,127,4.5,2.0,1.5
1783607402935,2026-07-09 16:30:02.935,C3:00:00:63:4D:08,-54,127,4.5,2.0,1.5
1783607403030,2026-07-09 16:30:03.030,C3:00:00:63:4D:08,-59,127,4.5,2.0,1.5
1783607403132,2026-07-09 16:30:03.132,C3:00:00:63:4D:08,-58,127,4.5,2.0,1.5
1783607403433,2026-07-09 16:30:03.433,C3:00:00:63:4D:08,-60,127,4.5,2.0,1.5
1783607403540,2026-07-09 16:30:03.540,C3:00:00:63:4D:08,-53,127,4.5,2.0,1.5
1783607403676,2026-07-09 16:30:03.676,C3:00:00:63:4D:08,-61,127,4.5,2.0,1.5
1783607403743,2026-07-09 16:30:03.743,C3:00:00:63:4D:08,-61,127,4.5,2.0,1.5
1783607403845,2026-07-09 16:30:03.845,C3:00:00:63:4D:08,-52,127,4.5,2.0,1.5
1783607403941,2026-07-09 16:30:03.941,C3:00:00:63:4D:08,-61,127,4.5,2.0,1.5
1783607404053,2026-07-09 16:30:04.053,C3:00:00:63:4D:08,-60,127,4.5,2.0,1.5
1783607404154,2026-07-09 16:30:04.154,C3:00:00:63:4D:08,-61,127,4.5,2.0,1.5
1783607404257,2026-07-09 16:30:04.257,C3:00:00:63:4D:08,-62,127,4.5,2.0,1.5
1783607404365,2026-07-09 16:30:04.365,C3:00:00:63:4D:08,-52,127,4.5,2.0,1.5
1783607404451,2026-07-09 16:30:04.451,C3:00:00:63:4D:08,-60,127,4.5,2.0,1.5
1783607404561,2026-07-09 16:30:04.561,C3:00:00:63:4D:08,-60,127,4.5,2.0,1.5
1783607404675,2026-07-09 16:30:04.675,C3:00:00:63:4D:08,-53,127,4.5,2.0,1.5
1783607404763,2026-07-09 16:30:04.763,C3:00:00:63:4D:08,-61,127,4.5,2.0,1.5
1783607404866,2026-07-09 16:30:04.866,C3:00:00:63:4D:08,-63,127,4.5,2.0,1.5
1783607405069,2026-07-09 16:30:05.069,C3:00:00:63:4D:08,-62,127,4.5,2.0,1.5
1783607405175,2026-07-09 16:30:05.175,C3:00:00:63:4D:08,-61,127,4.5,2.0,1.5
1783607405271,2026-07-09 16:30:05.271,C3:00:00:63:4D:08,-53,127,4.5,2.0,1.5
1783607405372,2026-07-09 16:30:05.372,C3:00:00:63:4D:08,-60,127,4.5,2.0,1.5
1783607405484,2026-07-09 16:30:05.484,C3:00:00:63:4D:08,-63,127,4.5,2.0,1.5
1783607405585,2026-07-09 16:30:05.585,C3:00:00:63:4D:08,-53,127,4.5,2.0,1.5
1783607405642,2026-07-09 16:30:05.642,C3:00:00:63:4D:08,-53,127,4.5,2.0,1.5
1783607405678,2026-07-09 16:30:05.678,C3:00:00:63:4D:08,-61,127,4.5,2.0,1.5
1783607405778,2026-07-09 16:30:05.778,C3:00:00:63:4D:08,-59,127,4.5,2.0,1.5
1783607405883,2026-07-09 16:30:05.883,C3:00:00:63:4D:08,-54,127,4.5,2.0,1.5
1783607405989,2026-07-09 16:30:05.989,C3:00:00:63:4D:08,-60,127,4.5,2.0,1.5
1783607406444,2026-07-09 16:30:06.444,C3:00:00:63:4D:08,-68,127,4.5,2.0,1.5
1783607406496,2026-07-09 16:30:06.496,C3:00:00:63:4D:08,-53,127,4.5,2.0,1.5
1783607406604,2026-07-09 16:30:06.604,C3:00:00:63:4D:08,-62,127,4.5,2.0,1.5
1783607406668,2026-07-09 16:30:06.668,C3:00:00:63:4D:08,-60,127,4.5,2.0,1.5
1783607406703,2026-07-09 16:30:06.703,C3:00:00:63:4D:08,-60,127,4.5,2.0,1.5
1783607407015,2026-07-09 16:30:07.015,C3:00:00:63:4D:08,-60,127,4.5,2.0,1.5
1783607407106,2026-07-09 16:30:07.106,C3:00:00:63:4D:08,-53,127,4.5,2.0,1.5
1783607407315,2026-07-09 16:30:07.315,C3:00:00:63:4D:08,-60,127,4.5,2.0,1.5
1783607407422,2026-07-09 16:30:07.422,C3:00:00:63:4D:08,-52,127,4.5,2.0,1.5
1783607407614,2026-07-09 16:30:07.614,C3:00:00:63:4D:08,-60,127,4.5,2.0,1.5
1783607407652,2026-07-09 16:30:07.652,C3:00:00:63:4D:08,-52,127,4.5,2.0,1.5
1783607407727,2026-07-09 16:30:07.727,C3:00:00:63:4D:08,-52,127,4.5,2.0,1.5
1783607407823,2026-07-09 16:30:07.823,C3:00:00:63:4D:08,-60,127,4.5,2.0,1.5
1783607408123,2026-07-09 16:30:08.123,C3:00:00:63:4D:08,-58,127,4.5,2.0,1.5
1783607408236,2026-07-09 16:30:08.236,C3:00:00:63:4D:08,-59,127,4.5,2.0,1.5
1783607408327,2026-07-09 16:30:08.327,C3:00:00:63:4D:08,-53,127,4.5,2.0,1.5
1783607408432,2026-07-09 16:30:08.432,C3:00:00:63:4D:08,-62,127,4.5,2.0,1.5
1783607408534,2026-07-09 16:30:08.534,C3:00:00:63:4D:08,-56,127,4.5,2.0,1.5
1783607408645,2026-07-09 16:30:08.645,C3:00:00:63:4D:08,-53,127,4.5,2.0,1.5
1783607408666,2026-07-09 16:30:08.666,C3:00:00:63:4D:08,-59,127,4.5,2.0,1.5
1783607408733,2026-07-09 16:30:08.733,C3:00:00:63:4D:08,-60,127,4.5,2.0,1.5
1783607408839,2026-07-09 16:30:08.839,C3:00:00:63:4D:08,-59,127,4.5,2.0,1.5
1783607408941,2026-07-09 16:30:08.941,C3:00:00:63:4D:08,-53,127,4.5,2.0,1.5
1783607409051,2026-07-09 16:30:09.051,C3:00:00:63:4D:08,-59,127,4.5,2.0,1.5
1783607409147,2026-07-09 16:30:09.147,C3:00:00:63:4D:08,-59,127,4.5,2.0,1.5
1783607409252,2026-07-09 16:30:09.252,C3:00:00:63:4D:08,-60,127,4.5,2.0,1.5
1783607409456,2026-07-09 16:30:09.456,C3:00:00:63:4D:08,-53,127,4.5,2.0,1.5
1783607409658,2026-07-09 16:30:09.658,C3:00:00:63:4D:08,-59,127,4.5,2.0,1.5
1783607409679,2026-07-09 16:30:09.679,C3:00:00:63:4D:08,-59,127,4.5,2.0,1.5
1783607409765,2026-07-09 16:30:09.765,C3:00:00:63:4D:08,-52,127,4.5,2.0,1.5
1783607409862,2026-07-09 16:30:09.862,C3:00:00:63:4D:08,-60,127,4.5,2.0,1.5
1783607409964,2026-07-09 16:30:09.964,C3:00:00:63:4D:08,-60,127,4.5,2.0,1.5
1783607410074,2026-07-09 16:30:10.074,C3:00:00:63:4D:08,-53,127,4.5,2.0,1.5
1783607410089,2026-07-09 16:30:10.089,C3:00:00:63:4D:08,-53,127,4.5,2.0,1.5
1783607410267,2026-07-09 16:30:10.267,C3:00:00:63:4D:08,-58,127,4.5,2.0,1.5
1783607410375,2026-07-09 16:30:10.375,C3:00:00:63:4D:08,-51,127,4.5,2.0,1.5
1783607410445,2026-07-09 16:30:10.445,C3:00:00:63:4D:08,-68,127,4.5,2.0,1.5
1783607410478,2026-07-09 16:30:10.478,C3:00:00:63:4D:08,-60,127,4.5,2.0,1.5
1783607410578,2026-07-09 16:30:10.578,C3:00:00:63:4D:08,-58,127,4.5,2.0,1.5
1783607410676,2026-07-09 16:30:10.676,C3:00:00:63:4D:08,-53,127,4.5,2.0,1.5
1783607410775,2026-07-09 16:30:10.775,C3:00:00:63:4D:08,-60,127,4.5,2.0,1.5
1783607410880,2026-07-09 16:30:10.880,C3:00:00:63:4D:08,-58,127,4.5,2.0,1.5
1783607410985,2026-07-09 16:30:10.985,C3:00:00:63:4D:08,-53,127,4.5,2.0,1.5
1783607411095,2026-07-09 16:30:11.095,C3:00:00:63:4D:08,-60,127,4.5,2.0,1.5
1783607411190,2026-07-09 16:30:11.190,C3:00:00:63:4D:08,-58,127,4.5,2.0,1.5
1783607411287,2026-07-09 16:30:11.287,C3:00:00:63:4D:08,-52,127,4.5,2.0,1.5
1783607411396,2026-07-09 16:30:11.396,C3:00:00:63:4D:08,-60,127,4.5,2.0,1.5
1783607411489,2026-07-09 16:30:11.489,C3:00:00:63:4D:08,-58,127,4.5,2.0,1.5
1783607411617,2026-07-09 16:30:11.617,C3:00:00:63:4D:08,-53,127,4.5,2.0,1.5
1783607411665,2026-07-09 16:30:11.665,C3:00:00:63:4D:08,-60,127,4.5,2.0,1.5
1783607411805,2026-07-09 16:30:11.805,C3:00:00:63:4D:08,-58,127,4.5,2.0,1.5
1783607412006,2026-07-09 16:30:12.006,C3:00:00:63:4D:08,-60,127,4.5,2.0,1.5
1783607412310,2026-07-09 16:30:12.310,C3:00:00:63:4D:08,-58,127,4.5,2.0,1.5
1783607412407,2026-07-09 16:30:12.407,C3:00:00:63:4D:08,-58,127,4.5,2.0,1.5
1783607412631,2026-07-09 16:30:12.631,C3:00:00:63:4D:08,-60,127,4.5,2.0,1.5
1783607412677,2026-07-09 16:30:12.677,C3:00:00:63:4D:08,-59,127,4.5,2.0,1.5
1783607412713,2026-07-09 16:30:12.713,C3:00:00:63:4D:08,-58,127,4.5,2.0,1.5
1783607412924,2026-07-09 16:30:12.924,C3:00:00:63:4D:08,-60,127,4.5,2.0,1.5
1783607413132,2026-07-09 16:30:13.132,C3:00:00:63:4D:08,-53,127,4.5,2.0,1.5
1783607413236,2026-07-09 16:30:13.236,C3:00:00:63:4D:08,-60,127,4.5,2.0,1.5
1783607413449,2026-07-09 16:30:13.449,C3:00:00:63:4D:08,-53,127,4.5,2.0,1.5
1783607413533,2026-07-09 16:30:13.533,C3:00:00:63:4D:08,-60,127,4.5,2.0,1.5
1783607413640,2026-07-09 16:30:13.640,C3:00:00:63:4D:08,-56,127,4.5,2.0,1.5
1783607413680,2026-07-09 16:30:13.680,C3:00:00:63:4D:08,-53,127,4.5,2.0,1.5
1783607413747,2026-07-09 16:30:13.747,C3:00:00:63:4D:08,-53,127,4.5,2.0,1.5
1783607413952,2026-07-09 16:30:13.952,C3:00:00:63:4D:08,-58,127,4.5,2.0,1.5
1783607414045,2026-07-09 16:30:14.045,C3:00:00:63:4D:08,-53,127,4.5,2.0,1.5
1783607414087,2026-07-09 16:30:14.087,C3:00:00:63:4D:08,-60,127,4.5,2.0,1.5
1783607414149,2026-07-09 16:30:14.149,C3:00:00:63:4D:08,-60,127,4.5,2.0,1.5
1783607414243,2026-07-09 16:30:14.243,C3:00:00:63:4D:08,-58,127,4.5,2.0,1.5
1783607414357,2026-07-09 16:30:14.357,C3:00:00:63:4D:08,-60,127,4.5,2.0,1.5
1783607414447,2026-07-09 16:30:14.447,C3:00:00:63:4D:08,-68,127,4.5,2.0,1.5
1783607414464,2026-07-09 16:30:14.464,C3:00:00:63:4D:08,-58,127,4.5,2.0,1.5
1783607414554,2026-07-09 16:30:14.554,C3:00:00:63:4D:08,-53,127,4.5,2.0,1.5
1783607414699,2026-07-09 16:30:14.699,C3:00:00:63:4D:08,-60,127,4.5,2.0,1.5
1783607414758,2026-07-09 16:30:14.758,C3:00:00:63:4D:08,-58,127,4.5,2.0,1.5
1783607414858,2026-07-09 16:30:14.858,C3:00:00:63:4D:08,-53,127,4.5,2.0,1.5
1783607414968,2026-07-09 16:30:14.968,C3:00:00:63:4D:08,-60,127,4.5,2.0,1.5
1783607415067,2026-07-09 16:30:15.067,C3:00:00:63:4D:08,-58,127,4.5,2.0,1.5
1783607415384,2026-07-09 16:30:15.384,C3:00:00:63:4D:08,-58,127,4.5,2.0,1.5
1783607415576,2026-07-09 16:30:15.576,C3:00:00:63:4D:08,-60,127,4.5,2.0,1.5
1783607415686,2026-07-09 16:30:15.686,C3:00:00:63:4D:08,-58,127,4.5,2.0,1.5
1783607415705,2026-07-09 16:30:15.705,C3:00:00:63:4D:08,-58,127,4.5,2.0,1.5
1783607415878,2026-07-09 16:30:15.878,C3:00:00:63:4D:08,-60,127,4.5,2.0,1.5
1783607416086,2026-07-09 16:30:16.086,C3:00:00:63:4D:08,-53,127,4.5,2.0,1.5
1783607416186,2026-07-09 16:30:16.186,C3:00:00:63:4D:08,-60,127,4.5,2.0,1.5
1783607416291,2026-07-09 16:30:16.291,C3:00:00:63:4D:08,-58,127,4.5,2.0,1.5
1783607416493,2026-07-09 16:30:16.493,C3:00:00:63:4D:08,-60,127,4.5,2.0,1.5
1783607416596,2026-07-09 16:30:16.596,C3:00:00:63:4D:08,-58,127,4.5,2.0,1.5
1783607416685,2026-07-09 16:30:16.685,C3:00:00:63:4D:08,-53,127,4.5,2.0,1.5
1783607416708,2026-07-09 16:30:16.708,C3:00:00:63:4D:08,-53,127,4.5,2.0,1.5
1783607416791,2026-07-09 16:30:16.791,C3:00:00:63:4D:08,-60,127,4.5,2.0,1.5
1783607416903,2026-07-09 16:30:16.903,C3:00:00:63:4D:08,-58,127,4.5,2.0,1.5
1783607417007,2026-07-09 16:30:17.007,C3:00:00:63:4D:08,-53,127,4.5,2.0,1.5
1783607417112,2026-07-09 16:30:17.112,C3:00:00:63:4D:08,-60,127,4.5,2.0,1.5
1783607417206,2026-07-09 16:30:17.206,C3:00:00:63:4D:08,-58,127,4.5,2.0,1.5
1783607417418,2026-07-09 16:30:17.418,C3:00:00:63:4D:08,-60,127,4.5,2.0,1.5
1783607417521,2026-07-09 16:30:17.521,C3:00:00:63:4D:08,-58,127,4.5,2.0,1.5
1783607417622,2026-07-09 16:30:17.622,C3:00:00:63:4D:08,-53,127,4.5,2.0,1.5
1783607417692,2026-07-09 16:30:17.692,C3:00:00:63:4D:08,-59,127,4.5,2.0,1.5
1783607417815,2026-07-09 16:30:17.815,C3:00:00:63:4D:08,-58,127,4.5,2.0,1.5
1783607417919,2026-07-09 16:30:17.919,C3:00:00:63:4D:08,-53,127,4.5,2.0,1.5
1783607418027,2026-07-09 16:30:18.027,C3:00:00:63:4D:08,-60,127,4.5,2.0,1.5
1783607418099,2026-07-09 16:30:18.099,C3:00:00:63:4D:08,-58,127,4.5,2.0,1.5
1783607418132,2026-07-09 16:30:18.132,C3:00:00:63:4D:08,-58,127,4.5,2.0,1.5
1783607418225,2026-07-09 16:30:18.225,C3:00:00:63:4D:08,-53,127,4.5,2.0,1.5
1783607418327,2026-07-09 16:30:18.327,C3:00:00:63:4D:08,-60,127,4.5,2.0,1.5
1783607418458,2026-07-09 16:30:18.458,C3:00:00:63:4D:08,-60,127,4.5,2.0,1.5
1783607418531,2026-07-09 16:30:18.531,C3:00:00:63:4D:08,-53,127,4.5,2.0,1.5
1783607418636,2026-07-09 16:30:18.636,C3:00:00:63:4D:08,-60,127,4.5,2.0,1.5
1783607418704,2026-07-09 16:30:18.704,C3:00:00:63:4D:08,-59,127,4.5,2.0,1.5
1783607418950,2026-07-09 16:30:18.950,C3:00:00:63:4D:08,-59,127,4.5,2.0,1.5
1783607419051,2026-07-09 16:30:19.051,C3:00:00:63:4D:08,-58,127,4.5,2.0,1.5
1783607419147,2026-07-09 16:30:19.147,C3:00:00:63:4D:08,-53,127,4.5,2.0,1.5
1783607419250,2026-07-09 16:30:19.250,C3:00:00:63:4D:08,-60,127,4.5,2.0,1.5
1783607419347,2026-07-09 16:30:19.347,C3:00:00:63:4D:08,-58,127,4.5,2.0,1.5
1783607419450,2026-07-09 16:30:19.450,C3:00:00:63:4D:08,-60,127,4.5,2.0,1.5
1783607419559,2026-07-09 16:30:19.559,C3:00:00:63:4D:08,-58,127,4.5,2.0,1.5
1783607419672,2026-07-09 16:30:19.672,C3:00:00:63:4D:08,-53,127,4.5,2.0,1.5
1783607419705,2026-07-09 16:30:19.705,C3:00:00:63:4D:08,-53,127,4.5,2.0,1.5
1783607419754,2026-07-09 16:30:19.754,C3:00:00:63:4D:08,-60,127,4.5,2.0,1.5
1783607419960,2026-07-09 16:30:19.960,C3:00:00:63:4D:08,-53,127,4.5,2.0,1.5
1783607420074,2026-07-09 16:30:20.074,C3:00:00:63:4D:08,-60,127,4.5,2.0,1.5
1783607420169,2026-07-09 16:30:20.169,C3:00:00:63:4D:08,-58,127,4.5,2.0,1.5
1783607420271,2026-07-09 16:30:20.271,C3:00:00:63:4D:08,-53,127,4.5,2.0,1.5
1783607420372,2026-07-09 16:30:20.372,C3:00:00:63:4D:08,-60,127,4.5,2.0,1.5
1783607420474,2026-07-09 16:30:20.474,C3:00:00:63:4D:08,-58,127,4.5,2.0,1.5
1783607420574,2026-07-09 16:30:20.574,C3:00:00:63:4D:08,-52,127,4.5,2.0,1.5
1783607420674,2026-07-09 16:30:20.674,C3:00:00:63:4D:08,-60,127,4.5,2.0,1.5
1783607420701,2026-07-09 16:30:20.701,C3:00:00:63:4D:08,-60,127,4.5,2.0,1.5
1783607420772,2026-07-09 16:30:20.772,C3:00:00:63:4D:08,-58,127,4.5,2.0,1.5
1783607421289,2026-07-09 16:30:21.289,C3:00:00:63:4D:08,-60,127,4.5,2.0,1.5
1783607421387,2026-07-09 16:30:21.387,C3:00:00:63:4D:08,-56,127,4.5,2.0,1.5
1783607421494,2026-07-09 16:30:21.494,C3:00:00:63:4D:08,-53,127,4.5,2.0,1.5
1783607421585,2026-07-09 16:30:21.585,C3:00:00:63:4D:08,-60,127,4.5,2.0,1.5
1783607421692,2026-07-09 16:30:21.692,C3:00:00:63:4D:08,-58,127,4.5,2.0,1.5
1783607421722,2026-07-09 16:30:21.722,C3:00:00:63:4D:08,-58,127,4.5,2.0,1.5
1783607421799,2026-07-09 16:30:21.799,C3:00:00:63:4D:08,-53,127,4.5,2.0,1.5
1783607421905,2026-07-09 16:30:21.905,C3:00:00:63:4D:08,-60,127,4.5,2.0,1.5
1783607422124,2026-07-09 16:30:22.124,C3:00:00:63:4D:08,-53,127,4.5,2.0,1.5
1783607422206,2026-07-09 16:30:22.206,C3:00:00:63:4D:08,-60,127,4.5,2.0,1.5
1783607422404,2026-07-09 16:30:22.404,C3:00:00:63:4D:08,-53,127,4.5,2.0,1.5
1783607422449,2026-07-09 16:30:22.449,C3:00:00:63:4D:08,-68,127,4.5,2.0,1.5
1783607422512,2026-07-09 16:30:22.512,C3:00:00:63:4D:08,-61,127,4.5,2.0,1.5
1783607422615,2026-07-09 16:30:22.615,C3:00:00:63:4D:08,-58,127,4.5,2.0,1.5
1783607422715,2026-07-09 16:30:22.715,C3:00:00:63:4D:08,-53,127,4.5,2.0,1.5
1783607422926,2026-07-09 16:30:22.926,C3:00:00:63:4D:08,-58,127,4.5,2.0,1.5
1783607423025,2026-07-09 16:30:23.025,C3:00:00:63:4D:08,-53,127,4.5,2.0,1.5
1783607423147,2026-07-09 16:30:23.147,C3:00:00:63:4D:08,-60,127,4.5,2.0,1.5
1783607423222,2026-07-09 16:30:23.222,C3:00:00:63:4D:08,-58,127,4.5,2.0,1.5
1783607423324,2026-07-09 16:30:23.324,C3:00:00:63:4D:08,-53,127,4.5,2.0,1.5
1783607423430,2026-07-09 16:30:23.430,C3:00:00:63:4D:08,-59,127,4.5,2.0,1.5
1783607423722,2026-07-09 16:30:23.722,C3:00:00:63:4D:08,-60,127,4.5,2.0,1.5
1783607423837,2026-07-09 16:30:23.837,C3:00:00:63:4D:08,-58,127,4.5,2.0,1.5
1783607423947,2026-07-09 16:30:23.947,C3:00:00:63:4D:08,-53,127,4.5,2.0,1.5
1783607424036,2026-07-09 16:30:24.036,C3:00:00:63:4D:08,-60,127,4.5,2.0,1.5
1783607424143,2026-07-09 16:30:24.143,C3:00:00:63:4D:08,-58,127,4.5,2.0,1.5
1783607424250,2026-07-09 16:30:24.250,C3:00:00:63:4D:08,-53,127,4.5,2.0,1.5
1783607424459,2026-07-09 16:30:24.459,C3:00:00:63:4D:08,-53,127,4.5,2.0,1.5
1783607424655,2026-07-09 16:30:24.655,C3:00:00:63:4D:08,-58,127,4.5,2.0,1.5
1783607424762,2026-07-09 16:30:24.762,C3:00:00:63:4D:08,-53,127,4.5,2.0,1.5
1783607424956,2026-07-09 16:30:24.956,C3:00:00:63:4D:08,-58,127,4.5,2.0,1.5
1783607425060,2026-07-09 16:30:25.060,C3:00:00:63:4D:08,-53,127,4.5,2.0,1.5
1783607425161,2026-07-09 16:30:25.161,C3:00:00:63:4D:08,-60,127,4.5,2.0,1.5
1783607425268,2026-07-09 16:30:25.268,C3:00:00:63:4D:08,-58,127,4.5,2.0,1.5
1783607425481,2026-07-09 16:30:25.481,C3:00:00:63:4D:08,-61,127,4.5,2.0,1.5
1783607425570,2026-07-09 16:30:25.570,C3:00:00:63:4D:08,-59,127,4.5,2.0,1.5
1783607425728,2026-07-09 16:30:25.728,C3:00:00:63:4D:08,-53,127,4.5,2.0,1.5
1783607425774,2026-07-09 16:30:25.774,C3:00:00:63:4D:08,-60,127,4.5,2.0,1.5
1783607425987,2026-07-09 16:30:25.987,C3:00:00:63:4D:08,-53,127,4.5,2.0,1.5
1783607426079,2026-07-09 16:30:26.079,C3:00:00:63:4D:08,-61,127,4.5,2.0,1.5
1783607426113,2026-07-09 16:30:26.113,C3:00:00:63:4D:08,-62,127,4.5,2.0,1.5
1783607426188,2026-07-09 16:30:26.188,C3:00:00:63:4D:08,-60,127,4.5,2.0,1.5
1783607426385,2026-07-09 16:30:26.385,C3:00:00:63:4D:08,-61,127,4.5,2.0,1.5
1783607426445,2026-07-09 16:30:26.445,C3:00:00:63:4D:08,-68,127,4.5,2.0,1.5
1783607426488,2026-07-09 16:30:26.488,C3:00:00:63:4D:08,-60,127,4.5,2.0,1.5
1783607426599,2026-07-09 16:30:26.599,C3:00:00:63:4D:08,-53,127,4.5,2.0,1.5
1783607426699,2026-07-09 16:30:26.699,C3:00:00:63:4D:08,-61,127,4.5,2.0,1.5
1783607426726,2026-07-09 16:30:26.726,C3:00:00:63:4D:08,-61,127,4.5,2.0,1.5
1783607426902,2026-07-09 16:30:26.902,C3:00:00:63:4D:08,-53,127,4.5,2.0,1.5
1783607426998,2026-07-09 16:30:26.998,C3:00:00:63:4D:08,-61,127,4.5,2.0,1.5
1783607427212,2026-07-09 16:30:27.212,C3:00:00:63:4D:08,-52,127,4.5,2.0,1.5
1783607427308,2026-07-09 16:30:27.308,C3:00:00:63:4D:08,-61,127,4.5,2.0,1.5
1783607427406,2026-07-09 16:30:27.406,C3:00:00:63:4D:08,-60,127,4.5,2.0,1.5
1783607427513,2026-07-09 16:30:27.513,C3:00:00:63:4D:08,-52,127,4.5,2.0,1.5
1783607427609,2026-07-09 16:30:27.609,C3:00:00:63:4D:08,-61,127,4.5,2.0,1.5
1783607427741,2026-07-09 16:30:27.741,C3:00:00:63:4D:08,-60,127,4.5,2.0,1.5
1783607427815,2026-07-09 16:30:27.815,C3:00:00:63:4D:08,-52,127,4.5,2.0,1.5
1783607428028,2026-07-09 16:30:28.028,C3:00:00:63:4D:08,-60,127,4.5,2.0,1.5
1783607428117,2026-07-09 16:30:28.117,C3:00:00:63:4D:08,-52,127,4.5,2.0,1.5
1783607428229,2026-07-09 16:30:28.229,C3:00:00:63:4D:08,-61,127,4.5,2.0,1.5
1783607428332,2026-07-09 16:30:28.332,C3:00:00:63:4D:08,-60,127,4.5,2.0,1.5
1783607428643,2026-07-09 16:30:28.643,C3:00:00:63:4D:08,-60,127,4.5,2.0,1.5
1783607428741,2026-07-09 16:30:28.741,C3:00:00:63:4D:08,-52,127,4.5,2.0,1.5
1783607428936,2026-07-09 16:30:28.936,C3:00:00:63:4D:08,-60,127,4.5,2.0,1.5
1783607429145,2026-07-09 16:30:29.145,C3:00:00:63:4D:08,-61,127,4.5,2.0,1.5
1783607429343,2026-07-09 16:30:29.343,C3:00:00:63:4D:08,-52,127,4.5,2.0,1.5
1783607429448,2026-07-09 16:30:29.448,C3:00:00:63:4D:08,-61,127,4.5,2.0,1.5
1783607429561,2026-07-09 16:30:29.561,C3:00:00:63:4D:08,-52,127,4.5,2.0,1.5
1783607429772,2026-07-09 16:30:29.772,C3:00:00:63:4D:08,-61,127,4.5,2.0,1.5
1783607429960,2026-07-09 16:30:29.960,C3:00:00:63:4D:08,-61,127,4.5,2.0,1.5
1783607430061,2026-07-09 16:30:30.061,C3:00:00:63:4D:08,-60,127,4.5,2.0,1.5
1783607430119,2026-07-09 16:30:30.119,C3:00:00:63:4D:08,-61,127,4.5,2.0,1.5
1783607430161,2026-07-09 16:30:30.161,C3:00:00:63:4D:08,-52,127,4.5,2.0,1.5
1783607430260,2026-07-09 16:30:30.260,C3:00:00:63:4D:08,-61,127,4.5,2.0,1.5
1783607430362,2026-07-09 16:30:30.362,C3:00:00:63:4D:08,-60,127,4.5,2.0,1.5
1783607430469,2026-07-09 16:30:30.469,C3:00:00:63:4D:08,-53,127,4.5,2.0,1.5
1783607430732,2026-07-09 16:30:30.732,C3:00:00:63:4D:08,-60,127,4.5,2.0,1.5
1783607431089,2026-07-09 16:30:31.089,C3:00:00:63:4D:08,-52,127,4.5,2.0,1.5
1783607431188,2026-07-09 16:30:31.188,C3:00:00:63:4D:08,-61,127,4.5,2.0,1.5
1783607431283,2026-07-09 16:30:31.283,C3:00:00:63:4D:08,-60,127,4.5,2.0,1.5
1783607431389,2026-07-09 16:30:31.389,C3:00:00:63:4D:08,-52,127,4.5,2.0,1.5
1783607431494,2026-07-09 16:30:31.494,C3:00:00:63:4D:08,-61,127,4.5,2.0,1.5
1783607431594,2026-07-09 16:30:31.594,C3:00:00:63:4D:08,-60,127,4.5,2.0,1.5
1783607431770,2026-07-09 16:30:31.770,C3:00:00:63:4D:08,-61,127,4.5,2.0,1.5
1783607431894,2026-07-09 16:30:31.894,C3:00:00:63:4D:08,-60,127,4.5,2.0,1.5
1783607431993,2026-07-09 16:30:31.993,C3:00:00:63:4D:08,-52,127,4.5,2.0,1.5
1783607432093,2026-07-09 16:30:32.093,C3:00:00:63:4D:08,-61,127,4.5,2.0,1.5
1783607432399,2026-07-09 16:30:32.399,C3:00:00:63:4D:08,-61,127,4.5,2.0,1.5
1783607432506,2026-07-09 16:30:32.506,C3:00:00:63:4D:08,-60,127,4.5,2.0,1.5
1783607432615,2026-07-09 16:30:32.615,C3:00:00:63:4D:08,-52,127,4.5,2.0,1.5
1783607432715,2026-07-09 16:30:32.715,C3:00:00:63:4D:08,-61,127,4.5,2.0,1.5
1783607432737,2026-07-09 16:30:32.737,C3:00:00:63:4D:08,-61,127,4.5,2.0,1.5
1783607432815,2026-07-09 16:30:32.815,C3:00:00:63:4D:08,-60,127,4.5,2.0,1.5
1783607433012,2026-07-09 16:30:33.012,C3:00:00:63:4D:08,-61,127,4.5,2.0,1.5
1783607433115,2026-07-09 16:30:33.115,C3:00:00:63:4D:08,-60,127,4.5,2.0,1.5
1783607433326,2026-07-09 16:30:33.326,C3:00:00:63:4D:08,-61,127,4.5,2.0,1.5
1783607433540,2026-07-09 16:30:33.540,C3:00:00:63:4D:08,-52,127,4.5,2.0,1.5
1783607433640,2026-07-09 16:30:33.640,C3:00:00:63:4D:08,-61,127,4.5,2.0,1.5
1783607433729,2026-07-09 16:30:33.729,C3:00:00:63:4D:08,-60,127,4.5,2.0,1.5
1783607434041,2026-07-09 16:30:34.041,C3:00:00:63:4D:08,-60,127,4.5,2.0,1.5
1783607434237,2026-07-09 16:30:34.237,C3:00:00:63:4D:08,-61,127,4.5,2.0,1.5
1783607434345,2026-07-09 16:30:34.345,C3:00:00:63:4D:08,-60,127,4.5,2.0,1.5
1783607434469,2026-07-09 16:30:34.469,C3:00:00:63:4D:08,-68,127,4.5,2.0,1.5
1783607434545,2026-07-09 16:30:34.545,C3:00:00:63:4D:08,-61,127,4.5,2.0,1.5
1783607434649,2026-07-09 16:30:34.649,C3:00:00:63:4D:08,-52,127,4.5,2.0,1.5
1783607434750,2026-07-09 16:30:34.750,C3:00:00:63:4D:08,-52,127,4.5,2.0,1.5
1783607434776,2026-07-09 16:30:34.776,C3:00:00:63:4D:08,-61,127,4.5,2.0,1.5
1783607434858,2026-07-09 16:30:34.858,C3:00:00:63:4D:08,-60,127,4.5,2.0,1.5
1783607434954,2026-07-09 16:30:34.954,C3:00:00:63:4D:08,-52,127,4.5,2.0,1.5
1783607435059,2026-07-09 16:30:35.059,C3:00:00:63:4D:08,-61,127,4.5,2.0,1.5
1783607435154,2026-07-09 16:30:35.154,C3:00:00:63:4D:08,-60,127,4.5,2.0,1.5
1783607435460,2026-07-09 16:30:35.460,C3:00:00:63:4D:08,-60,127,4.5,2.0,1.5
1783607435572,2026-07-09 16:30:35.572,C3:00:00:63:4D:08,-52,127,4.5,2.0,1.5
1783607435788,2026-07-09 16:30:35.788,C3:00:00:63:4D:08,-60,127,4.5,2.0,1.5
1783607436181,2026-07-09 16:30:36.181,C3:00:00:63:4D:08,-52,127,4.5,2.0,1.5
1783607436387,2026-07-09 16:30:36.387,C3:00:00:63:4D:08,-60,127,4.5,2.0,1.5
1783607436481,2026-07-09 16:30:36.481,C3:00:00:63:4D:08,-52,127,4.5,2.0,1.5
1783607436587,2026-07-09 16:30:36.587,C3:00:00:63:4D:08,-61,127,4.5,2.0,1.5
1783607436688,2026-07-09 16:30:36.688,C3:00:00:63:4D:08,-60,127,4.5,2.0,1.5
1783607436757,2026-07-09 16:30:36.757,C3:00:00:63:4D:08,-52,127,4.5,2.0,1.5
1783607436991,2026-07-09 16:30:36.991,C3:00:00:63:4D:08,-61,127,4.5,2.0,1.5
1783607437102,2026-07-09 16:30:37.102,C3:00:00:63:4D:08,-52,127,4.5,2.0,1.5
1783607437204,2026-07-09 16:30:37.204,C3:00:00:63:4D:08,-61,127,4.5,2.0,1.5
1783607437403,2026-07-09 16:30:37.403,C3:00:00:63:4D:08,-52,127,4.5,2.0,1.5
1783607437505,2026-07-09 16:30:37.505,C3:00:00:63:4D:08,-60,127,4.5,2.0,1.5
1783607437610,2026-07-09 16:30:37.610,C3:00:00:63:4D:08,-60,127,4.5,2.0,1.5
1783607437704,2026-07-09 16:30:37.704,C3:00:00:63:4D:08,-52,127,4.5,2.0,1.5
1783607437792,2026-07-09 16:30:37.792,C3:00:00:63:4D:08,-61,127,4.5,2.0,1.5
1783607437816,2026-07-09 16:30:37.816,C3:00:00:63:4D:08,-61,127,4.5,2.0,1.5
1783607437909,2026-07-09 16:30:37.909,C3:00:00:63:4D:08,-60,127,4.5,2.0,1.5
1783607438016,2026-07-09 16:30:38.016,C3:00:00:63:4D:08,-52,127,4.5,2.0,1.5
1783607438118,2026-07-09 16:30:38.118,C3:00:00:63:4D:08,-61,127,4.5,2.0,1.5
1783607438147,2026-07-09 16:30:38.147,C3:00:00:63:4D:08,-61,127,4.5,2.0,1.5
1783607438215,2026-07-09 16:30:38.215,C3:00:00:63:4D:08,-60,127,4.5,2.0,1.5
1783607438335,2026-07-09 16:30:38.335,C3:00:00:63:4D:08,-52,127,4.5,2.0,1.5
1783607438421,2026-07-09 16:30:38.421,C3:00:00:63:4D:08,-61,127,4.5,2.0,1.5
1783607438455,2026-07-09 16:30:38.455,C3:00:00:63:4D:08,-68,127,4.5,2.0,1.5
1783607438520,2026-07-09 16:30:38.520,C3:00:00:63:4D:08,-60,127,4.5,2.0,1.5
1783607438630,2026-07-09 16:30:38.630,C3:00:00:63:4D:08,-52,127,4.5,2.0,1.5
1783607438758,2026-07-09 16:30:38.758,C3:00:00:63:4D:08,-60,127,4.5,2.0,1.5
1783607438836,2026-07-09 16:30:38.836,C3:00:00:63:4D:08,-60,127,4.5,2.0,1.5
1783607438941,2026-07-09 16:30:38.941,C3:00:00:63:4D:08,-52,127,4.5,2.0,1.5
1783607439040,2026-07-09 16:30:39.040,C3:00:00:63:4D:08,-61,127,4.5,2.0,1.5
1783607439137,2026-07-09 16:30:39.137,C3:00:00:63:4D:08,-60,127,4.5,2.0,1.5
1783607439241,2026-07-09 16:30:39.241,C3:00:00:63:4D:08,-52,127,4.5,2.0,1.5
1783607439343,2026-07-09 16:30:39.343,C3:00:00:63:4D:08,-61,127,4.5,2.0,1.5
1783607439546,2026-07-09 16:30:39.546,C3:00:00:63:4D:08,-52,127,4.5,2.0,1.5
1783607439802,2026-07-09 16:30:39.802,C3:00:00:63:4D:08,-52,127,4.5,2.0,1.5
1783607440153,2026-07-09 16:30:40.153,C3:00:00:63:4D:08,-61,127,4.5,2.0,1.5
1783607440264,2026-07-09 16:30:40.264,C3:00:00:63:4D:08,-60,127,4.5,2.0,1.5
1783607440361,2026-07-09 16:30:40.361,C3:00:00:63:4D:08,-52,127,4.5,2.0,1.5
1783607440477,2026-07-09 16:30:40.477,C3:00:00:63:4D:08,-61,127,4.5,2.0,1.5
1783607440782,2026-07-09 16:30:40.782,C3:00:00:63:4D:08,-61,127,4.5,2.0,1.5
1783607440871,2026-07-09 16:30:40.871,C3:00:00:63:4D:08,-60,127,4.5,2.0,1.5
1783607440966,2026-07-09 16:30:40.966,C3:00:00:63:4D:08,-52,127,4.5,2.0,1.5
1783607441072,2026-07-09 16:30:41.072,C3:00:00:63:4D:08,-60,127,4.5,2.0,1.5
1783607441283,2026-07-09 16:30:41.283,C3:00:00:63:4D:08,-52,127,4.5,2.0,1.5
1783607441377,2026-07-09 16:30:41.377,C3:00:00:63:4D:08,-61,127,4.5,2.0,1.5
1783607441481,2026-07-09 16:30:41.481,C3:00:00:63:4D:08,-60,127,4.5,2.0,1.5
1783607441590,2026-07-09 16:30:41.590,C3:00:00:63:4D:08,-52,127,4.5,2.0,1.5
1783607441793,2026-07-09 16:30:41.793,C3:00:00:63:4D:08,-60,127,4.5,2.0,1.5
1783607441811,2026-07-09 16:30:41.811,C3:00:00:63:4D:08,-60,127,4.5,2.0,1.5
1783607441891,2026-07-09 16:30:41.891,C3:00:00:63:4D:08,-52,127,4.5,2.0,1.5
1783607441990,2026-07-09 16:30:41.990,C3:00:00:63:4D:08,-60,127,4.5,2.0,1.5
1783607442104,2026-07-09 16:30:42.104,C3:00:00:63:4D:08,-60,127,4.5,2.0,1.5
1783607442149,2026-07-09 16:30:42.149,C3:00:00:63:4D:08,-52,127,4.5,2.0,1.5
1783607442401,2026-07-09 16:30:42.401,C3:00:00:63:4D:08,-60,127,4.5,2.0,1.5
1783607442455,2026-07-09 16:30:42.455,C3:00:00:63:4D:08,-60,127,4.5,2.0,1.5
1783607442604,2026-07-09 16:30:42.604,C3:00:00:63:4D:08,-61,127,4.5,2.0,1.5
1783607442781,2026-07-09 16:30:42.781,C3:00:00:63:4D:08,-52,127,4.5,2.0,1.5
1783607442804,2026-07-09 16:30:42.804,C3:00:00:63:4D:08,-52,127,4.5,2.0,1.5
1783607443108,2026-07-09 16:30:43.108,C3:00:00:63:4D:08,-52,127,4.5,2.0,1.5
1783607443429,2026-07-09 16:30:43.429,C3:00:00:63:4D:08,-52,127,4.5,2.0,1.5
1783607443514,2026-07-09 16:30:43.514,C3:00:00:63:4D:08,-61,127,4.5,2.0,1.5
1783607443627,2026-07-09 16:30:43.627,C3:00:00:63:4D:08,-60,127,4.5,2.0,1.5
1783607443729,2026-07-09 16:30:43.729,C3:00:00:63:4D:08,-52,127,4.5,2.0,1.5
1783607443820,2026-07-09 16:30:43.820,C3:00:00:63:4D:08,-61,127,4.5,2.0,1.5
1783607443840,2026-07-09 16:30:43.840,C3:00:00:63:4D:08,-61,127,4.5,2.0,1.5
1783607444036,2026-07-09 16:30:44.036,C3:00:00:63:4D:08,-53,127,4.5,2.0,1.5
1783607444135,2026-07-09 16:30:44.135,C3:00:00:63:4D:08,-61,127,4.5,2.0,1.5
1783607444246,2026-07-09 16:30:44.246,C3:00:00:63:4D:08,-60,127,4.5,2.0,1.5
1783607444336,2026-07-09 16:30:44.336,C3:00:00:63:4D:08,-52,127,4.5,2.0,1.5
1783607444444,2026-07-09 16:30:44.444,C3:00:00:63:4D:08,-61,127,4.5,2.0,1.5
1783607444751,2026-07-09 16:30:44.751,C3:00:00:63:4D:08,-61,127,4.5,2.0,1.5
1783607444775,2026-07-09 16:30:44.775,C3:00:00:63:4D:08,-60,127,4.5,2.0,1.5
1783607444856,2026-07-09 16:30:44.856,C3:00:00:63:4D:08,-52,127,4.5,2.0,1.5
1783607445053,2026-07-09 16:30:45.053,C3:00:00:63:4D:08,-60,127,4.5,2.0,1.5
1783607445256,2026-07-09 16:30:45.256,C3:00:00:63:4D:08,-61,127,4.5,2.0,1.5
1783607445360,2026-07-09 16:30:45.360,C3:00:00:63:4D:08,-60,127,4.5,2.0,1.5
1783607445466,2026-07-09 16:30:45.466,C3:00:00:63:4D:08,-52,127,4.5,2.0,1.5
1783607445564,2026-07-09 16:30:45.564,C3:00:00:63:4D:08,-61,127,4.5,2.0,1.5
1783607445670,2026-07-09 16:30:45.670,C3:00:00:63:4D:08,-60,127,4.5,2.0,1.5
1783607445771,2026-07-09 16:30:45.771,C3:00:00:63:4D:08,-52,127,4.5,2.0,1.5
1783607445829,2026-07-09 16:30:45.829,C3:00:00:63:4D:08,-53,127,4.5,2.0,1.5
1783607446179,2026-07-09 16:30:46.179,C3:00:00:63:4D:08,-61,127,4.5,2.0,1.5
1783607446276,2026-07-09 16:30:46.276,C3:00:00:63:4D:08,-60,127,4.5,2.0,1.5
1783607446383,2026-07-09 16:30:46.383,C3:00:00:63:4D:08,-53,127,4.5,2.0,1.5
1783607446455,2026-07-09 16:30:46.455,C3:00:00:63:4D:08,-69,127,4.5,2.0,1.5
1783607446488,2026-07-09 16:30:46.488,C3:00:00:63:4D:08,-61,127,4.5,2.0,1.5
1783607446583,2026-07-09 16:30:46.583,C3:00:00:63:4D:08,-60,127,4.5,2.0,1.5
1783607446694,2026-07-09 16:30:46.694,C3:00:00:63:4D:08,-52,127,4.5,2.0,1.5
1783607446784,2026-07-09 16:30:46.784,C3:00:00:63:4D:08,-61,127,4.5,2.0,1.5
1783607446899,2026-07-09 16:30:46.899,C3:00:00:63:4D:08,-60,127,4.5,2.0,1.5
1783607447000,2026-07-09 16:30:47.000,C3:00:00:63:4D:08,-52,127,4.5,2.0,1.5
1783607447094,2026-07-09 16:30:47.094,C3:00:00:63:4D:08,-61,127,4.5,2.0,1.5
1783607447208,2026-07-09 16:30:47.208,C3:00:00:63:4D:08,-60,127,4.5,2.0,1.5
1783607447300,2026-07-09 16:30:47.300,C3:00:00:63:4D:08,-52,127,4.5,2.0,1.5
1783607447396,2026-07-09 16:30:47.396,C3:00:00:63:4D:08,-61,127,4.5,2.0,1.5
1783607447829,2026-07-09 16:30:47.829,C3:00:00:63:4D:08,-60,127,4.5,2.0,1.5
1783607447902,2026-07-09 16:30:47.902,C3:00:00:63:4D:08,-52,127,4.5,2.0,1.5
1783607448016,2026-07-09 16:30:48.016,C3:00:00:63:4D:08,-61,127,4.5,2.0,1.5
1783607448118,2026-07-09 16:30:48.118,C3:00:00:63:4D:08,-60,127,4.5,2.0,1.5
1783607448311,2026-07-09 16:30:48.311,C3:00:00:63:4D:08,-61,127,4.5,2.0,1.5
1783607448414,2026-07-09 16:30:48.414,C3:00:00:63:4D:08,-60,127,4.5,2.0,1.5
1783607448517,2026-07-09 16:30:48.517,C3:00:00:63:4D:08,-52,127,4.5,2.0,1.5
1783607448717,2026-07-09 16:30:48.717,C3:00:00:63:4D:08,-60,127,4.5,2.0,1.5
1783607448789,2026-07-09 16:30:48.789,C3:00:00:63:4D:08,-53,127,4.5,2.0,1.5
1783607448832,2026-07-09 16:30:48.832,C3:00:00:63:4D:08,-52,127,4.5,2.0,1.5
1783607449026,2026-07-09 16:30:49.026,C3:00:00:63:4D:08,-60,127,4.5,2.0,1.5
1783607449132,2026-07-09 16:30:49.132,C3:00:00:63:4D:08,-53,127,4.5,2.0,1.5
1783607449234,2026-07-09 16:30:49.234,C3:00:00:63:4D:08,-61,127,4.5,2.0,1.5
1783607449442,2026-07-09 16:30:49.442,C3:00:00:63:4D:08,-52,127,4.5,2.0,1.5
1783607449543,2026-07-09 16:30:49.543,C3:00:00:63:4D:08,-61,127,4.5,2.0,1.5
1783607449644,2026-07-09 16:30:49.644,C3:00:00:63:4D:08,-60,127,4.5,2.0,1.5
1783607449855,2026-07-09 16:30:49.855,C3:00:00:63:4D:08,-61,127,4.5,2.0,1.5
1783607449875,2026-07-09 16:30:49.875,C3:00:00:63:4D:08,-60,127,4.5,2.0,1.5
1783607450158,2026-07-09 16:30:50.158,C3:00:00:63:4D:08,-60,127,4.5,2.0,1.5
1783607450179,2026-07-09 16:30:50.179,C3:00:00:63:4D:08,-61,127,4.5,2.0,1.5
1783607450257,2026-07-09 16:30:50.257,C3:00:00:63:4D:08,-52,127,4.5,2.0,1.5
1783607450361,2026-07-09 16:30:50.361,C3:00:00:63:4D:08,-61,127,4.5,2.0,1.5
1783607450477,2026-07-09 16:30:50.477,C3:00:00:63:4D:08,-68,127,4.5,2.0,1.5
1783607450563,2026-07-09 16:30:50.563,C3:00:00:63:4D:08,-52,127,4.5,2.0,1.5
1783607450659,2026-07-09 16:30:50.659,C3:00:00:63:4D:08,-61,127,4.5,2.0,1.5
1783607450763,2026-07-09 16:30:50.763,C3:00:00:63:4D:08,-60,127,4.5,2.0,1.5
1783607450793,2026-07-09 16:30:50.793,C3:00:00:63:4D:08,-60,127,4.5,2.0,1.5
1783607450863,2026-07-09 16:30:50.863,C3:00:00:63:4D:08,-52,127,4.5,2.0,1.5
1783607450971,2026-07-09 16:30:50.971,C3:00:00:63:4D:08,-61,127,4.5,2.0,1.5
1783607451070,2026-07-09 16:30:51.070,C3:00:00:63:4D:08,-60,127,4.5,2.0,1.5
1783607451380,2026-07-09 16:30:51.380,C3:00:00:63:4D:08,-60,127,4.5,2.0,1.5
1783607451576,2026-07-09 16:30:51.576,C3:00:00:63:4D:08,-61,127,4.5,2.0,1.5
1783607451688,2026-07-09 16:30:51.688,C3:00:00:63:4D:08,-60,127,4.5,2.0,1.5
1783607451788,2026-07-09 16:30:51.788,C3:00:00:63:4D:08,-52,127,4.5,2.0,1.5
1783607451887,2026-07-09 16:30:51.887,C3:00:00:63:4D:08,-61,127,4.5,2.0,1.5
1783607451983,2026-07-09 16:30:51.983,C3:00:00:63:4D:08,-60,127,4.5,2.0,1.5
1783607452090,2026-07-09 16:30:52.090,C3:00:00:63:4D:08,-52,127,4.5,2.0,1.5
1783607452190,2026-07-09 16:30:52.190,C3:00:00:63:4D:08,-61,127,4.5,2.0,1.5
1783607452498,2026-07-09 16:30:52.498,C3:00:00:63:4D:08,-61,127,4.5,2.0,1.5
1783607452597,2026-07-09 16:30:52.597,C3:00:00:63:4D:08,-60,127,4.5,2.0,1.5
1783607452709,2026-07-09 16:30:52.709,C3:00:00:63:4D:08,-53,127,4.5,2.0,1.5
1783607452803,2026-07-09 16:30:52.803,C3:00:00:63:4D:08,-61,127,4.5,2.0,1.5
1783607452832,2026-07-09 16:30:52.832,C3:00:00:63:4D:08,-61,127,4.5,2.0,1.5
1783607452906,2026-07-09 16:30:52.906,C3:00:00:63:4D:08,-60,127,4.5,2.0,1.5
1783607453012,2026-07-09 16:30:53.012,C3:00:00:63:4D:08,-52,127,4.5,2.0,1.5
1783607453111,2026-07-09 16:30:53.111,C3:00:00:63:4D:08,-61,127,4.5,2.0,1.5
1783607453312,2026-07-09 16:30:53.312,C3:00:00:63:4D:08,-52,127,4.5,2.0,1.5
1783607453415,2026-07-09 16:30:53.415,C3:00:00:63:4D:08,-61,127,4.5,2.0,1.5
1783607453522,2026-07-09 16:30:53.522,C3:00:00:63:4D:08,-60,127,4.5,2.0,1.5
1783607453613,2026-07-09 16:30:53.613,C3:00:00:63:4D:08,-52,127,4.5,2.0,1.5
1783607453724,2026-07-09 16:30:53.724,C3:00:00:63:4D:08,-61,127,4.5,2.0,1.5
1783607453820,2026-07-09 16:30:53.820,C3:00:00:63:4D:08,-60,127,4.5,2.0,1.5
1783607453865,2026-07-09 16:30:53.865,C3:00:00:63:4D:08,-53,127,4.5,2.0,1.5
1783607453925,2026-07-09 16:30:53.925,C3:00:00:63:4D:08,-52,127,4.5,2.0,1.5
1783607454026,2026-07-09 16:30:54.026,C3:00:00:63:4D:08,-61,127,4.5,2.0,1.5
1783607454134,2026-07-09 16:30:54.134,C3:00:00:63:4D:08,-60,127,4.5,2.0,1.5
1783607454239,2026-07-09 16:30:54.239,C3:00:00:63:4D:08,-52,127,4.5,2.0,1.5
1783607454462,2026-07-09 16:30:54.462,C3:00:00:63:4D:08,-60,127,4.5,2.0,1.5
1783607454542,2026-07-09 16:30:54.542,C3:00:00:63:4D:08,-52,127,4.5,2.0,1.5
1783607454649,2026-07-09 16:30:54.649,C3:00:00:63:4D:08,-61,127,4.5,2.0,1.5
1783607454738,2026-07-09 16:30:54.738,C3:00:00:63:4D:08,-60,127,4.5,2.0,1.5
1783607454805,2026-07-09 16:30:54.805,C3:00:00:63:4D:08,-53,127,4.5,2.0,1.5
1783607454951,2026-07-09 16:30:54.951,C3:00:00:63:4D:08,-61,127,4.5,2.0,1.5
1783607455247,2026-07-09 16:30:55.247,C3:00:00:63:4D:08,-61,127,4.5,2.0,1.5
1783607455351,2026-07-09 16:30:55.351,C3:00:00:63:4D:08,-52,127,4.5,2.0,1.5
1783607455457,2026-07-09 16:30:55.457,C3:00:00:63:4D:08,-61,127,4.5,2.0,1.5
1783607455565,2026-07-09 16:30:55.565,C3:00:00:63:4D:08,-60,127,4.5,2.0,1.5
1783607455760,2026-07-09 16:30:55.760,C3:00:00:63:4D:08,-61,127,4.5,2.0,1.5
1783607455870,2026-07-09 16:30:55.870,C3:00:00:63:4D:08,-60,127,4.5,2.0,1.5
1783607455891,2026-07-09 16:30:55.891,C3:00:00:63:4D:08,-60,127,4.5,2.0,1.5
1783607455960,2026-07-09 16:30:55.960,C3:00:00:63:4D:08,-52,127,4.5,2.0,1.5
1783607456062,2026-07-09 16:30:56.062,C3:00:00:63:4D:08,-61,127,4.5,2.0,1.5
1783607456179,2026-07-09 16:30:56.179,C3:00:00:63:4D:08,-60,127,4.5,2.0,1.5
1783607456376,2026-07-09 16:30:56.376,C3:00:00:63:4D:08,-60,127,4.5,2.0,1.5
1783607456476,2026-07-09 16:30:56.476,C3:00:00:63:4D:08,-60,127,4.5,2.0,1.5
1783607456585,2026-07-09 16:30:56.585,C3:00:00:63:4D:08,-53,127,4.5,2.0,1.5
1783607456687,2026-07-09 16:30:56.687,C3:00:00:63:4D:08,-61,127,4.5,2.0,1.5
1783607456778,2026-07-09 16:30:56.778,C3:00:00:63:4D:08,-60,127,4.5,2.0,1.5
1783607456805,2026-07-09 16:30:56.805,C3:00:00:63:4D:08,-60,127,4.5,2.0,1.5
1783607456888,2026-07-09 16:30:56.888,C3:00:00:63:4D:08,-53,127,4.5,2.0,1.5
1783607457091,2026-07-09 16:30:57.091,C3:00:00:63:4D:08,-60,127,4.5,2.0,1.5
1783607457205,2026-07-09 16:30:57.205,C3:00:00:63:4D:08,-52,127,4.5,2.0,1.5
1783607457289,2026-07-09 16:30:57.289,C3:00:00:63:4D:08,-61,127,4.5,2.0,1.5
1783607457492,2026-07-09 16:30:57.492,C3:00:00:63:4D:08,-53,127,4.5,2.0,1.5
1783607457607,2026-07-09 16:30:57.607,C3:00:00:63:4D:08,-61,127,4.5,2.0,1.5
1783607457716,2026-07-09 16:30:57.716,C3:00:00:63:4D:08,-60,127,4.5,2.0,1.5
1783607457886,2026-07-09 16:30:57.886,C3:00:00:63:4D:08,-61,127,4.5,2.0,1.5
1783607458007,2026-07-09 16:30:58.007,C3:00:00:63:4D:08,-60,127,4.5,2.0,1.5
1783607458113,2026-07-09 16:30:58.113,C3:00:00:63:4D:08,-52,127,4.5,2.0,1.5
1783607458185,2026-07-09 16:30:58.185,C3:00:00:63:4D:08,-61,127,4.5,2.0,1.5
1783607458210,2026-07-09 16:30:58.210,C3:00:00:63:4D:08,-61,127,4.5,2.0,1.5
1783607458308,2026-07-09 16:30:58.308,C3:00:00:63:4D:08,-60,127,4.5,2.0,1.5
1783607458411,2026-07-09 16:30:58.411,C3:00:00:63:4D:08,-52,127,4.5,2.0,1.5
1783607458512,2026-07-09 16:30:58.512,C3:00:00:63:4D:08,-61,127,4.5,2.0,1.5
1783607458615,2026-07-09 16:30:58.615,C3:00:00:63:4D:08,-60,127,4.5,2.0,1.5
1783607458718,2026-07-09 16:30:58.718,C3:00:00:63:4D:08,-52,127,4.5,2.0,1.5
1783607458819,2026-07-09 16:30:58.819,C3:00:00:63:4D:08,-61,127,4.5,2.0,1.5
1783607458839,2026-07-09 16:30:58.839,C3:00:00:63:4D:08,-61,127,4.5,2.0,1.5
1783607458923,2026-07-09 16:30:58.923,C3:00:00:63:4D:08,-60,127,4.5,2.0,1.5
1783607459027,2026-07-09 16:30:59.027,C3:00:00:63:4D:08,-52,127,4.5,2.0,1.5
1783607459128,2026-07-09 16:30:59.128,C3:00:00:63:4D:08,-61,127,4.5,2.0,1.5
1783607459222,2026-07-09 16:30:59.222,C3:00:00:63:4D:08,-60,127,4.5,2.0,1.5
1783607459336,2026-07-09 16:30:59.336,C3:00:00:63:4D:08,-53,127,4.5,2.0,1.5
1783607459444,2026-07-09 16:30:59.444,C3:00:00:63:4D:08,-61,127,4.5,2.0,1.5
1783607459534,2026-07-09 16:30:59.534,C3:00:00:63:4D:08,-60,127,4.5,2.0,1.5
1783607459639,2026-07-09 16:30:59.639,C3:00:00:63:4D:08,-52,127,4.5,2.0,1.5
1783607459740,2026-07-09 16:30:59.740,C3:00:00:63:4D:08,-61,127,4.5,2.0,1.5
1783607459943,2026-07-09 16:30:59.943,C3:00:00:63:4D:08,-52,127,4.5,2.0,1.5
1783607460057,2026-07-09 16:31:00.057,C3:00:00:63:4D:08,-61,127,4.5,2.0,1.5
1783607460249,2026-07-09 16:31:00.249,C3:00:00:63:4D:08,-53,127,4.5,2.0,1.5
1783607460352,2026-07-09 16:31:00.352,C3:00:00:63:4D:08,-59,127,4.5,2.0,1.5
1783607460460,2026-07-09 16:31:00.460,C3:00:00:63:4D:08,-52,127,4.5,2.0,1.5
1783607460559,2026-07-09 16:31:00.559,C3:00:00:63:4D:08,-60,127,4.5,2.0,1.5
1783607460659,2026-07-09 16:31:00.659,C3:00:00:63:4D:08,-58,127,4.5,2.0,1.5
1783607460772,2026-07-09 16:31:00.772,C3:00:00:63:4D:08,-53,127,4.5,2.0,1.5
1783607460836,2026-07-09 16:31:00.836,C3:00:00:63:4D:08,-53,127,4.5,2.0,1.5
1783607460857,2026-07-09 16:31:00.857,C3:00:00:63:4D:08,-60,127,4.5,2.0,1.5
1783607461065,2026-07-09 16:31:01.065,C3:00:00:63:4D:08,-52,127,4.5,2.0,1.5
1783607461168,2026-07-09 16:31:01.168,C3:00:00:63:4D:08,-61,127,4.5,2.0,1.5
1783607461275,2026-07-09 16:31:01.275,C3:00:00:63:4D:08,-60,127,4.5,2.0,1.5
1783607461379,2026-07-09 16:31:01.379,C3:00:00:63:4D:08,-53,127,4.5,2.0,1.5
1783607461476,2026-07-09 16:31:01.476,C3:00:00:63:4D:08,-61,127,4.5,2.0,1.5
1783607461676,2026-07-09 16:31:01.676,C3:00:00:63:4D:08,-52,127,4.5,2.0,1.5
1783607461885,2026-07-09 16:31:01.885,C3:00:00:63:4D:08,-60,127,4.5,2.0,1.5
1783607461910,2026-07-09 16:31:01.910,C3:00:00:63:4D:08,-59,127,4.5,2.0,1.5
1783607462088,2026-07-09 16:31:02.088,C3:00:00:63:4D:08,-61,127,4.5,2.0,1.5
1783607462191,2026-07-09 16:31:02.191,C3:00:00:63:4D:08,-60,127,4.5,2.0,1.5
1783607462219,2026-07-09 16:31:02.219,C3:00:00:63:4D:08,-60,127,4.5,2.0,1.5
1783607462597,2026-07-09 16:31:02.597,C3:00:00:63:4D:08,-52,127,4.5,2.0,1.5
1783607462698,2026-07-09 16:31:02.698,C3:00:00:63:4D:08,-61,127,4.5,2.0,1.5
1783607462802,2026-07-09 16:31:02.802,C3:00:00:63:4D:08,-59,127,4.5,2.0,1.5
1783607462834,2026-07-09 16:31:02.834,C3:00:00:63:4D:08,-60,127,4.5,2.0,1.5
1783607462904,2026-07-09 16:31:02.904,C3:00:00:63:4D:08,-52,127,4.5,2.0,1.5
1783607463001,2026-07-09 16:31:03.001,C3:00:00:63:4D:08,-61,127,4.5,2.0,1.5
1783607463114,2026-07-09 16:31:03.114,C3:00:00:63:4D:08,-60,127,4.5,2.0,1.5
1783607463310,2026-07-09 16:31:03.310,C3:00:00:63:4D:08,-61,127,4.5,2.0,1.5
1783607463419,2026-07-09 16:31:03.419,C3:00:00:63:4D:08,-59,127,4.5,2.0,1.5
1783607463517,2026-07-09 16:31:03.517,C3:00:00:63:4D:08,-52,127,4.5,2.0,1.5
1783607463716,2026-07-09 16:31:03.716,C3:00:00:63:4D:08,-59,127,4.5,2.0,1.5
1783607463930,2026-07-09 16:31:03.930,C3:00:00:63:4D:08,-61,127,4.5,2.0,1.5
1783607464030,2026-07-09 16:31:04.030,C3:00:00:63:4D:08,-59,127,4.5,2.0,1.5
1783607464223,2026-07-09 16:31:04.223,C3:00:00:63:4D:08,-61,127,4.5,2.0,1.5
1783607464328,2026-07-09 16:31:04.328,C3:00:00:63:4D:08,-59,127,4.5,2.0,1.5
1783607464436,2026-07-09 16:31:04.436,C3:00:00:63:4D:08,-52,127,4.5,2.0,1.5
1783607464533,2026-07-09 16:31:04.533,C3:00:00:63:4D:08,-61,127,4.5,2.0,1.5
1783607464633,2026-07-09 16:31:04.633,C3:00:00:63:4D:08,-59,127,4.5,2.0,1.5
1783607464735,2026-07-09 16:31:04.735,C3:00:00:63:4D:08,-52,127,4.5,2.0,1.5
1783607464844,2026-07-09 16:31:04.844,C3:00:00:63:4D:08,-61,127,4.5,2.0,1.5
1783607464866,2026-07-09 16:31:04.866,C3:00:00:63:4D:08,-60,127,4.5,2.0,1.5
1783607464943,2026-07-09 16:31:04.943,C3:00:00:63:4D:08,-59,127,4.5,2.0,1.5
1783607465053,2026-07-09 16:31:05.053,C3:00:00:63:4D:08,-53,127,4.5,2.0,1.5
1783607465140,2026-07-09 16:31:05.140,C3:00:00:63:4D:08,-61,127,4.5,2.0,1.5
1783607465257,2026-07-09 16:31:05.257,C3:00:00:63:4D:08,-59,127,4.5,2.0,1.5
1783607465347,2026-07-09 16:31:05.347,C3:00:00:63:4D:08,-52,127,4.5,2.0,1.5
1783607465452,2026-07-09 16:31:05.452,C3:00:00:63:4D:08,-61,127,4.5,2.0,1.5
1783607465657,2026-07-09 16:31:05.657,C3:00:00:63:4D:08,-61,127,4.5,2.0,1.5
1783607466063,2026-07-09 16:31:06.063,C3:00:00:63:4D:08,-59,127,4.5,2.0,1.5
1783607466167,2026-07-09 16:31:06.167,C3:00:00:63:4D:08,-52,127,4.5,2.0,1.5
1783607466197,2026-07-09 16:31:06.197,C3:00:00:63:4D:08,-53,127,4.5,2.0,1.5
1783607466265,2026-07-09 16:31:06.265,C3:00:00:63:4D:08,-61,127,4.5,2.0,1.5
1783607466467,2026-07-09 16:31:06.467,C3:00:00:63:4D:08,-60,127,4.5,2.0,1.5
1783607466573,2026-07-09 16:31:06.573,C3:00:00:63:4D:08,-61,127,4.5,2.0,1.5
1783607466674,2026-07-09 16:31:06.674,C3:00:00:63:4D:08,-59,127,4.5,2.0,1.5
1783607466778,2026-07-09 16:31:06.778,C3:00:00:63:4D:08,-52,127,4.5,2.0,1.5
1783607466848,2026-07-09 16:31:06.848,C3:00:00:63:4D:08,-52,127,4.5,2.0,1.5
1783607466869,2026-07-09 16:31:06.869,C3:00:00:63:4D:08,-61,127,4.5,2.0,1.5
1783607466984,2026-07-09 16:31:06.984,C3:00:00:63:4D:08,-59,127,4.5,2.0,1.5
1783607467095,2026-07-09 16:31:07.095,C3:00:00:63:4D:08,-52,127,4.5,2.0,1.5
1783607467190,2026-07-09 16:31:07.190,C3:00:00:63:4D:08,-61,127,4.5,2.0,1.5
1783607467291,2026-07-09 16:31:07.291,C3:00:00:63:4D:08,-59,127,4.5,2.0,1.5
1783607467388,2026-07-09 16:31:07.388,C3:00:00:63:4D:08,-52,127,4.5,2.0,1.5
1783607467488,2026-07-09 16:31:07.488,C3:00:00:63:4D:08,-61,127,4.5,2.0,1.5
1783607467936,2026-07-09 16:31:07.936,C3:00:00:63:4D:08,-60,127,4.5,2.0,1.5
1783607468104,2026-07-09 16:31:08.104,C3:00:00:63:4D:08,-61,127,4.5,2.0,1.5
1783607468210,2026-07-09 16:31:08.210,C3:00:00:63:4D:08,-59,127,4.5,2.0,1.5
1783607468307,2026-07-09 16:31:08.307,C3:00:00:63:4D:08,-52,127,4.5,2.0,1.5
1783607468404,2026-07-09 16:31:08.404,C3:00:00:63:4D:08,-61,127,4.5,2.0,1.5
1783607468519,2026-07-09 16:31:08.519,C3:00:00:63:4D:08,-59,127,4.5,2.0,1.5
1783607468818,2026-07-09 16:31:08.818,C3:00:00:63:4D:08,-59,127,4.5,2.0,1.5
1783607468857,2026-07-09 16:31:08.857,C3:00:00:63:4D:08,-53,127,4.5,2.0,1.5
1783607469128,2026-07-09 16:31:09.128,C3:00:00:63:4D:08,-59,127,4.5,2.0,1.5
1783607469426,2026-07-09 16:31:09.426,C3:00:00:63:4D:08,-59,127,4.5,2.0,1.5
1783607469527,2026-07-09 16:31:09.527,C3:00:00:63:4D:08,-52,127,4.5,2.0,1.5
1783607469734,2026-07-09 16:31:09.734,C3:00:00:63:4D:08,-59,127,4.5,2.0,1.5
1783607469836,2026-07-09 16:31:09.836,C3:00:00:63:4D:08,-52,127,4.5,2.0,1.5
1783607469928,2026-07-09 16:31:09.928,C3:00:00:63:4D:08,-61,127,4.5,2.0,1.5
1783607469954,2026-07-09 16:31:09.954,C3:00:00:63:4D:08,-59,127,4.5,2.0,1.5
1783607470044,2026-07-09 16:31:10.044,C3:00:00:63:4D:08,-59,127,4.5,2.0,1.5
1783607470151,2026-07-09 16:31:10.151,C3:00:00:63:4D:08,-53,127,4.5,2.0,1.5
1783607470245,2026-07-09 16:31:10.245,C3:00:00:63:4D:08,-61,127,4.5,2.0,1.5
1783607470351,2026-07-09 16:31:10.351,C3:00:00:63:4D:08,-59,127,4.5,2.0,1.5
1783607470459,2026-07-09 16:31:10.459,C3:00:00:63:4D:08,-61,127,4.5,2.0,1.5
1783607470475,2026-07-09 16:31:10.475,C3:00:00:63:4D:08,-69,127,4.5,2.0,1.5
1783607470662,2026-07-09 16:31:10.662,C3:00:00:63:4D:08,-52,127,4.5,2.0,1.5
1783607470761,2026-07-09 16:31:10.761,C3:00:00:63:4D:08,-61,127,4.5,2.0,1.5
1783607470886,2026-07-09 16:31:10.886,C3:00:00:63:4D:08,-60,127,4.5,2.0,1.5
1783607471170,2026-07-09 16:31:11.170,C3:00:00:63:4D:08,-59,127,4.5,2.0,1.5
1783607471577,2026-07-09 16:31:11.577,C3:00:00:63:4D:08,-52,127,4.5,2.0,1.5
1783607471689,2026-07-09 16:31:11.689,C3:00:00:63:4D:08,-61,127,4.5,2.0,1.5
1783607471775,2026-07-09 16:31:11.775,C3:00:00:63:4D:08,-59,127,4.5,2.0,1.5
1783607471944,2026-07-09 16:31:11.944,C3:00:00:63:4D:08,-52,127,4.5,2.0,1.5
1783607471974,2026-07-09 16:31:11.974,C3:00:00:63:4D:08,-61,127,4.5,2.0,1.5
1783607472080,2026-07-09 16:31:12.080,C3:00:00:63:4D:08,-59,127,4.5,2.0,1.5
1783607472191,2026-07-09 16:31:12.191,C3:00:00:63:4D:08,-51,127,4.5,2.0,1.5
1783607472386,2026-07-09 16:31:12.386,C3:00:00:63:4D:08,-59,127,4.5,2.0,1.5
1783607472493,2026-07-09 16:31:12.493,C3:00:00:63:4D:08,-52,127,4.5,2.0,1.5
1783607472594,2026-07-09 16:31:12.594,C3:00:00:63:4D:08,-61,127,4.5,2.0,1.5
1783607472698,2026-07-09 16:31:12.698,C3:00:00:63:4D:08,-59,127,4.5,2.0,1.5
1783607472797,2026-07-09 16:31:12.797,C3:00:00:63:4D:08,-52,127,4.5,2.0,1.5
1783607472910,2026-07-09 16:31:12.910,C3:00:00:63:4D:08,-61,127,4.5,2.0,1.5
1783607472998,2026-07-09 16:31:12.998,C3:00:00:63:4D:08,-59,127,4.5,2.0,1.5
1783607473207,2026-07-09 16:31:13.207,C3:00:00:63:4D:08,-61,127,4.5,2.0,1.5
1783607473305,2026-07-09 16:31:13.305,C3:00:00:63:4D:08,-60,127,4.5,2.0,1.5
1783607473404,2026-07-09 16:31:13.404,C3:00:00:63:4D:08,-52,127,4.5,2.0,1.5
1783607473513,2026-07-09 16:31:13.513,C3:00:00:63:4D:08,-61,127,4.5,2.0,1.5
1783607473608,2026-07-09 16:31:13.608,C3:00:00:63:4D:08,-59,127,4.5,2.0,1.5
1783607473710,2026-07-09 16:31:13.710,C3:00:00:63:4D:08,-53,127,4.5,2.0,1.5
1783607473808,2026-07-09 16:31:13.808,C3:00:00:63:4D:08,-61,127,4.5,2.0,1.5
1783607473927,2026-07-09 16:31:13.927,C3:00:00:63:4D:08,-59,127,4.5,2.0,1.5
1783607474021,2026-07-09 16:31:14.021,C3:00:00:63:4D:08,-52,127,4.5,2.0,1.5
1783607474115,2026-07-09 16:31:14.115,C3:00:00:63:4D:08,-61,127,4.5,2.0,1.5
1783607474208,2026-07-09 16:31:14.208,C3:00:00:63:4D:08,-60,127,4.5,2.0,1.5
1783607474234,2026-07-09 16:31:14.234,C3:00:00:63:4D:08,-59,127,4.5,2.0,1.5
1783607474325,2026-07-09 16:31:14.325,C3:00:00:63:4D:08,-52,127,4.5,2.0,1.5
1783607474429,2026-07-09 16:31:14.429,C3:00:00:63:4D:08,-61,127,4.5,2.0,1.5
1783607474462,2026-07-09 16:31:14.462,C3:00:00:63:4D:08,-67,127,4.5,2.0,1.5
1783607474544,2026-07-09 16:31:14.544,C3:00:00:63:4D:08,-59,127,4.5,2.0,1.5
1783607474638,2026-07-09 16:31:14.638,C3:00:00:63:4D:08,-53,127,4.5,2.0,1.5
1783607474731,2026-07-09 16:31:14.731,C3:00:00:63:4D:08,-61,127,4.5,2.0,1.5
1783607474839,2026-07-09 16:31:14.839,C3:00:00:63:4D:08,-59,127,4.5,2.0,1.5
1783607474874,2026-07-09 16:31:14.874,C3:00:00:63:4D:08,-52,127,4.5,2.0,1.5
1783607474941,2026-07-09 16:31:14.941,C3:00:00:63:4D:08,-52,127,4.5,2.0,1.5
1783607475136,2026-07-09 16:31:15.136,C3:00:00:63:4D:08,-59,127,4.5,2.0,1.5
1783607475244,2026-07-09 16:31:15.244,C3:00:00:63:4D:08,-53,127,4.5,2.0,1.5
1783607475349,2026-07-09 16:31:15.349,C3:00:00:63:4D:08,-61,127,4.5,2.0,1.5
1783607475449,2026-07-09 16:31:15.449,C3:00:00:63:4D:08,-52,127,4.5,2.0,1.5
1783607475751,2026-07-09 16:31:15.751,C3:00:00:63:4D:08,-59,127,4.5,2.0,1.5
1783607475848,2026-07-09 16:31:15.848,C3:00:00:63:4D:08,-61,127,4.5,2.0,1.5
1783607475964,2026-07-09 16:31:15.964,C3:00:00:63:4D:08,-59,127,4.5,2.0,1.5
1783607475986,2026-07-09 16:31:15.986,C3:00:00:63:4D:08,-59,127,4.5,2.0,1.5
1783607476053,2026-07-09 16:31:16.053,C3:00:00:63:4D:08,-52,127,4.5,2.0,1.5
1783607476167,2026-07-09 16:31:16.167,C3:00:00:63:4D:08,-61,127,4.5,2.0,1.5
1783607476369,2026-07-09 16:31:16.369,C3:00:00:63:4D:08,-53,127,4.5,2.0,1.5
1783607476460,2026-07-09 16:31:16.460,C3:00:00:63:4D:08,-61,127,4.5,2.0,1.5
1783607476577,2026-07-09 16:31:16.577,C3:00:00:63:4D:08,-59,127,4.5,2.0,1.5
1783607476669,2026-07-09 16:31:16.669,C3:00:00:63:4D:08,-54,127,4.5,2.0,1.5
1783607476884,2026-07-09 16:31:16.884,C3:00:00:63:4D:08,-59,127,4.5,2.0,1.5
1783607476909,2026-07-09 16:31:16.909,C3:00:00:63:4D:08,-60,127,4.5,2.0,1.5
1783607476985,2026-07-09 16:31:16.985,C3:00:00:63:4D:08,-52,127,4.5,2.0,1.5
1783607477179,2026-07-09 16:31:17.179,C3:00:00:63:4D:08,-59,127,4.5,2.0,1.5
1783607477288,2026-07-09 16:31:17.288,C3:00:00:63:4D:08,-52,127,4.5,2.0,1.5
1783607477378,2026-07-09 16:31:17.378,C3:00:00:63:4D:08,-61,127,4.5,2.0,1.5
1783607477589,2026-07-09 16:31:17.589,C3:00:00:63:4D:08,-52,127,4.5,2.0,1.5
1783607477690,2026-07-09 16:31:17.690,C3:00:00:63:4D:08,-61,127,4.5,2.0,1.5
1783607477791,2026-07-09 16:31:17.791,C3:00:00:63:4D:08,-59,127,4.5,2.0,1.5
1783607477905,2026-07-09 16:31:17.905,C3:00:00:63:4D:08,-52,127,4.5,2.0,1.5
1783607477973,2026-07-09 16:31:17.973,C3:00:00:63:4D:08,-61,127,4.5,2.0,1.5
1783607477998,2026-07-09 16:31:17.998,C3:00:00:63:4D:08,-61,127,4.5,2.0,1.5
1783607478102,2026-07-09 16:31:18.102,C3:00:00:63:4D:08,-59,127,4.5,2.0,1.5
1783607478202,2026-07-09 16:31:18.202,C3:00:00:63:4D:08,-52,127,4.5,2.0,1.5
1783607478229,2026-07-09 16:31:18.229,C3:00:00:63:4D:08,-52,127,4.5,2.0,1.5
1783607478305,2026-07-09 16:31:18.305,C3:00:00:63:4D:08,-61,127,4.5,2.0,1.5
1783607478410,2026-07-09 16:31:18.410,C3:00:00:63:4D:08,-59,127,4.5,2.0,1.5
1783607478605,2026-07-09 16:31:18.605,C3:00:00:63:4D:08,-61,127,4.5,2.0,1.5
1783607478712,2026-07-09 16:31:18.712,C3:00:00:63:4D:08,-59,127,4.5,2.0,1.5
1783607478814,2026-07-09 16:31:18.814,C3:00:00:63:4D:08,-52,127,4.5,2.0,1.5
1783607478912,2026-07-09 16:31:18.912,C3:00:00:63:4D:08,-61,127,4.5,2.0,1.5
1783607479116,2026-07-09 16:31:19.116,C3:00:00:63:4D:08,-52,127,4.5,2.0,1.5
1783607479327,2026-07-09 16:31:19.327,C3:00:00:63:4D:08,-59,127,4.5,2.0,1.5
1783607479529,2026-07-09 16:31:19.529,C3:00:00:63:4D:08,-61,127,4.5,2.0,1.5
1783607479742,2026-07-09 16:31:19.742,C3:00:00:63:4D:08,-53,127,4.5,2.0,1.5
1783607479830,2026-07-09 16:31:19.830,C3:00:00:63:4D:08,-61,127,4.5,2.0,1.5
1783607479940,2026-07-09 16:31:19.940,C3:00:00:63:4D:08,-59,127,4.5,2.0,1.5
1783607479982,2026-07-09 16:31:19.982,C3:00:00:63:4D:08,-52,127,4.5,2.0,1.5
1783607480035,2026-07-09 16:31:20.035,C3:00:00:63:4D:08,-52,127,4.5,2.0,1.5
1783607480234,2026-07-09 16:31:20.234,C3:00:00:63:4D:08,-59,127,4.5,2.0,1.5
1783607480547,2026-07-09 16:31:20.547,C3:00:00:63:4D:08,-59,127,4.5,2.0,1.5
1783607480750,2026-07-09 16:31:20.750,C3:00:00:63:4D:08,-59,127,4.5,2.0,1.5
1783607480864,2026-07-09 16:31:20.864,C3:00:00:63:4D:08,-52,127,4.5,2.0,1.5
1783607480952,2026-07-09 16:31:20.952,C3:00:00:63:4D:08,-61,127,4.5,2.0,1.5
1783607481052,2026-07-09 16:31:21.052,C3:00:00:63:4D:08,-59,127,4.5,2.0,1.5
1783607481167,2026-07-09 16:31:21.167,C3:00:00:63:4D:08,-52,127,4.5,2.0,1.5
1783607481262,2026-07-09 16:31:21.262,C3:00:00:63:4D:08,-61,127,4.5,2.0,1.5
1783607481364,2026-07-09 16:31:21.364,C3:00:00:63:4D:08,-59,127,4.5,2.0,1.5
1783607481563,2026-07-09 16:31:21.563,C3:00:00:63:4D:08,-60,127,4.5,2.0,1.5
1783607481677,2026-07-09 16:31:21.677,C3:00:00:63:4D:08,-60,127,4.5,2.0,1.5
1783607481777,2026-07-09 16:31:21.777,C3:00:00:63:4D:08,-52,127,4.5,2.0,1.5
1783607481873,2026-07-09 16:31:21.873,C3:00:00:63:4D:08,-61,127,4.5,2.0,1.5
1783607481980,2026-07-09 16:31:21.980,C3:00:00:63:4D:08,-59,127,4.5,2.0,1.5
1783607481997,2026-07-09 16:31:21.997,C3:00:00:63:4D:08,-60,127,4.5,2.0,1.5
1783607482076,2026-07-09 16:31:22.076,C3:00:00:63:4D:08,-52,127,4.5,2.0,1.5
1783607482175,2026-07-09 16:31:22.175,C3:00:00:63:4D:08,-60,127,4.5,2.0,1.5
1783607482223,2026-07-09 16:31:22.223,C3:00:00:63:4D:08,-61,127,4.5,2.0,1.5
1783607482280,2026-07-09 16:31:22.280,C3:00:00:63:4D:08,-59,127,4.5,2.0,1.5
1783607482380,2026-07-09 16:31:22.380,C3:00:00:63:4D:08,-52,127,4.5,2.0,1.5
1783607482465,2026-07-09 16:31:22.465,C3:00:00:63:4D:08,-69,127,4.5,2.0,1.5
1783607482591,2026-07-09 16:31:22.591,C3:00:00:63:4D:08,-59,127,4.5,2.0,1.5
1783607482687,2026-07-09 16:31:22.687,C3:00:00:63:4D:08,-52,127,4.5,2.0,1.5
1783607482785,2026-07-09 16:31:22.785,C3:00:00:63:4D:08,-61,127,4.5,2.0,1.5
1783607482893,2026-07-09 16:31:22.893,C3:00:00:63:4D:08,-59,127,4.5,2.0,1.5
1783607483094,2026-07-09 16:31:23.094,C3:00:00:63:4D:08,-61,127,4.5,2.0,1.5
1783607483199,2026-07-09 16:31:23.199,C3:00:00:63:4D:08,-59,127,4.5,2.0,1.5
1783607483305,2026-07-09 16:31:23.305,C3:00:00:63:4D:08,-52,127,4.5,2.0,1.5
1783607483508,2026-07-09 16:31:23.508,C3:00:00:63:4D:08,-59,127,4.5,2.0,1.5
1783607483605,2026-07-09 16:31:23.605,C3:00:00:63:4D:08,-52,127,4.5,2.0,1.5
1783607483812,2026-07-09 16:31:23.812,C3:00:00:63:4D:08,-58,127,4.5,2.0,1.5
1783607483923,2026-07-09 16:31:23.923,C3:00:00:63:4D:08,-52,127,4.5,2.0,1.5
1783607484004,2026-07-09 16:31:24.004,C3:00:00:63:4D:08,-61,127,4.5,2.0,1.5
1783607484029,2026-07-09 16:31:24.029,C3:00:00:63:4D:08,-60,127,4.5,2.0,1.5
1783607484123,2026-07-09 16:31:24.123,C3:00:00:63:4D:08,-58,127,4.5,2.0,1.5
1783607484216,2026-07-09 16:31:24.216,C3:00:00:63:4D:08,-52,127,4.5,2.0,1.5
1783607484317,2026-07-09 16:31:24.317,C3:00:00:63:4D:08,-61,127,4.5,2.0,1.5
1783607484419,2026-07-09 16:31:24.419,C3:00:00:63:4D:08,-60,127,4.5,2.0,1.5
1783607484624,2026-07-09 16:31:24.624,C3:00:00:63:4D:08,-62,127,4.5,2.0,1.5
1783607484740,2026-07-09 16:31:24.740,C3:00:00:63:4D:08,-59,127,4.5,2.0,1.5
1783607484904,2026-07-09 16:31:24.904,C3:00:00:63:4D:08,-61,127,4.5,2.0,1.5
1783607484936,2026-07-09 16:31:24.936,C3:00:00:63:4D:08,-61,127,4.5,2.0,1.5
1783607485041,2026-07-09 16:31:25.041,C3:00:00:63:4D:08,-59,127,4.5,2.0,1.5
1783607485138,2026-07-09 16:31:25.138,C3:00:00:63:4D:08,-53,127,4.5,2.0,1.5
1783607485235,2026-07-09 16:31:25.235,C3:00:00:63:4D:08,-60,127,4.5,2.0,1.5
1783607485342,2026-07-09 16:31:25.342,C3:00:00:63:4D:08,-59,127,4.5,2.0,1.5
1783607485549,2026-07-09 16:31:25.549,C3:00:00:63:4D:08,-60,127,4.5,2.0,1.5
1783607485650,2026-07-09 16:31:25.650,C3:00:00:63:4D:08,-59,127,4.5,2.0,1.5
1783607486009,2026-07-09 16:31:26.009,C3:00:00:63:4D:08,-53,127,4.5,2.0,1.5
1783607486060,2026-07-09 16:31:26.060,C3:00:00:63:4D:08,-61,127,4.5,2.0,1.5
1783607486156,2026-07-09 16:31:26.156,C3:00:00:63:4D:08,-59,127,4.5,2.0,1.5
1783607486364,2026-07-09 16:31:26.364,C3:00:00:63:4D:08,-60,127,4.5,2.0,1.5
1783607486462,2026-07-09 16:31:26.462,C3:00:00:63:4D:08,-59,127,4.5,2.0,1.5
1783607486484,2026-07-09 16:31:26.484,C3:00:00:63:4D:08,-67,127,4.5,2.0,1.5
1783607486564,2026-07-09 16:31:26.564,C3:00:00:63:4D:08,-53,127,4.5,2.0,1.5
1783607486660,2026-07-09 16:31:26.660,C3:00:00:63:4D:08,-60,127,4.5,2.0,1.5
1783607486773,2026-07-09 16:31:26.773,C3:00:00:63:4D:08,-59,127,4.5,2.0,1.5
1783607486883,2026-07-09 16:31:26.883,C3:00:00:63:4D:08,-53,127,4.5,2.0,1.5
1783607486909,2026-07-09 16:31:26.909,C3:00:00:63:4D:08,-53,127,4.5,2.0,1.5
1783607487069,2026-07-09 16:31:27.069,C3:00:00:63:4D:08,-59,127,4.5,2.0,1.5
1783607487173,2026-07-09 16:31:27.173,C3:00:00:63:4D:08,-53,127,4.5,2.0,1.5
1783607487279,2026-07-09 16:31:27.279,C3:00:00:63:4D:08,-60,127,4.5,2.0,1.5
1783607487383,2026-07-09 16:31:27.383,C3:00:00:63:4D:08,-59,127,4.5,2.0,1.5
1783607487483,2026-07-09 16:31:27.483,C3:00:00:63:4D:08,-53,127,4.5,2.0,1.5
1783607487679,2026-07-09 16:31:27.679,C3:00:00:63:4D:08,-59,127,4.5,2.0,1.5
1783607487790,2026-07-09 16:31:27.790,C3:00:00:63:4D:08,-53,127,4.5,2.0,1.5
1783607487887,2026-07-09 16:31:27.887,C3:00:00:63:4D:08,-60,127,4.5,2.0,1.5
1783607487990,2026-07-09 16:31:27.990,C3:00:00:63:4D:08,-59,127,4.5,2.0,1.5
1783607488020,2026-07-09 16:31:28.020,C3:00:00:63:4D:08,-60,127,4.5,2.0,1.5
1783607488100,2026-07-09 16:31:28.100,C3:00:00:63:4D:08,-53,127,4.5,2.0,1.5
1783607488190,2026-07-09 16:31:28.190,C3:00:00:63:4D:08,-60,127,4.5,2.0,1.5
1783607488298,2026-07-09 16:31:28.298,C3:00:00:63:4D:08,-59,127,4.5,2.0,1.5
1783607488406,2026-07-09 16:31:28.406,C3:00:00:63:4D:08,-53,127,4.5,2.0,1.5
1783607488506,2026-07-09 16:31:28.506,C3:00:00:63:4D:08,-61,127,4.5,2.0,1.5
1783607488715,2026-07-09 16:31:28.715,C3:00:00:63:4D:08,-54,127,4.5,2.0,1.5
1783607488812,2026-07-09 16:31:28.812,C3:00:00:63:4D:08,-60,127,4.5,2.0,1.5
1783607488913,2026-07-09 16:31:28.913,C3:00:00:63:4D:08,-60,127,4.5,2.0,1.5
1783607488932,2026-07-09 16:31:28.932,C3:00:00:63:4D:08,-60,127,4.5,2.0,1.5
1783607489016,2026-07-09 16:31:29.016,C3:00:00:63:4D:08,-53,127,4.5,2.0,1.5
1783607489107,2026-07-09 16:31:29.107,C3:00:00:63:4D:08,-61,127,4.5,2.0,1.5
1783607489221,2026-07-09 16:31:29.221,C3:00:00:63:4D:08,-59,127,4.5,2.0,1.5
1783607489312,2026-07-09 16:31:29.312,C3:00:00:63:4D:08,-53,127,4.5,2.0,1.5
1783607489626,2026-07-09 16:31:29.626,C3:00:00:63:4D:08,-53,127,4.5,2.0,1.5
1783607489725,2026-07-09 16:31:29.725,C3:00:00:63:4D:08,-61,127,4.5,2.0,1.5
1783607489830,2026-07-09 16:31:29.830,C3:00:00:63:4D:08,-59,127,4.5,2.0,1.5
1783607489932,2026-07-09 16:31:29.932,C3:00:00:63:4D:08,-53,127,4.5,2.0,1.5
1783607490024,2026-07-09 16:31:30.024,C3:00:00:63:4D:08,-61,127,4.5,2.0,1.5
1783607490129,2026-07-09 16:31:30.129,C3:00:00:63:4D:08,-60,127,4.5,2.0,1.5
1783607490247,2026-07-09 16:31:30.247,C3:00:00:63:4D:08,-53,127,4.5,2.0,1.5
1783607490256,2026-07-09 16:31:30.256,C3:00:00:63:4D:08,-61,127,4.5,2.0,1.5
1783607490334,2026-07-09 16:31:30.334,C3:00:00:63:4D:08,-60,127,4.5,2.0,1.5
1783607490448,2026-07-09 16:31:30.448,C3:00:00:63:4D:08,-60,127,4.5,2.0,1.5
1783607490467,2026-07-09 16:31:30.467,C3:00:00:63:4D:08,-61,127,4.5,2.0,1.5
1783607490552,2026-07-09 16:31:30.552,C3:00:00:63:4D:08,-53,127,4.5,2.0,1.5
1783607490746,2026-07-09 16:31:30.746,C3:00:00:63:4D:08,-60,127,4.5,2.0,1.5
1783607490845,2026-07-09 16:31:30.845,C3:00:00:63:4D:08,-53,127,4.5,2.0,1.5
1783607490924,2026-07-09 16:31:30.924,C3:00:00:63:4D:08,-61,127,4.5,2.0,1.5
1783607490953,2026-07-09 16:31:30.953,C3:00:00:63:4D:08,-60,127,4.5,2.0,1.5
1783607491055,2026-07-09 16:31:31.055,C3:00:00:63:4D:08,-53,127,4.5,2.0,1.5
1783607491153,2026-07-09 16:31:31.153,C3:00:00:63:4D:08,-60,127,4.5,2.0,1.5
1783607491257,2026-07-09 16:31:31.257,C3:00:00:63:4D:08,-60,127,4.5,2.0,1.5
1783607491362,2026-07-09 16:31:31.362,C3:00:00:63:4D:08,-53,127,4.5,2.0,1.5
1783607491457,2026-07-09 16:31:31.457,C3:00:00:63:4D:08,-60,127,4.5,2.0,1.5
1783607491568,2026-07-09 16:31:31.568,C3:00:00:63:4D:08,-60,127,4.5,2.0,1.5
1783607491661,2026-07-09 16:31:31.661,C3:00:00:63:4D:08,-53,127,4.5,2.0,1.5
1783607491767,2026-07-09 16:31:31.767,C3:00:00:63:4D:08,-60,127,4.5,2.0,1.5
1783607491865,2026-07-09 16:31:31.865,C3:00:00:63:4D:08,-60,127,4.5,2.0,1.5
1783607492030,2026-07-09 16:31:32.030,C3:00:00:63:4D:08,-53,127,4.5,2.0,1.5
1783607492061,2026-07-09 16:31:32.061,C3:00:00:63:4D:08,-60,127,4.5,2.0,1.5
1783607492170,2026-07-09 16:31:32.170,C3:00:00:63:4D:08,-60,127,4.5,2.0,1.5
1783607492276,2026-07-09 16:31:32.276,C3:00:00:63:4D:08,-53,127,4.5,2.0,1.5
1783607492377,2026-07-09 16:31:32.377,C3:00:00:63:4D:08,-60,127,4.5,2.0,1.5
1783607492475,2026-07-09 16:31:32.475,C3:00:00:63:4D:08,-60,127,4.5,2.0,1.5
1783607492933,2026-07-09 16:31:32.933,C3:00:00:63:4D:08,-53,127,4.5,2.0,1.5
1783607493092,2026-07-09 16:31:33.092,C3:00:00:63:4D:08,-60,127,4.5,2.0,1.5
1783607493189,2026-07-09 16:31:33.189,C3:00:00:63:4D:08,-53,127,4.5,2.0,1.5
1783607493300,2026-07-09 16:31:33.300,C3:00:00:63:4D:08,-61,127,4.5,2.0,1.5
1783607493394,2026-07-09 16:31:33.394,C3:00:00:63:4D:08,-60,127,4.5,2.0,1.5
1783607493506,2026-07-09 16:31:33.506,C3:00:00:63:4D:08,-53,127,4.5,2.0,1.5
1783607493603,2026-07-09 16:31:33.603,C3:00:00:63:4D:08,-61,127,4.5,2.0,1.5
1783607493707,2026-07-09 16:31:33.707,C3:00:00:63:4D:08,-60,127,4.5,2.0,1.5
1783607493807,2026-07-09 16:31:33.807,C3:00:00:63:4D:08,-53,127,4.5,2.0,1.5
1783607493918,2026-07-09 16:31:33.918,C3:00:00:63:4D:08,-61,127,4.5,2.0,1.5
1783607494013,2026-07-09 16:31:34.013,C3:00:00:63:4D:08,-60,127,4.5,2.0,1.5
1783607494043,2026-07-09 16:31:34.043,C3:00:00:63:4D:08,-60,127,4.5,2.0,1.5
1783607494107,2026-07-09 16:31:34.107,C3:00:00:63:4D:08,-53,127,4.5,2.0,1.5
1783607494217,2026-07-09 16:31:34.217,C3:00:00:63:4D:08,-61,127,4.5,2.0,1.5
1783607494313,2026-07-09 16:31:34.313,C3:00:00:63:4D:08,-60,127,4.5,2.0,1.5
1783607494423,2026-07-09 16:31:34.423,C3:00:00:63:4D:08,-53,127,4.5,2.0,1.5
1783607494468,2026-07-09 16:31:34.468,C3:00:00:63:4D:08,-68,127,4.5,2.0,1.5
1783607494621,2026-07-09 16:31:34.621,C3:00:00:63:4D:08,-60,127,4.5,2.0,1.5
1783607494724,2026-07-09 16:31:34.724,C3:00:00:63:4D:08,-53,127,4.5,2.0,1.5
1783607494827,2026-07-09 16:31:34.827,C3:00:00:63:4D:08,-61,127,4.5,2.0,1.5
1783607494932,2026-07-09 16:31:34.932,C3:00:00:63:4D:08,-60,127,4.5,2.0,1.5
1783607494960,2026-07-09 16:31:34.960,C3:00:00:63:4D:08,-53,127,4.5,2.0,1.5
1783607495032,2026-07-09 16:31:35.032,C3:00:00:63:4D:08,-53,127,4.5,2.0,1.5
1783607495127,2026-07-09 16:31:35.127,C3:00:00:63:4D:08,-61,127,4.5,2.0,1.5
1783607495236,2026-07-09 16:31:35.236,C3:00:00:63:4D:08,-60,127,4.5,2.0,1.5
1783607495332,2026-07-09 16:31:35.332,C3:00:00:63:4D:08,-53,127,4.5,2.0,1.5
1783607495436,2026-07-09 16:31:35.436,C3:00:00:63:4D:08,-61,127,4.5,2.0,1.5
1783607495643,2026-07-09 16:31:35.643,C3:00:00:63:4D:08,-53,127,4.5,2.0,1.5
1783607495739,2026-07-09 16:31:35.739,C3:00:00:63:4D:08,-61,127,4.5,2.0,1.5
1783607495850,2026-07-09 16:31:35.850,C3:00:00:63:4D:08,-60,127,4.5,2.0,1.5
1783607495946,2026-07-09 16:31:35.946,C3:00:00:63:4D:08,-52,127,4.5,2.0,1.5
1783607496056,2026-07-09 16:31:36.056,C3:00:00:63:4D:08,-61,127,4.5,2.0,1.5
1783607496064,2026-07-09 16:31:36.064,C3:00:00:63:4D:08,-60,127,4.5,2.0,1.5
1783607496157,2026-07-09 16:31:36.157,C3:00:00:63:4D:08,-53,127,4.5,2.0,1.5
1783607496355,2026-07-09 16:31:36.355,C3:00:00:63:4D:08,-60,127,4.5,2.0,1.5
1783607496455,2026-07-09 16:31:36.455,C3:00:00:63:4D:08,-53,127,4.5,2.0,1.5
1783607496559,2026-07-09 16:31:36.559,C3:00:00:63:4D:08,-61,127,4.5,2.0,1.5
1783607496657,2026-07-09 16:31:36.657,C3:00:00:63:4D:08,-60,127,4.5,2.0,1.5
1783607496766,2026-07-09 16:31:36.766,C3:00:00:63:4D:08,-53,127,4.5,2.0,1.5
1783607496856,2026-07-09 16:31:36.856,C3:00:00:63:4D:08,-62,127,4.5,2.0,1.5
1783607496937,2026-07-09 16:31:36.937,C3:00:00:63:4D:08,-62,127,4.5,2.0,1.5
1783607496970,2026-07-09 16:31:36.970,C3:00:00:63:4D:08,-60,127,4.5,2.0,1.5
1783607497385,2026-07-09 16:31:37.385,C3:00:00:63:4D:08,-53,127,4.5,2.0,1.5
1783607497472,2026-07-09 16:31:37.472,C3:00:00:63:4D:08,-61,127,4.5,2.0,1.5
1783607497586,2026-07-09 16:31:37.586,C3:00:00:63:4D:08,-60,127,4.5,2.0,1.5
1783607497678,2026-07-09 16:31:37.678,C3:00:00:63:4D:08,-53,127,4.5,2.0,1.5
1783607497785,2026-07-09 16:31:37.785,C3:00:00:63:4D:08,-61,127,4.5,2.0,1.5
1783607497885,2026-07-09 16:31:37.885,C3:00:00:63:4D:08,-60,127,4.5,2.0,1.5
1783607497987,2026-07-09 16:31:37.987,C3:00:00:63:4D:08,-53,127,4.5,2.0,1.5
1783607498064,2026-07-09 16:31:38.064,C3:00:00:63:4D:08,-61,127,4.5,2.0,1.5
1783607498088,2026-07-09 16:31:38.088,C3:00:00:63:4D:08,-61,127,4.5,2.0,1.5
1783607498187,2026-07-09 16:31:38.187,C3:00:00:63:4D:08,-60,127,4.5,2.0,1.5
1783607498254,2026-07-09 16:31:38.254,C3:00:00:63:4D:08,-53,127,4.5,2.0,1.5
1783607498289,2026-07-09 16:31:38.289,C3:00:00:63:4D:08,-53,127,4.5,2.0,1.5
1783607498398,2026-07-09 16:31:38.398,C3:00:00:63:4D:08,-61,127,4.5,2.0,1.5
1783607498472,2026-07-09 16:31:38.472,C3:00:00:63:4D:08,-67,127,4.5,2.0,1.5
1783607498501,2026-07-09 16:31:38.501,C3:00:00:63:4D:08,-60,127,4.5,2.0,1.5
1783607498600,2026-07-09 16:31:38.600,C3:00:00:63:4D:08,-53,127,4.5,2.0,1.5
1783607498706,2026-07-09 16:31:38.706,C3:00:00:63:4D:08,-61,127,4.5,2.0,1.5
1783607498802,2026-07-09 16:31:38.802,C3:00:00:63:4D:08,-60,127,4.5,2.0,1.5
1783607498914,2026-07-09 16:31:38.914,C3:00:00:63:4D:08,-53,127,4.5,2.0,1.5
1783607498946,2026-07-09 16:31:38.946,C3:00:00:63:4D:08,-53,127,4.5,2.0,1.5
1783607499112,2026-07-09 16:31:39.112,C3:00:00:63:4D:08,-60,127,4.5,2.0,1.5
1783607499223,2026-07-09 16:31:39.223,C3:00:00:63:4D:08,-53,127,4.5,2.0,1.5
1783607499321,2026-07-09 16:31:39.321,C3:00:00:63:4D:08,-61,127,4.5,2.0,1.5
1783607499414,2026-07-09 16:31:39.414,C3:00:00:63:4D:08,-60,127,4.5,2.0,1.5
1783607499721,2026-07-09 16:31:39.721,C3:00:00:63:4D:08,-59,127,4.5,2.0,1.5
1783607499817,2026-07-09 16:31:39.817,C3:00:00:63:4D:08,-53,127,4.5,2.0,1.5
1783607499924,2026-07-09 16:31:39.924,C3:00:00:63:4D:08,-62,127,4.5,2.0,1.5
1783607500028,2026-07-09 16:31:40.028,C3:00:00:63:4D:08,-59,127,4.5,2.0,1.5
1783607500147,2026-07-09 16:31:40.147,C3:00:00:63:4D:08,-53,127,4.5,2.0,1.5
1783607500239,2026-07-09 16:31:40.239,C3:00:00:63:4D:08,-62,127,4.5,2.0,1.5
1783607500331,2026-07-09 16:31:40.331,C3:00:00:63:4D:08,-59,127,4.5,2.0,1.5
1783607500433,2026-07-09 16:31:40.433,C3:00:00:63:4D:08,-53,127,4.5,2.0,1.5
1783607500535,2026-07-09 16:31:40.535,C3:00:00:63:4D:08,-62,127,4.5,2.0,1.5
1783607500651,2026-07-09 16:31:40.651,C3:00:00:63:4D:08,-59,127,4.5,2.0,1.5
1783607500740,2026-07-09 16:31:40.740,C3:00:00:63:4D:08,-53,127,4.5,2.0,1.5
1783607500842,2026-07-09 16:31:40.842,C3:00:00:63:4D:08,-62,127,4.5,2.0,1.5
1783607500965,2026-07-09 16:31:40.965,C3:00:00:63:4D:08,-53,127,4.5,2.0,1.5
1783607501058,2026-07-09 16:31:41.058,C3:00:00:63:4D:08,-53,127,4.5,2.0,1.5
1783607501450,2026-07-09 16:31:41.450,C3:00:00:63:4D:08,-60,127,4.5,2.0,1.5
1783607501556,2026-07-09 16:31:41.556,C3:00:00:63:4D:08,-53,127,4.5,2.0,1.5
1783607501665,2026-07-09 16:31:41.665,C3:00:00:63:4D:08,-61,127,4.5,2.0,1.5
1783607501769,2026-07-09 16:31:41.769,C3:00:00:63:4D:08,-60,127,4.5,2.0,1.5
1783607501871,2026-07-09 16:31:41.871,C3:00:00:63:4D:08,-53,127,4.5,2.0,1.5
1783607501968,2026-07-09 16:31:41.968,C3:00:00:63:4D:08,-61,127,4.5,2.0,1.5
1783607502066,2026-07-09 16:31:42.066,C3:00:00:63:4D:08,-60,127,4.5,2.0,1.5
1783607502079,2026-07-09 16:31:42.079,C3:00:00:63:4D:08,-60,127,4.5,2.0,1.5
1783607502275,2026-07-09 16:31:42.275,C3:00:00:63:4D:08,-61,127,4.5,2.0,1.5
1783607502473,2026-07-09 16:31:42.473,C3:00:00:63:4D:08,-60,127,4.5,2.0,1.5
1783607502497,2026-07-09 16:31:42.497,C3:00:00:63:4D:08,-53,127,4.5,2.0,1.5
1783607502584,2026-07-09 16:31:42.584,C3:00:00:63:4D:08,-61,127,4.5,2.0,1.5
1783607502670,2026-07-09 16:31:42.670,C3:00:00:63:4D:08,-60,127,4.5,2.0,1.5
1783607502884,2026-07-09 16:31:42.884,C3:00:00:63:4D:08,-61,127,4.5,2.0,1.5
1783607502960,2026-07-09 16:31:42.960,C3:00:00:63:4D:08,-60,127,4.5,2.0,1.5
1783607503001,2026-07-09 16:31:43.001,C3:00:00:63:4D:08,-59,127,4.5,2.0,1.5
1783607503091,2026-07-09 16:31:43.091,C3:00:00:63:4D:08,-53,127,4.5,2.0,1.5
1783607503286,2026-07-09 16:31:43.286,C3:00:00:63:4D:08,-60,127,4.5,2.0,1.5
1783607503596,2026-07-09 16:31:43.596,C3:00:00:63:4D:08,-60,127,4.5,2.0,1.5
1783607503699,2026-07-09 16:31:43.699,C3:00:00:63:4D:08,-53,127,4.5,2.0,1.5
1783607503809,2026-07-09 16:31:43.809,C3:00:00:63:4D:08,-61,127,4.5,2.0,1.5
1783607503904,2026-07-09 16:31:43.904,C3:00:00:63:4D:08,-60,127,4.5,2.0,1.5
1783607504006,2026-07-09 16:31:44.006,C3:00:00:63:4D:08,-53,127,4.5,2.0,1.5
1783607504092,2026-07-09 16:31:44.092,C3:00:00:63:4D:08,-61,127,4.5,2.0,1.5
1783607504111,2026-07-09 16:31:44.111,C3:00:00:63:4D:08,-61,127,4.5,2.0,1.5
1783607504208,2026-07-09 16:31:44.208,C3:00:00:63:4D:08,-60,127,4.5,2.0,1.5
1783607504319,2026-07-09 16:31:44.319,C3:00:00:63:4D:08,-53,127,4.5,2.0,1.5
1783607504406,2026-07-09 16:31:44.406,C3:00:00:63:4D:08,-61,127,4.5,2.0,1.5
1783607504513,2026-07-09 16:31:44.513,C3:00:00:63:4D:08,-60,127,4.5,2.0,1.5
1783607504622,2026-07-09 16:31:44.622,C3:00:00:63:4D:08,-53,127,4.5,2.0,1.5
1783607504832,2026-07-09 16:31:44.832,C3:00:00:63:4D:08,-60,127,4.5,2.0,1.5
1783607504928,2026-07-09 16:31:44.928,C3:00:00:63:4D:08,-53,127,4.5,2.0,1.5
1783607504966,2026-07-09 16:31:44.966,C3:00:00:63:4D:08,-61,127,4.5,2.0,1.5
1783607505027,2026-07-09 16:31:45.027,C3:00:00:63:4D:08,-61,127,4.5,2.0,1.5
1783607505132,2026-07-09 16:31:45.132,C3:00:00:63:4D:08,-59,127,4.5,2.0,1.5
1783607505234,2026-07-09 16:31:45.234,C3:00:00:63:4D:08,-53,127,4.5,2.0,1.5
1783607505333,2026-07-09 16:31:45.333,C3:00:00:63:4D:08,-61,127,4.5,2.0,1.5
1783607505434,2026-07-09 16:31:45.434,C3:00:00:63:4D:08,-59,127,4.5,2.0,1.5
1783607505537,2026-07-09 16:31:45.537,C3:00:00:63:4D:08,-53,127,4.5,2.0,1.5
1783607505632,2026-07-09 16:31:45.632,C3:00:00:63:4D:08,-61,127,4.5,2.0,1.5
1783607505745,2026-07-09 16:31:45.745,C3:00:00:63:4D:08,-60,127,4.5,2.0,1.5
1783607505842,2026-07-09 16:31:45.842,C3:00:00:63:4D:08,-53,127,4.5,2.0,1.5
1783607506103,2026-07-09 16:31:46.103,C3:00:00:63:4D:08,-53,127,4.5,2.0,1.5
1783607506245,2026-07-09 16:31:46.245,C3:00:00:63:4D:08,-61,127,4.5,2.0,1.5
1783607506360,2026-07-09 16:31:46.360,C3:00:00:63:4D:08,-53,127,4.5,2.0,1.5
1783607506464,2026-07-09 16:31:46.464,C3:00:00:63:4D:08,-61,127,4.5,2.0,1.5
1783607506469,2026-07-09 16:31:46.469,C3:00:00:63:4D:08,-68,127,4.5,2.0,1.5
1783607506551,2026-07-09 16:31:46.551,C3:00:00:63:4D:08,-60,127,4.5,2.0,1.5
1783607506663,2026-07-09 16:31:46.663,C3:00:00:63:4D:08,-53,127,4.5,2.0,1.5
1783607506756,2026-07-09 16:31:46.756,C3:00:00:63:4D:08,-61,127,4.5,2.0,1.5
1783607506864,2026-07-09 16:31:46.864,C3:00:00:63:4D:08,-60,127,4.5,2.0,1.5
1783607506984,2026-07-09 16:31:46.984,C3:00:00:63:4D:08,-53,127,4.5,2.0,1.5
1783607507063,2026-07-09 16:31:47.063,C3:00:00:63:4D:08,-61,127,4.5,2.0,1.5
1783607507173,2026-07-09 16:31:47.173,C3:00:00:63:4D:08,-59,127,4.5,2.0,1.5
1783607507275,2026-07-09 16:31:47.275,C3:00:00:63:4D:08,-53,127,4.5,2.0,1.5
1783607507369,2026-07-09 16:31:47.369,C3:00:00:63:4D:08,-61,127,4.5,2.0,1.5
1783607507471,2026-07-09 16:31:47.471,C3:00:00:63:4D:08,-60,127,4.5,2.0,1.5
1783607507583,2026-07-09 16:31:47.583,C3:00:00:63:4D:08,-53,127,4.5,2.0,1.5
1783607507681,2026-07-09 16:31:47.681,C3:00:00:63:4D:08,-61,127,4.5,2.0,1.5
1783607507885,2026-07-09 16:31:47.885,C3:00:00:63:4D:08,-53,127,4.5,2.0,1.5
1783607507984,2026-07-09 16:31:47.984,C3:00:00:63:4D:08,-61,127,4.5,2.0,1.5
1783607508082,2026-07-09 16:31:48.082,C3:00:00:63:4D:08,-60,127,4.5,2.0,1.5
1783607508101,2026-07-09 16:31:48.101,C3:00:00:63:4D:08,-60,127,4.5,2.0,1.5
1783607508182,2026-07-09 16:31:48.182,C3:00:00:63:4D:08,-53,127,4.5,2.0,1.5
1783607508388,2026-07-09 16:31:48.388,C3:00:00:63:4D:08,-60,127,4.5,2.0,1.5
1783607508516,2026-07-09 16:31:48.516,C3:00:00:63:4D:08,-53,127,4.5,2.0,1.5
1783607508800,2026-07-09 16:31:48.800,C3:00:00:63:4D:08,-53,127,4.5,2.0,1.5
1783607508907,2026-07-09 16:31:48.907,C3:00:00:63:4D:08,-61,127,4.5,2.0,1.5
1783607508970,2026-07-09 16:31:48.970,C3:00:00:63:4D:08,-60,127,4.5,2.0,1.5
1783607509111,2026-07-09 16:31:49.111,C3:00:00:63:4D:08,-53,127,4.5,2.0,1.5
1783607509316,2026-07-09 16:31:49.316,C3:00:00:63:4D:08,-59,127,4.5,2.0,1.5
1783607509413,2026-07-09 16:31:49.413,C3:00:00:63:4D:08,-53,127,4.5,2.0,1.5
1783607509610,2026-07-09 16:31:49.610,C3:00:00:63:4D:08,-60,127,4.5,2.0,1.5
1783607509720,2026-07-09 16:31:49.720,C3:00:00:63:4D:08,-53,127,4.5,2.0,1.5
1783607510023,2026-07-09 16:31:50.023,C3:00:00:63:4D:08,-53,127,4.5,2.0,1.5
1783607510225,2026-07-09 16:31:50.225,C3:00:00:63:4D:08,-60,127,4.5,2.0,1.5
1783607510284,2026-07-09 16:31:50.284,C3:00:00:63:4D:08,-53,127,4.5,2.0,1.5
1783607510324,2026-07-09 16:31:50.324,C3:00:00:63:4D:08,-53,127,4.5,2.0,1.5
1783607510475,2026-07-09 16:31:50.475,C3:00:00:63:4D:08,-68,127,4.5,2.0,1.5
1783607510535,2026-07-09 16:31:50.535,C3:00:00:63:4D:08,-60,127,4.5,2.0,1.5
1783607510731,2026-07-09 16:31:50.731,C3:00:00:63:4D:08,-61,127,4.5,2.0,1.5
1783607510839,2026-07-09 16:31:50.839,C3:00:00:63:4D:08,-60,127,4.5,2.0,1.5
1783607510939,2026-07-09 16:31:50.939,C3:00:00:63:4D:08,-53,127,4.5,2.0,1.5
1783607510975,2026-07-09 16:31:50.975,C3:00:00:63:4D:08,-61,127,4.5,2.0,1.5
1783607511042,2026-07-09 16:31:51.042,C3:00:00:63:4D:08,-61,127,4.5,2.0,1.5
1783607511148,2026-07-09 16:31:51.148,C3:00:00:63:4D:08,-60,127,4.5,2.0,1.5
1783607511346,2026-07-09 16:31:51.346,C3:00:00:63:4D:08,-61,127,4.5,2.0,1.5
1783607511448,2026-07-09 16:31:51.448,C3:00:00:63:4D:08,-53,127,4.5,2.0,1.5
1783607511665,2026-07-09 16:31:51.665,C3:00:00:63:4D:08,-60,127,4.5,2.0,1.5
1783607511760,2026-07-09 16:31:51.760,C3:00:00:63:4D:08,-53,127,4.5,2.0,1.5
1783607511858,2026-07-09 16:31:51.858,C3:00:00:63:4D:08,-61,127,4.5,2.0,1.5
1783607511963,2026-07-09 16:31:51.963,C3:00:00:63:4D:08,-60,127,4.5,2.0,1.5
1783607512058,2026-07-09 16:31:52.058,C3:00:00:63:4D:08,-53,127,4.5,2.0,1.5
1783607512120,2026-07-09 16:31:52.120,C3:00:00:63:4D:08,-53,127,4.5,2.0,1.5
1783607512166,2026-07-09 16:31:52.166,C3:00:00:63:4D:08,-61,127,4.5,2.0,1.5
1783607512270,2026-07-09 16:31:52.270,C3:00:00:63:4D:08,-60,127,4.5,2.0,1.5
1783607512370,2026-07-09 16:31:52.370,C3:00:00:63:4D:08,-53,127,4.5,2.0,1.5
1783607512469,2026-07-09 16:31:52.469,C3:00:00:63:4D:08,-61,127,4.5,2.0,1.5
1783607512581,2026-07-09 16:31:52.581,C3:00:00:63:4D:08,-60,127,4.5,2.0,1.5
1783607512678,2026-07-09 16:31:52.678,C3:00:00:63:4D:08,-53,127,4.5,2.0,1.5
1783607512779,2026-07-09 16:31:52.779,C3:00:00:63:4D:08,-61,127,4.5,2.0,1.5
1783607512880,2026-07-09 16:31:52.880,C3:00:00:63:4D:08,-60,127,4.5,2.0,1.5
1783607512981,2026-07-09 16:31:52.981,C3:00:00:63:4D:08,-53,127,4.5,2.0,1.5
1783607513080,2026-07-09 16:31:53.080,C3:00:00:63:4D:08,-61,127,4.5,2.0,1.5
1783607513295,2026-07-09 16:31:53.295,C3:00:00:63:4D:08,-53,127,4.5,2.0,1.5
1783607513393,2026-07-09 16:31:53.393,C3:00:00:63:4D:08,-61,127,4.5,2.0,1.5
1783607513488,2026-07-09 16:31:53.488,C3:00:00:63:4D:08,-60,127,4.5,2.0,1.5
1783607513600,2026-07-09 16:31:53.600,C3:00:00:63:4D:08,-53,127,4.5,2.0,1.5
1783607513696,2026-07-09 16:31:53.696,C3:00:00:63:4D:08,-61,127,4.5,2.0,1.5
1783607513793,2026-07-09 16:31:53.793,C3:00:00:63:4D:08,-60,127,4.5,2.0,1.5
1783607514144,2026-07-09 16:31:54.144,C3:00:00:63:4D:08,-62,127,4.5,2.0,1.5
1783607514408,2026-07-09 16:31:54.408,C3:00:00:63:4D:08,-59,127,4.5,2.0,1.5
1783607514473,2026-07-09 16:31:54.473,C3:00:00:63:4D:08,-60,127,4.5,2.0,1.5
1783607514513,2026-07-09 16:31:54.513,C3:00:00:63:4D:08,-52,127,4.5,2.0,1.5
1783607514608,2026-07-09 16:31:54.608,C3:00:00:63:4D:08,-60,127,4.5,2.0,1.5
1783607514716,2026-07-09 16:31:54.716,C3:00:00:63:4D:08,-58,127,4.5,2.0,1.5
1783607514829,2026-07-09 16:31:54.829,C3:00:00:63:4D:08,-52,127,4.5,2.0,1.5
1783607514915,2026-07-09 16:31:54.915,C3:00:00:63:4D:08,-60,127,4.5,2.0,1.5
1783607515025,2026-07-09 16:31:55.025,C3:00:00:63:4D:08,-59,127,4.5,2.0,1.5
1783607515125,2026-07-09 16:31:55.125,C3:00:00:63:4D:08,-52,127,4.5,2.0,1.5
1783607515225,2026-07-09 16:31:55.225,C3:00:00:63:4D:08,-60,127,4.5,2.0,1.5
1783607515339,2026-07-09 16:31:55.339,C3:00:00:63:4D:08,-59,127,4.5,2.0,1.5
1783607515424,2026-07-09 16:31:55.424,C3:00:00:63:4D:08,-52,127,4.5,2.0,1.5
1783607515632,2026-07-09 16:31:55.632,C3:00:00:63:4D:08,-59,127,4.5,2.0,1.5
1783607515741,2026-07-09 16:31:55.741,C3:00:00:63:4D:08,-52,127,4.5,2.0,1.5
1783607515830,2026-07-09 16:31:55.830,C3:00:00:63:4D:08,-60,127,4.5,2.0,1.5
1783607515942,2026-07-09 16:31:55.942,C3:00:00:63:4D:08,-59,127,4.5,2.0,1.5
1783607516042,2026-07-09 16:31:56.042,C3:00:00:63:4D:08,-52,127,4.5,2.0,1.5
1783607516141,2026-07-09 16:31:56.141,C3:00:00:63:4D:08,-60,127,4.5,2.0,1.5
1783607516170,2026-07-09 16:31:56.170,C3:00:00:63:4D:08,-60,127,4.5,2.0,1.5
1783607516237,2026-07-09 16:31:56.237,C3:00:00:63:4D:08,-59,127,4.5,2.0,1.5
1783607516552,2026-07-09 16:31:56.552,C3:00:00:63:4D:08,-59,127,4.5,2.0,1.5
1783607516752,2026-07-09 16:31:56.752,C3:00:00:63:4D:08,-59,127,4.5,2.0,1.5
1783607516860,2026-07-09 16:31:56.860,C3:00:00:63:4D:08,-52,127,4.5,2.0,1.5
1783607516957,2026-07-09 16:31:56.957,C3:00:00:63:4D:08,-60,127,4.5,2.0,1.5
1783607516998,2026-07-09 16:31:56.998,C3:00:00:63:4D:08,-60,127,4.5,2.0,1.5
1783607517056,2026-07-09 16:31:57.056,C3:00:00:63:4D:08,-59,127,4.5,2.0,1.5
1783607517160,2026-07-09 16:31:57.160,C3:00:00:63:4D:08,-52,127,4.5,2.0,1.5
1783607517271,2026-07-09 16:31:57.271,C3:00:00:63:4D:08,-60,127,4.5,2.0,1.5
1783607517374,2026-07-09 16:31:57.374,C3:00:00:63:4D:08,-59,127,4.5,2.0,1.5
1783607517674,2026-07-09 16:31:57.674,C3:00:00:63:4D:08,-60,127,4.5,2.0,1.5
1783607517778,2026-07-09 16:31:57.778,C3:00:00:63:4D:08,-52,127,4.5,2.0,1.5
1783607517975,2026-07-09 16:31:57.975,C3:00:00:63:4D:08,-60,127,4.5,2.0,1.5
1783607518084,2026-07-09 16:31:58.084,C3:00:00:63:4D:08,-52,127,4.5,2.0,1.5
1783607518303,2026-07-09 16:31:58.303,C3:00:00:63:4D:08,-60,127,4.5,2.0,1.5
1783607518385,2026-07-09 16:31:58.385,C3:00:00:63:4D:08,-52,127,4.5,2.0,1.5
1783607518479,2026-07-09 16:31:58.479,C3:00:00:63:4D:08,-69,127,4.5,2.0,1.5
1783607519022,2026-07-09 16:31:59.022,C3:00:00:63:4D:08,-52,127,4.5,2.0,1.5
1783607519198,2026-07-09 16:31:59.198,C3:00:00:63:4D:08,-59,127,4.5,2.0,1.5
1783607519514,2026-07-09 16:31:59.514,C3:00:00:63:4D:08,-58,127,4.5,2.0,1.5
1783607519820,2026-07-09 16:31:59.820,C3:00:00:63:4D:08,-59,127,4.5,2.0,1.5
1783607519922,2026-07-09 16:31:59.922,C3:00:00:63:4D:08,-52,127,4.5,2.0,1.5
1783607520019,2026-07-09 16:32:00.019,C3:00:00:63:4D:08,-61,127,4.5,2.0,1.5
1783607520168,2026-07-09 16:32:00.168,C3:00:00:63:4D:08,-53,127,4.5,2.0,1.5
1783607520219,2026-07-09 16:32:00.219,C3:00:00:63:4D:08,-52,127,4.5,2.0,1.5
1783607520319,2026-07-09 16:32:00.319,C3:00:00:63:4D:08,-61,127,4.5,2.0,1.5
1783607520424,2026-07-09 16:32:00.424,C3:00:00:63:4D:08,-59,127,4.5,2.0,1.5
1783607520533,2026-07-09 16:32:00.533,C3:00:00:63:4D:08,-52,127,4.5,2.0,1.5
1783607520629,2026-07-09 16:32:00.629,C3:00:00:63:4D:08,-61,127,4.5,2.0,1.5
1783607520727,2026-07-09 16:32:00.727,C3:00:00:63:4D:08,-59,127,4.5,2.0,1.5
1783607521014,2026-07-09 16:32:01.014,C3:00:00:63:4D:08,-59,127,4.5,2.0,1.5
1783607521135,2026-07-09 16:32:01.135,C3:00:00:63:4D:08,-52,127,4.5,2.0,1.5
1783607521244,2026-07-09 16:32:01.244,C3:00:00:63:4D:08,-61,127,4.5,2.0,1.5
1783607521754,2026-07-09 16:32:01.754,C3:00:00:63:4D:08,-61,127,4.5,2.0,1.5
1783607521856,2026-07-09 16:32:01.856,C3:00:00:63:4D:08,-58,127,4.5,2.0,1.5
1783607521948,2026-07-09 16:32:01.948,C3:00:00:63:4D:08,-53,127,4.5,2.0,1.5
